event_id,case_run_id,submission_version,timestamp,actor,event_type,stage,previous_state,new_state,rule_id,reason_code,evidence_reference,details_json,execution_id
EVT-AUTH-001-DOCUMENT_EXTRACTION-1790354583347,,15,,,UTILITY_CHECK_COMPLETED,DOCUMENT_EXTRACTION,,,,,,"{""result_id"":null,""case_run_id"":""AUTH-001"",""submission_version"":1,""sequence"":null,""agent_id"":null,""utility_name"":null,""check_type"":""DOCUMENT_EXTRACTION"",""status"":null,""findings_json"":null,""reason_codes"":null,""evidence_references"":null,""confidence"":null,""human_review_required"":false,""recommended_next_step"":null,""rule_ids"":null,""rule_status_used"":null,""created_at"":null,""superseded"":null,""id"":1,""createdAt"":""2026-09-25T16:35:48.629Z"",""updatedAt"":""2026-09-25T16:37:54.475Z""}",62
EVT-AUTH-001-BUSINESS_VALIDATION-1790354805151,,15,,,UTILITY_CHECK_COMPLETED,BUSINESS_VALIDATION,,,,,,"{""result_id"":null,""case_run_id"":""AUTH-001"",""submission_version"":1,""sequence"":null,""agent_id"":null,""utility_name"":null,""check_type"":""BUSINESS_VALIDATION"",""status"":null,""findings_json"":null,""reason_codes"":null,""evidence_references"":null,""confidence"":null,""human_review_required"":false,""recommended_next_step"":null,""rule_ids"":null,""rule_status_used"":null,""created_at"":null,""superseded"":null,""id"":1,""createdAt"":""2026-09-25T16:35:48.629Z"",""updatedAt"":""2026-09-25T16:46:45.057Z""}",64
EVT-AUTH-001-IDENTITY_VALIDATION-1790354863474,,15,,,UTILITY_CHECK_COMPLETED,IDENTITY_VALIDATION,,,,,,"{""result_id"":null,""case_run_id"":""AUTH-001"",""submission_version"":1,""sequence"":null,""agent_id"":null,""utility_name"":null,""check_type"":""IDENTITY_VALIDATION"",""status"":null,""findings_json"":null,""reason_codes"":null,""evidence_references"":null,""confidence"":null,""human_review_required"":false,""recommended_next_step"":null,""rule_ids"":null,""rule_status_used"":null,""created_at"":null,""superseded"":null,""id"":1,""createdAt"":""2026-09-25T16:35:48.629Z"",""updatedAt"":""2026-09-25T16:47:43.414Z""}",66
EVT-AUTH-001-AUTHORITY_VALIDATION-1790354915674,,15,,,UTILITY_CHECK_COMPLETED,AUTHORITY_VALIDATION,,,,,,"{""result_id"":null,""case_run_id"":""AUTH-001"",""submission_version"":1,""sequence"":null,""agent_id"":null,""utility_name"":null,""check_type"":""AUTHORITY_VALIDATION"",""status"":null,""findings_json"":null,""reason_codes"":null,""evidence_references"":null,""confidence"":null,""human_review_required"":false,""recommended_next_step"":null,""rule_ids"":null,""rule_status_used"":null,""created_at"":null,""superseded"":null,""id"":1,""createdAt"":""2026-09-25T16:35:48.629Z"",""updatedAt"":""2026-09-25T16:48:35.621Z""}",68
EVT-AUTH-001-SYSTEM_DATA_CHECK-1790354965838,,15,,,UTILITY_CHECK_COMPLETED,SYSTEM_DATA_CHECK,,,,,,"{""result_id"":null,""case_run_id"":""AUTH-001"",""submission_version"":1,""sequence"":null,""agent_id"":null,""utility_name"":null,""check_type"":""SYSTEM_DATA_CHECK"",""status"":null,""findings_json"":null,""reason_codes"":null,""evidence_references"":null,""confidence"":null,""human_review_required"":false,""recommended_next_step"":null,""rule_ids"":null,""rule_status_used"":null,""created_at"":null,""superseded"":null,""id"":1,""createdAt"":""2026-09-25T16:35:48.629Z"",""updatedAt"":""2026-09-25T16:49:25.772Z""}",70
EVT-AUTH-001-FINANCIAL_CHECK-1790355029348,,15,,,UTILITY_CHECK_COMPLETED,FINANCIAL_CHECK,,,,,,"{""result_id"":null,""case_run_id"":""AUTH-001"",""submission_version"":1,""sequence"":null,""agent_id"":null,""utility_name"":null,""check_type"":""FINANCIAL_CHECK"",""status"":null,""findings_json"":null,""reason_codes"":null,""evidence_references"":null,""confidence"":null,""human_review_required"":false,""recommended_next_step"":null,""rule_ids"":null,""rule_status_used"":null,""created_at"":null,""superseded"":null,""id"":1,""createdAt"":""2026-09-25T16:35:48.629Z"",""updatedAt"":""2026-09-25T16:50:29.293Z""}",72
EVT-AUTH-001-FINAL_VERIFICATION-1790355083974,,15,,,UTILITY_CHECK_COMPLETED,FINAL_VERIFICATION,,,,,,"{""result_id"":null,""case_run_id"":""AUTH-001"",""submission_version"":1,""sequence"":null,""agent_id"":null,""utility_name"":null,""check_type"":""FINAL_VERIFICATION"",""status"":null,""findings_json"":null,""reason_codes"":null,""evidence_references"":null,""confidence"":null,""human_review_required"":false,""recommended_next_step"":null,""rule_ids"":null,""rule_status_used"":null,""created_at"":null,""superseded"":null,""id"":1,""createdAt"":""2026-09-25T16:35:48.629Z"",""updatedAt"":""2026-09-25T16:51:23.915Z""}",74
EVT-AUTH-001-DOCUMENT_EXTRACTION-1790355369197,,15,,,UTILITY_CHECK_COMPLETED,DOCUMENT_EXTRACTION,,,,,,"{""result_id"":null,""case_run_id"":""AUTH-001"",""submission_version"":1,""sequence"":null,""agent_id"":null,""utility_name"":null,""check_type"":""DOCUMENT_EXTRACTION"",""status"":null,""findings_json"":null,""reason_codes"":null,""evidence_references"":null,""confidence"":null,""human_review_required"":false,""recommended_next_step"":null,""rule_ids"":null,""rule_status_used"":null,""created_at"":null,""superseded"":null,""id"":1,""createdAt"":""2026-09-25T16:35:48.629Z"",""updatedAt"":""2026-09-25T16:56:09.126Z""}",77
EVT-AUTH-001-BUSINESS_VALIDATION-1790355868934,,15,,,UTILITY_CHECK_COMPLETED,BUSINESS_VALIDATION,,,,,,"{""result_id"":null,""case_run_id"":""AUTH-001"",""submission_version"":1,""sequence"":null,""agent_id"":null,""utility_name"":null,""check_type"":""BUSINESS_VALIDATION"",""status"":null,""findings_json"":null,""reason_codes"":null,""evidence_references"":null,""confidence"":null,""human_review_required"":false,""recommended_next_step"":null,""rule_ids"":null,""rule_status_used"":null,""created_at"":null,""superseded"":null,""id"":1,""createdAt"":""2026-09-25T16:35:48.629Z"",""updatedAt"":""2026-09-25T17:04:28.876Z""}",80
EVT-AUTH-001-BUSINESS_VALIDATION-1790355920796,,15,,,UTILITY_CHECK_COMPLETED,BUSINESS_VALIDATION,,,,,,"{""result_id"":null,""case_run_id"":""AUTH-001"",""submission_version"":1,""sequence"":null,""agent_id"":null,""utility_name"":null,""check_type"":""BUSINESS_VALIDATION"",""status"":null,""findings_json"":null,""reason_codes"":null,""evidence_references"":null,""confidence"":null,""human_review_required"":false,""recommended_next_step"":null,""rule_ids"":null,""rule_status_used"":null,""created_at"":null,""superseded"":null,""id"":1,""createdAt"":""2026-09-25T16:35:48.629Z"",""updatedAt"":""2026-09-25T17:05:20.730Z""}",82
EVT-AUTH-001-IDENTITY_VALIDATION-1790356055641,,15,,,UTILITY_CHECK_COMPLETED,IDENTITY_VALIDATION,,,,,,"{""result_id"":null,""case_run_id"":""AUTH-001"",""submission_version"":1,""sequence"":null,""agent_id"":null,""utility_name"":null,""check_type"":""IDENTITY_VALIDATION"",""status"":null,""findings_json"":null,""reason_codes"":null,""evidence_references"":null,""confidence"":null,""human_review_required"":false,""recommended_next_step"":null,""rule_ids"":null,""rule_status_used"":null,""created_at"":null,""superseded"":null,""id"":1,""createdAt"":""2026-09-25T16:35:48.629Z"",""updatedAt"":""2026-09-25T17:07:35.579Z""}",85
EVT-AUTH-001-AUTHORITY_VALIDATION-1790356208706,,15,,,UTILITY_CHECK_COMPLETED,AUTHORITY_VALIDATION,,,,,,"{""result_id"":null,""case_run_id"":""AUTH-001"",""submission_version"":1,""sequence"":null,""agent_id"":null,""utility_name"":null,""check_type"":""AUTHORITY_VALIDATION"",""status"":null,""findings_json"":null,""reason_codes"":null,""evidence_references"":null,""confidence"":null,""human_review_required"":false,""recommended_next_step"":null,""rule_ids"":null,""rule_status_used"":null,""created_at"":null,""superseded"":null,""id"":1,""createdAt"":""2026-09-25T16:35:48.629Z"",""updatedAt"":""2026-09-25T17:10:08.654Z""}",88
EVT-AUTH-001-SYSTEM_DATA_CHECK-1790356351859,,15,,,UTILITY_CHECK_COMPLETED,SYSTEM_DATA_CHECK,,,,,,"{""result_id"":null,""case_run_id"":""AUTH-001"",""submission_version"":1,""sequence"":null,""agent_id"":null,""utility_name"":null,""check_type"":""SYSTEM_DATA_CHECK"",""status"":null,""findings_json"":null,""reason_codes"":null,""evidence_references"":null,""confidence"":null,""human_review_required"":false,""recommended_next_step"":null,""rule_ids"":null,""rule_status_used"":null,""created_at"":null,""superseded"":null,""id"":1,""createdAt"":""2026-09-25T16:35:48.629Z"",""updatedAt"":""2026-09-25T17:12:31.799Z""}",91
EVT-AUTH-001-FINANCIAL_CHECK-1790356476223,,15,,,UTILITY_CHECK_COMPLETED,FINANCIAL_CHECK,,,,,,"{""result_id"":null,""case_run_id"":""AUTH-001"",""submission_version"":1,""sequence"":null,""agent_id"":null,""utility_name"":null,""check_type"":""FINANCIAL_CHECK"",""status"":null,""findings_json"":null,""reason_codes"":null,""evidence_references"":null,""confidence"":null,""human_review_required"":false,""recommended_next_step"":null,""rule_ids"":null,""rule_status_used"":null,""created_at"":null,""superseded"":null,""id"":1,""createdAt"":""2026-09-25T16:35:48.629Z"",""updatedAt"":""2026-09-25T17:14:36.155Z""}",94
EVT-AUTH-001-FINAL_VERIFICATION-1790356605399,,15,,,UTILITY_CHECK_COMPLETED,FINAL_VERIFICATION,,,,,,"{""result_id"":null,""case_run_id"":""AUTH-001"",""submission_version"":1,""sequence"":null,""agent_id"":null,""utility_name"":null,""check_type"":""FINAL_VERIFICATION"",""status"":null,""findings_json"":null,""reason_codes"":null,""evidence_references"":null,""confidence"":null,""human_review_required"":false,""recommended_next_step"":null,""rule_ids"":null,""rule_status_used"":null,""created_at"":null,""superseded"":null,""id"":1,""createdAt"":""2026-09-25T16:35:48.629Z"",""updatedAt"":""2026-09-25T17:16:45.313Z""}",97
EVT-AUTH-001-DOCUMENT_EXTRACTION-1790356943078,,15,,,UTILITY_CHECK_COMPLETED,DOCUMENT_EXTRACTION,,,,,,"{""result_id"":null,""case_run_id"":""AUTH-001"",""submission_version"":1,""sequence"":null,""agent_id"":null,""utility_name"":null,""check_type"":""DOCUMENT_EXTRACTION"",""status"":null,""findings_json"":null,""reason_codes"":null,""evidence_references"":null,""confidence"":null,""human_review_required"":false,""recommended_next_step"":null,""rule_ids"":null,""rule_status_used"":null,""created_at"":null,""superseded"":null,""id"":1,""createdAt"":""2026-09-25T16:35:48.629Z"",""updatedAt"":""2026-09-25T17:22:23.023Z""}",102
EVT-AUTH-001-BUSINESS_VALIDATION-1790356943544,,15,,,UTILITY_CHECK_COMPLETED,BUSINESS_VALIDATION,,,,,,"{""result_id"":null,""case_run_id"":""AUTH-001"",""submission_version"":1,""sequence"":null,""agent_id"":null,""utility_name"":null,""check_type"":""BUSINESS_VALIDATION"",""status"":null,""findings_json"":null,""reason_codes"":null,""evidence_references"":null,""confidence"":null,""human_review_required"":false,""recommended_next_step"":null,""rule_ids"":null,""rule_status_used"":null,""created_at"":null,""superseded"":null,""id"":1,""createdAt"":""2026-09-25T16:35:48.629Z"",""updatedAt"":""2026-09-25T17:22:23.462Z""}",103
EVT-AUTH-001-IDENTITY_VALIDATION-1790356944003,,15,,,UTILITY_CHECK_COMPLETED,IDENTITY_VALIDATION,,,,,,"{""result_id"":null,""case_run_id"":""AUTH-001"",""submission_version"":1,""sequence"":null,""agent_id"":null,""utility_name"":null,""check_type"":""IDENTITY_VALIDATION"",""status"":null,""findings_json"":null,""reason_codes"":null,""evidence_references"":null,""confidence"":null,""human_review_required"":false,""recommended_next_step"":null,""rule_ids"":null,""rule_status_used"":null,""created_at"":null,""superseded"":null,""id"":1,""createdAt"":""2026-09-25T16:35:48.629Z"",""updatedAt"":""2026-09-25T17:22:23.930Z""}",104
EVT-AUTH-001-AUTHORITY_VALIDATION-1790356944415,,15,,,UTILITY_CHECK_COMPLETED,AUTHORITY_VALIDATION,,,,,,"{""result_id"":null,""case_run_id"":""AUTH-001"",""submission_version"":1,""sequence"":null,""agent_id"":null,""utility_name"":null,""check_type"":""AUTHORITY_VALIDATION"",""status"":null,""findings_json"":null,""reason_codes"":null,""evidence_references"":null,""confidence"":null,""human_review_required"":false,""recommended_next_step"":null,""rule_ids"":null,""rule_status_used"":null,""created_at"":null,""superseded"":null,""id"":1,""createdAt"":""2026-09-25T16:35:48.629Z"",""updatedAt"":""2026-09-25T17:22:24.348Z""}",105
EVT-AUTH-001-SYSTEM_DATA_CHECK-1790356944851,,15,,,UTILITY_CHECK_COMPLETED,SYSTEM_DATA_CHECK,,,,,,"{""result_id"":null,""case_run_id"":""AUTH-001"",""submission_version"":1,""sequence"":null,""agent_id"":null,""utility_name"":null,""check_type"":""SYSTEM_DATA_CHECK"",""status"":null,""findings_json"":null,""reason_codes"":null,""evidence_references"":null,""confidence"":null,""human_review_required"":false,""recommended_next_step"":null,""rule_ids"":null,""rule_status_used"":null,""created_at"":null,""superseded"":null,""id"":1,""createdAt"":""2026-09-25T16:35:48.629Z"",""updatedAt"":""2026-09-25T17:22:24.775Z""}",106
EVT-AUTH-001-FINANCIAL_CHECK-1790356945253,,15,,,UTILITY_CHECK_COMPLETED,FINANCIAL_CHECK,,,,,,"{""result_id"":null,""case_run_id"":""AUTH-001"",""submission_version"":1,""sequence"":null,""agent_id"":null,""utility_name"":null,""check_type"":""FINANCIAL_CHECK"",""status"":null,""findings_json"":null,""reason_codes"":null,""evidence_references"":null,""confidence"":null,""human_review_required"":false,""recommended_next_step"":null,""rule_ids"":null,""rule_status_used"":null,""created_at"":null,""superseded"":null,""id"":1,""createdAt"":""2026-09-25T16:35:48.629Z"",""updatedAt"":""2026-09-25T17:22:25.195Z""}",107
EVT-AUTH-001-FINAL_VERIFICATION-1790356945649,,15,,,UTILITY_CHECK_COMPLETED,FINAL_VERIFICATION,,,,,,"{""result_id"":null,""case_run_id"":""AUTH-001"",""submission_version"":1,""sequence"":null,""agent_id"":null,""utility_name"":null,""check_type"":""FINAL_VERIFICATION"",""status"":null,""findings_json"":null,""reason_codes"":null,""evidence_references"":null,""confidence"":null,""human_review_required"":false,""recommended_next_step"":null,""rule_ids"":null,""rule_status_used"":null,""created_at"":null,""superseded"":null,""id"":1,""createdAt"":""2026-09-25T16:35:48.629Z"",""updatedAt"":""2026-09-25T17:22:25.593Z""}",108
EVT-AUTH-001-DOCUMENT_EXTRACTION-1790361774210,,15,,,UTILITY_CHECK_COMPLETED,DOCUMENT_EXTRACTION,,,,,,"{""result_id"":null,""case_run_id"":""AUTH-001"",""submission_version"":1,""sequence"":null,""agent_id"":null,""utility_name"":null,""check_type"":""DOCUMENT_EXTRACTION"",""status"":null,""findings_json"":null,""reason_codes"":null,""evidence_references"":null,""confidence"":null,""human_review_required"":false,""recommended_next_step"":null,""rule_ids"":null,""rule_status_used"":null,""created_at"":null,""superseded"":null,""id"":1,""createdAt"":""2026-09-25T16:35:48.629Z"",""updatedAt"":""2026-09-25T18:42:54.143Z""}",154
EVT-AUTH-001-BUSINESS_VALIDATION-1790361774608,,15,,,UTILITY_CHECK_COMPLETED,BUSINESS_VALIDATION,,,,,,"{""result_id"":null,""case_run_id"":""AUTH-001"",""submission_version"":1,""sequence"":null,""agent_id"":null,""utility_name"":null,""check_type"":""BUSINESS_VALIDATION"",""status"":null,""findings_json"":null,""reason_codes"":null,""evidence_references"":null,""confidence"":null,""human_review_required"":false,""recommended_next_step"":null,""rule_ids"":null,""rule_status_used"":null,""created_at"":null,""superseded"":null,""id"":1,""createdAt"":""2026-09-25T16:35:48.629Z"",""updatedAt"":""2026-09-25T18:42:54.550Z""}",155
EVT-AUTH-001-IDENTITY_VALIDATION-1790361774974,,15,,,UTILITY_CHECK_COMPLETED,IDENTITY_VALIDATION,,,,,,"{""result_id"":null,""case_run_id"":""AUTH-001"",""submission_version"":1,""sequence"":null,""agent_id"":null,""utility_name"":null,""check_type"":""IDENTITY_VALIDATION"",""status"":null,""findings_json"":null,""reason_codes"":null,""evidence_references"":null,""confidence"":null,""human_review_required"":false,""recommended_next_step"":null,""rule_ids"":null,""rule_status_used"":null,""created_at"":null,""superseded"":null,""id"":1,""createdAt"":""2026-09-25T16:35:48.629Z"",""updatedAt"":""2026-09-25T18:42:54.904Z""}",156
EVT-AUTH-001-AUTHORITY_VALIDATION-1790361775429,,15,,,UTILITY_CHECK_COMPLETED,AUTHORITY_VALIDATION,,,,,,"{""result_id"":null,""case_run_id"":""AUTH-001"",""submission_version"":1,""sequence"":null,""agent_id"":null,""utility_name"":null,""check_type"":""AUTHORITY_VALIDATION"",""status"":null,""findings_json"":null,""reason_codes"":null,""evidence_references"":null,""confidence"":null,""human_review_required"":false,""recommended_next_step"":null,""rule_ids"":null,""rule_status_used"":null,""created_at"":null,""superseded"":null,""id"":1,""createdAt"":""2026-09-25T16:35:48.629Z"",""updatedAt"":""2026-09-25T18:42:55.359Z""}",157
EVT-AUTH-001-SYSTEM_DATA_CHECK-1790361775799,,15,,,UTILITY_CHECK_COMPLETED,SYSTEM_DATA_CHECK,,,,,,"{""result_id"":null,""case_run_id"":""AUTH-001"",""submission_version"":1,""sequence"":null,""agent_id"":null,""utility_name"":null,""check_type"":""SYSTEM_DATA_CHECK"",""status"":null,""findings_json"":null,""reason_codes"":null,""evidence_references"":null,""confidence"":null,""human_review_required"":false,""recommended_next_step"":null,""rule_ids"":null,""rule_status_used"":null,""created_at"":null,""superseded"":null,""id"":1,""createdAt"":""2026-09-25T16:35:48.629Z"",""updatedAt"":""2026-09-25T18:42:55.734Z""}",158
EVT-AUTH-001-FINANCIAL_CHECK-1790361776185,,15,,,UTILITY_CHECK_COMPLETED,FINANCIAL_CHECK,,,,,,"{""result_id"":null,""case_run_id"":""AUTH-001"",""submission_version"":1,""sequence"":null,""agent_id"":null,""utility_name"":null,""check_type"":""FINANCIAL_CHECK"",""status"":null,""findings_json"":null,""reason_codes"":null,""evidence_references"":null,""confidence"":null,""human_review_required"":false,""recommended_next_step"":null,""rule_ids"":null,""rule_status_used"":null,""created_at"":null,""superseded"":null,""id"":1,""createdAt"":""2026-09-25T16:35:48.629Z"",""updatedAt"":""2026-09-25T18:42:56.120Z""}",159
EVT-AUTH-001-FINAL_VERIFICATION-1790361776605,,15,,,UTILITY_CHECK_COMPLETED,FINAL_VERIFICATION,,,,,,"{""result_id"":null,""case_run_id"":""AUTH-001"",""submission_version"":1,""sequence"":null,""agent_id"":null,""utility_name"":null,""check_type"":""FINAL_VERIFICATION"",""status"":null,""findings_json"":null,""reason_codes"":null,""evidence_references"":null,""confidence"":null,""human_review_required"":false,""recommended_next_step"":null,""rule_ids"":null,""rule_status_used"":null,""created_at"":null,""superseded"":null,""id"":1,""createdAt"":""2026-09-25T16:35:48.629Z"",""updatedAt"":""2026-09-25T18:42:56.527Z""}",160
EVT-AUTH-001-IDENTITY_VALIDATION-1790362674664,,15,,,UTILITY_CHECK_COMPLETED,IDENTITY_VALIDATION,,,,,,"{""result_id"":null,""case_run_id"":""AUTH-001"",""submission_version"":1,""sequence"":null,""agent_id"":null,""utility_name"":null,""check_type"":""IDENTITY_VALIDATION"",""status"":null,""findings_json"":null,""reason_codes"":null,""evidence_references"":null,""confidence"":null,""human_review_required"":false,""recommended_next_step"":null,""rule_ids"":null,""rule_status_used"":null,""created_at"":null,""superseded"":null,""id"":1,""createdAt"":""2026-09-25T16:35:48.629Z"",""updatedAt"":""2026-09-25T18:57:54.611Z""}",185
EVT-AUTH-001-AUTHORITY_VALIDATION-1790362675049,,15,,,UTILITY_CHECK_COMPLETED,AUTHORITY_VALIDATION,,,,,,"{""result_id"":null,""case_run_id"":""AUTH-001"",""submission_version"":1,""sequence"":null,""agent_id"":null,""utility_name"":null,""check_type"":""AUTHORITY_VALIDATION"",""status"":null,""findings_json"":null,""reason_codes"":null,""evidence_references"":null,""confidence"":null,""human_review_required"":false,""recommended_next_step"":null,""rule_ids"":null,""rule_status_used"":null,""created_at"":null,""superseded"":null,""id"":1,""createdAt"":""2026-09-25T16:35:48.629Z"",""updatedAt"":""2026-09-25T18:57:54.991Z""}",186
EVT-AUTH-001-SYSTEM_DATA_CHECK-1790362675442,,15,,,UTILITY_CHECK_COMPLETED,SYSTEM_DATA_CHECK,,,,,,"{""result_id"":null,""case_run_id"":""AUTH-001"",""submission_version"":1,""sequence"":null,""agent_id"":null,""utility_name"":null,""check_type"":""SYSTEM_DATA_CHECK"",""status"":null,""findings_json"":null,""reason_codes"":null,""evidence_references"":null,""confidence"":null,""human_review_required"":false,""recommended_next_step"":null,""rule_ids"":null,""rule_status_used"":null,""created_at"":null,""superseded"":null,""id"":1,""createdAt"":""2026-09-25T16:35:48.629Z"",""updatedAt"":""2026-09-25T18:57:55.388Z""}",187
EVT-AUTH-001-FINANCIAL_CHECK-1790362675808,,15,,,UTILITY_CHECK_COMPLETED,FINANCIAL_CHECK,,,,,,"{""result_id"":null,""case_run_id"":""AUTH-001"",""submission_version"":1,""sequence"":null,""agent_id"":null,""utility_name"":null,""check_type"":""FINANCIAL_CHECK"",""status"":null,""findings_json"":null,""reason_codes"":null,""evidence_references"":null,""confidence"":null,""human_review_required"":false,""recommended_next_step"":null,""rule_ids"":null,""rule_status_used"":null,""created_at"":null,""superseded"":null,""id"":1,""createdAt"":""2026-09-25T16:35:48.629Z"",""updatedAt"":""2026-09-25T18:57:55.751Z""}",188
EVT-AUTH-001-FINAL_VERIFICATION-1790362676203,,15,,,UTILITY_CHECK_COMPLETED,FINAL_VERIFICATION,,,,,,"{""result_id"":null,""case_run_id"":""AUTH-001"",""submission_version"":1,""sequence"":null,""agent_id"":null,""utility_name"":null,""check_type"":""FINAL_VERIFICATION"",""status"":null,""findings_json"":null,""reason_codes"":null,""evidence_references"":null,""confidence"":null,""human_review_required"":false,""recommended_next_step"":null,""rule_ids"":null,""rule_status_used"":null,""created_at"":null,""superseded"":null,""id"":1,""createdAt"":""2026-09-25T16:35:48.629Z"",""updatedAt"":""2026-09-25T18:57:56.136Z""}",189
EVT-AUTH-001-DOCUMENT_EXTRACTION-1790362942112,,15,,,UTILITY_CHECK_COMPLETED,DOCUMENT_EXTRACTION,,,,,,"{""result_id"":null,""case_run_id"":""AUTH-001"",""submission_version"":1,""sequence"":null,""agent_id"":null,""utility_name"":null,""check_type"":""DOCUMENT_EXTRACTION"",""status"":null,""findings_json"":null,""reason_codes"":null,""evidence_references"":null,""confidence"":null,""human_review_required"":false,""recommended_next_step"":null,""rule_ids"":null,""rule_status_used"":null,""created_at"":null,""superseded"":null,""id"":1,""createdAt"":""2026-09-25T16:35:48.629Z"",""updatedAt"":""2026-09-25T19:02:22.046Z""}",191
EVT-AUTH-001-BUSINESS_VALIDATION-1790362978999,,15,,,UTILITY_CHECK_COMPLETED,BUSINESS_VALIDATION,,,,,,"{""result_id"":null,""case_run_id"":""AUTH-001"",""submission_version"":1,""sequence"":null,""agent_id"":null,""utility_name"":null,""check_type"":""BUSINESS_VALIDATION"",""status"":null,""findings_json"":null,""reason_codes"":null,""evidence_references"":null,""confidence"":null,""human_review_required"":false,""recommended_next_step"":null,""rule_ids"":null,""rule_status_used"":null,""created_at"":null,""superseded"":null,""id"":1,""createdAt"":""2026-09-25T16:35:48.629Z"",""updatedAt"":""2026-09-25T19:02:58.940Z""}",192
EVT-AUTH-001-BUSINESS_VALIDATION-1790363081910,,15,,,BUSINESS_VALIDATION,BUSINESS_VALIDATION,,,,,,"{""result_id"":null,""case_run_id"":""AUTH-001"",""submission_version"":1,""sequence"":null,""agent_id"":null,""utility_name"":null,""check_type"":""BUSINESS_VALIDATION"",""status"":null,""findings_json"":null,""reason_codes"":null,""evidence_references"":null,""confidence"":null,""human_review_required"":false,""recommended_next_step"":null,""rule_ids"":null,""rule_status_used"":null,""created_at"":null,""superseded"":null,""id"":1,""createdAt"":""2026-09-25T16:35:48.629Z"",""updatedAt"":""2026-09-25T19:02:58.940Z""}",193
EVT-AUTH-001-DOCUMENT_EXTRACTION-1790363159739,,15,,,UTILITY_CHECK_COMPLETED,DOCUMENT_EXTRACTION,,,,,,"{""result_id"":null,""case_run_id"":""AUTH-001"",""submission_version"":1,""sequence"":null,""agent_id"":null,""utility_name"":null,""check_type"":""DOCUMENT_EXTRACTION"",""status"":null,""findings_json"":null,""reason_codes"":null,""evidence_references"":null,""confidence"":null,""human_review_required"":false,""recommended_next_step"":null,""rule_ids"":null,""rule_status_used"":null,""created_at"":null,""superseded"":null,""id"":1,""createdAt"":""2026-09-25T16:35:48.629Z"",""updatedAt"":""2026-09-25T19:05:59.663Z""}",194
EVT-AUTH-001-BUSINESS_VALIDATION-1790363286715,,15,,,UTILITY_CHECK_COMPLETED,BUSINESS_VALIDATION,,,,,,"{""result_id"":null,""case_run_id"":""AUTH-001"",""submission_version"":1,""sequence"":null,""agent_id"":null,""utility_name"":null,""check_type"":""BUSINESS_VALIDATION"",""status"":null,""findings_json"":null,""reason_codes"":null,""evidence_references"":null,""confidence"":null,""human_review_required"":false,""recommended_next_step"":null,""rule_ids"":null,""rule_status_used"":null,""created_at"":null,""superseded"":null,""id"":1,""createdAt"":""2026-09-25T16:35:48.629Z"",""updatedAt"":""2026-09-25T19:08:06.656Z""}",195
EVT-AUTH-001-IDENTITY_VALIDATION-1790363424299,,15,,,UTILITY_CHECK_COMPLETED,IDENTITY_VALIDATION,,,,,,"{""result_id"":null,""case_run_id"":""AUTH-001"",""submission_version"":1,""sequence"":null,""agent_id"":null,""utility_name"":null,""check_type"":""IDENTITY_VALIDATION"",""status"":null,""findings_json"":null,""reason_codes"":null,""evidence_references"":null,""confidence"":null,""human_review_required"":false,""recommended_next_step"":null,""rule_ids"":null,""rule_status_used"":null,""created_at"":null,""superseded"":null,""id"":1,""createdAt"":""2026-09-25T16:35:48.629Z"",""updatedAt"":""2026-09-25T19:10:24.218Z""}",196
EVT-AUTH-001-AUTHORITY_VALIDATION-1790363443497,,15,,,UTILITY_CHECK_COMPLETED,AUTHORITY_VALIDATION,,,,,,"{""result_id"":null,""case_run_id"":""AUTH-001"",""submission_version"":1,""sequence"":null,""agent_id"":null,""utility_name"":null,""check_type"":""AUTHORITY_VALIDATION"",""status"":null,""findings_json"":null,""reason_codes"":null,""evidence_references"":null,""confidence"":null,""human_review_required"":false,""recommended_next_step"":null,""rule_ids"":null,""rule_status_used"":null,""created_at"":null,""superseded"":null,""id"":1,""createdAt"":""2026-09-25T16:35:48.629Z"",""updatedAt"":""2026-09-25T19:10:43.434Z""}",197
EVT-AUTH-001-SYSTEM_DATA_CHECK-1790363471924,,15,,,UTILITY_CHECK_COMPLETED,SYSTEM_DATA_CHECK,,,,,,"{""result_id"":null,""case_run_id"":""AUTH-001"",""submission_version"":1,""sequence"":null,""agent_id"":null,""utility_name"":null,""check_type"":""SYSTEM_DATA_CHECK"",""status"":null,""findings_json"":null,""reason_codes"":null,""evidence_references"":null,""confidence"":null,""human_review_required"":false,""recommended_next_step"":null,""rule_ids"":null,""rule_status_used"":null,""created_at"":null,""superseded"":null,""id"":1,""createdAt"":""2026-09-25T16:35:48.629Z"",""updatedAt"":""2026-09-25T19:11:11.862Z""}",198
EVT-AUTH-001-FINANCIAL_CHECK-1790363502164,,15,,,UTILITY_CHECK_COMPLETED,FINANCIAL_CHECK,,,,,,"{""result_id"":null,""case_run_id"":""AUTH-001"",""submission_version"":1,""sequence"":null,""agent_id"":null,""utility_name"":null,""check_type"":""FINANCIAL_CHECK"",""status"":null,""findings_json"":null,""reason_codes"":null,""evidence_references"":null,""confidence"":null,""human_review_required"":false,""recommended_next_step"":null,""rule_ids"":null,""rule_status_used"":null,""created_at"":null,""superseded"":null,""id"":1,""createdAt"":""2026-09-25T16:35:48.629Z"",""updatedAt"":""2026-09-25T19:11:42.085Z""}",199
EVT-AUTH-001-FINAL_VERIFICATION-1790363519977,,15,,,UTILITY_CHECK_COMPLETED,FINAL_VERIFICATION,,,,,,"{""result_id"":null,""case_run_id"":""AUTH-001"",""submission_version"":1,""sequence"":null,""agent_id"":null,""utility_name"":null,""check_type"":""FINAL_VERIFICATION"",""status"":null,""findings_json"":null,""reason_codes"":null,""evidence_references"":null,""confidence"":null,""human_review_required"":false,""recommended_next_step"":null,""rule_ids"":null,""rule_status_used"":null,""created_at"":null,""superseded"":null,""id"":1,""createdAt"":""2026-09-25T16:35:48.629Z"",""updatedAt"":""2026-09-25T19:11:59.924Z""}",200
EVT-AUTH-001-BUSINESS_VALIDATION-1790364304446,,15,,,UTILITY_CHECK_COMPLETED,BUSINESS_VALIDATION,,,,,,"{""result_id"":null,""case_run_id"":""AUTH-001"",""submission_version"":1,""sequence"":null,""agent_id"":null,""utility_name"":null,""check_type"":""BUSINESS_VALIDATION"",""status"":null,""findings_json"":null,""reason_codes"":null,""evidence_references"":null,""confidence"":null,""human_review_required"":false,""recommended_next_step"":null,""rule_ids"":null,""rule_status_used"":null,""created_at"":null,""superseded"":null,""id"":1,""createdAt"":""2026-09-25T16:35:48.629Z"",""updatedAt"":""2026-09-25T19:25:04.378Z""}",201
EVT-AUTH-001-DOCUMENT_EXTRACTION-1790364778971,,15,,,UTILITY_CHECK_COMPLETED,DOCUMENT_EXTRACTION,,,,,,"{""result_id"":null,""case_run_id"":""AUTH-001"",""submission_version"":1,""sequence"":null,""agent_id"":null,""utility_name"":null,""check_type"":""DOCUMENT_EXTRACTION"",""status"":null,""findings_json"":null,""reason_codes"":null,""evidence_references"":null,""confidence"":null,""human_review_required"":false,""recommended_next_step"":null,""rule_ids"":null,""rule_status_used"":null,""created_at"":null,""superseded"":null,""id"":1,""createdAt"":""2026-09-25T16:35:48.629Z"",""updatedAt"":""2026-09-25T19:32:52.258Z""}",214
EVT-AUTH-001-DOCUMENT_EXTRACTION-1790364813621,AUTH-001,15,,,UTILITY_CHECK_COMPLETED,DOCUMENT_EXTRACTION,,,,,,"{""result_id"":null,""case_run_id"":""AUTH-001"",""submission_version"":1,""sequence"":null,""agent_id"":null,""utility_name"":null,""check_type"":""DOCUMENT_EXTRACTION"",""status"":null,""findings_json"":null,""reason_codes"":null,""evidence_references"":null,""confidence"":null,""human_review_required"":false,""recommended_next_step"":null,""rule_ids"":null,""rule_status_used"":null,""created_at"":null,""superseded"":null,""id"":1,""createdAt"":""2026-09-25T16:35:48.629Z"",""updatedAt"":""2026-09-25T19:32:52.258Z""}",215
EVT-AUTH-001-DOCUMENT_EXTRACTION-1790364821330,AUTH-001,15,2026-09-25T19:33:39.000Z,,UTILITY_CHECK_COMPLETED,DOCUMENT_EXTRACTION,,,,,,"{""result_id"":null,""case_run_id"":""AUTH-001"",""submission_version"":1,""sequence"":null,""agent_id"":null,""utility_name"":null,""check_type"":""DOCUMENT_EXTRACTION"",""status"":null,""findings_json"":null,""reason_codes"":null,""evidence_references"":null,""confidence"":null,""human_review_required"":false,""recommended_next_step"":null,""rule_ids"":null,""rule_status_used"":null,""created_at"":null,""superseded"":null,""id"":1,""createdAt"":""2026-09-25T16:35:48.629Z"",""updatedAt"":""2026-09-25T19:32:52.258Z""}",216
EVT-AUTH-001-DOCUMENT_EXTRACTION-1790364837741,AUTH-001,15,2026-09-25T19:33:39.000Z,,UTILITY_CHECK_COMPLETED,DOCUMENT_EXTRACTION,,,,,,"{""result_id"":null,""case_run_id"":""AUTH-001"",""submission_version"":1,""sequence"":null,""agent_id"":null,""utility_name"":null,""check_type"":""DOCUMENT_EXTRACTION"",""status"":null,""findings_json"":null,""reason_codes"":null,""evidence_references"":null,""confidence"":null,""human_review_required"":false,""recommended_next_step"":null,""rule_ids"":null,""rule_status_used"":null,""created_at"":null,""superseded"":null,""id"":1,""createdAt"":""2026-09-25T16:35:48.629Z"",""updatedAt"":""2026-09-25T19:33:57.677Z""}",217
EVT-AUTH-001-BUSINESS_VALIDATION-1790364896730,AUTH-001,15,2026-09-25T19:34:53.000Z,,UTILITY_CHECK_COMPLETED,BUSINESS_VALIDATION,,,,,,"{""result_id"":null,""case_run_id"":""AUTH-001"",""submission_version"":1,""sequence"":null,""agent_id"":null,""utility_name"":null,""check_type"":""BUSINESS_VALIDATION"",""status"":null,""findings_json"":null,""reason_codes"":null,""evidence_references"":null,""confidence"":null,""human_review_required"":false,""recommended_next_step"":null,""rule_ids"":null,""rule_status_used"":null,""created_at"":null,""superseded"":null,""id"":1,""createdAt"":""2026-09-25T16:35:48.629Z"",""updatedAt"":""2026-09-25T19:34:56.661Z""}",218
EVT-AUTH-001-DOCUMENT_EXTRACTION-1790364917586,AUTH-001,15,2026-09-25T19:33:39.000Z,,UTILITY_CHECK_COMPLETED,DOCUMENT_EXTRACTION,,,,,,"{""result_id"":null,""case_run_id"":""AUTH-001"",""submission_version"":1,""sequence"":null,""agent_id"":null,""utility_name"":null,""check_type"":""DOCUMENT_EXTRACTION"",""status"":null,""findings_json"":null,""reason_codes"":null,""evidence_references"":null,""confidence"":null,""human_review_required"":false,""recommended_next_step"":null,""rule_ids"":null,""rule_status_used"":null,""created_at"":null,""superseded"":null,""id"":1,""createdAt"":""2026-09-25T16:35:48.629Z"",""updatedAt"":""2026-09-25T19:35:17.506Z""}",219
EVT-AUTH-001-IDENTITY_VALIDATION-1790364957387,AUTH-001,15,2026-09-25T19:35:49.000Z,,UTILITY_CHECK_COMPLETED,IDENTITY_VALIDATION,,,,,,"{""result_id"":null,""case_run_id"":""AUTH-001"",""submission_version"":1,""sequence"":null,""agent_id"":null,""utility_name"":null,""check_type"":""IDENTITY_VALIDATION"",""status"":null,""findings_json"":null,""reason_codes"":null,""evidence_references"":null,""confidence"":null,""human_review_required"":false,""recommended_next_step"":null,""rule_ids"":null,""rule_status_used"":null,""created_at"":null,""superseded"":null,""id"":1,""createdAt"":""2026-09-25T16:35:48.629Z"",""updatedAt"":""2026-09-25T19:35:57.332Z""}",220
EVT-AUTH-001-IDENTITY_VALIDATION-1790365000730,AUTH-001,15,2026-09-25T19:35:49.000Z,,UTILITY_CHECK_COMPLETED,IDENTITY_VALIDATION,,,,,,"{""result_id"":null,""case_run_id"":""AUTH-001"",""submission_version"":1,""sequence"":null,""agent_id"":null,""utility_name"":null,""check_type"":""IDENTITY_VALIDATION"",""status"":null,""findings_json"":null,""reason_codes"":null,""evidence_references"":null,""confidence"":null,""human_review_required"":false,""recommended_next_step"":null,""rule_ids"":null,""rule_status_used"":null,""created_at"":null,""superseded"":null,""id"":1,""createdAt"":""2026-09-25T16:35:48.629Z"",""updatedAt"":""2026-09-25T19:35:57.332Z""}",221
EVT-AUTH-001-BUSINESS_VALIDATION-1790365067276,AUTH-001,15,2026-09-25T19:34:53.000Z,,UTILITY_CHECK_COMPLETED,BUSINESS_VALIDATION,,,,,,"{""result_id"":null,""case_run_id"":""AUTH-001"",""submission_version"":1,""sequence"":null,""agent_id"":null,""utility_name"":null,""check_type"":""BUSINESS_VALIDATION"",""status"":null,""findings_json"":null,""reason_codes"":null,""evidence_references"":null,""confidence"":null,""human_review_required"":false,""recommended_next_step"":null,""rule_ids"":null,""rule_status_used"":null,""created_at"":null,""superseded"":null,""id"":1,""createdAt"":""2026-09-25T16:35:48.629Z"",""updatedAt"":""2026-09-25T19:37:47.228Z""}",222
EVT-AUTH-001-DOCUMENT_EXTRACTION-1790365220634,AUTH-001,15,2026-09-25T19:33:39.000Z,,UTILITY_CHECK_COMPLETED,DOCUMENT_EXTRACTION,,,,,,"{""result_id"":null,""case_run_id"":""AUTH-001"",""submission_version"":1,""sequence"":null,""agent_id"":null,""utility_name"":null,""check_type"":""DOCUMENT_EXTRACTION"",""status"":null,""findings_json"":null,""reason_codes"":null,""evidence_references"":null,""confidence"":null,""human_review_required"":false,""recommended_next_step"":null,""rule_ids"":null,""rule_status_used"":null,""created_at"":null,""superseded"":null,""id"":1,""createdAt"":""2026-09-25T16:35:48.629Z"",""updatedAt"":""2026-09-25T19:40:20.576Z""}",224
EVT-AUTH-001-DOCUMENT_EXTRACTION-1790365754693,AUTH-001,15,2026-09-25T19:33:39.000Z,,UTILITY_CHECK_COMPLETED,DOCUMENT_EXTRACTION,,,,,,"{""result_id"":null,""case_run_id"":""AUTH-001"",""submission_version"":1,""sequence"":null,""agent_id"":null,""utility_name"":null,""check_type"":""DOCUMENT_EXTRACTION"",""status"":null,""findings_json"":null,""reason_codes"":null,""evidence_references"":null,""confidence"":null,""human_review_required"":false,""recommended_next_step"":null,""rule_ids"":null,""rule_status_used"":null,""created_at"":null,""superseded"":null,""id"":1,""createdAt"":""2026-09-25T16:35:48.629Z"",""updatedAt"":""2026-09-25T19:49:14.638Z""}",227
EVT-AUTH-001-DOCUMENT_EXTRACTION-1790365786546,AUTH-001,,2026-09-25T19:33:39.000Z,,UTILITY_CHECK_COMPLETED,DOCUMENT_EXTRACTION,,,,,,"{""result_id"":null,""case_run_id"":""AUTH-001"",""submission_version"":1,""sequence"":null,""agent_id"":null,""utility_name"":null,""check_type"":""DOCUMENT_EXTRACTION"",""status"":null,""findings_json"":null,""reason_codes"":null,""evidence_references"":null,""confidence"":null,""human_review_required"":false,""recommended_next_step"":null,""rule_ids"":null,""rule_status_used"":null,""created_at"":null,""superseded"":null,""id"":1,""createdAt"":""2026-09-25T16:35:48.629Z"",""updatedAt"":""2026-09-25T19:49:14.638Z""}",228
EVT-AUTH-001-DOCUMENT_EXTRACTION-1790365801892,AUTH-001,,2026-09-25T19:33:39.000Z,,UTILITY_CHECK_COMPLETED,DOCUMENT_EXTRACTION,,,,,,"{""result_id"":null,""case_run_id"":""AUTH-001"",""submission_version"":1,""sequence"":null,""agent_id"":null,""utility_name"":null,""check_type"":""DOCUMENT_EXTRACTION"",""status"":null,""findings_json"":null,""reason_codes"":null,""evidence_references"":null,""confidence"":null,""human_review_required"":false,""recommended_next_step"":null,""rule_ids"":null,""rule_status_used"":null,""created_at"":null,""superseded"":null,""id"":1,""createdAt"":""2026-09-25T16:35:48.629Z"",""updatedAt"":""2026-09-25T19:49:14.638Z""}",229
EVT-AUTH-001--1790367119144,AUTH-001,1,2026-09-25T20:08:50.000Z,,UTILITY_CHECK_COMPLETED,DOCUMENT_EXTRACTION,,,,,documents/AUTH-001,"{""result_id"":""RES-AUTH-001-1"",""case_run_id"":""AUTH-001"",""submission_version"":1,""sequence"":null,""agent_id"":null,""utility_name"":null,""check_type"":""DOCUMENT_EXTRACTION"",""status"":null,""findings_json"":""{\""documents_expected\"":3,\""documents_present\"":3,\""missing\"":[],\""all_readable\"":true}"",""reason_codes"":"""",""evidence_references"":""documents/AUTH-001"",""confidence"":null,""human_review_required"":false,""recommended_next_step"":null,""rule_ids"":"""",""rule_status_used"":null,""created_at"":""2026-09-25T20:06:02.000Z"",""superseded"":false,""id"":1,""createdAt"":""2026-09-25T16:35:48.629Z"",""updatedAt"":""2026-09-25T20:06:15.645Z""}",239
EVT-AUTH-001--1790367528900,AUTH-001,1,2026-09-25T20:08:50.000Z,,UTILITY_CHECK_COMPLETED,BUSINESS_VALIDATION,,,,B,Business_Register row for AU-DEMO-BIZ-1001,"{""result_id"":""RES-AUTH-001-2"",""case_run_id"":""AUTH-001"",""submission_version"":1,""sequence"":null,""agent_id"":null,""utility_name"":null,""check_type"":""BUSINESS_VALIDATION"",""status"":null,""findings_json"":""{\""lookup_status\"":\""SUCCESS\"",\""registration_status\"":\""ACTIVE\"",\""name_match\"":true,\""identifier_match\"":true}"",""reason_codes"":""BUSINESS_ACTIVE"",""evidence_references"":""Business_Register row for AU-DEMO-BIZ-1001"",""confidence"":null,""human_review_required"":false,""recommended_next_step"":null,""rule_ids"":""REG-001"",""rule_status_used"":null,""created_at"":""2026-09-25T20:06:02.000Z"",""superseded"":false,""id"":1,""createdAt"":""2026-09-25T16:35:48.629Z"",""updatedAt"":""2026-09-25T20:18:48.831Z""}",243
EVT-AUTH-001--1790367619810,AUTH-001,1,2026-09-25T20:08:50.000Z,,UTILITY_CHECK_COMPLETED,IDENTITY_VALIDATION,,,,I,documents/AUTH-001/AUTH-001_Identity_Profile.pdf,"{""result_id"":""RES-AUTH-001-3"",""case_run_id"":""AUTH-001"",""submission_version"":1,""sequence"":null,""agent_id"":null,""utility_name"":null,""check_type"":""IDENTITY_VALIDATION"",""status"":null,""findings_json"":""{\""name_match\"":true,\""identity_status\"":\""VALID_SYNTHETIC\"",\""expired\"":false}"",""reason_codes"":""IDENTITY_VERIFIED"",""evidence_references"":""documents/AUTH-001/AUTH-001_Identity_Profile.pdf"",""confidence"":null,""human_review_required"":false,""recommended_next_step"":null,""rule_ids"":""ID-001"",""rule_status_used"":null,""created_at"":""2026-09-25T20:06:02.000Z"",""superseded"":false,""id"":1,""createdAt"":""2026-09-25T16:35:48.629Z"",""updatedAt"":""2026-09-25T20:20:19.748Z""}",245
EVT-AUTH-001--1790367668236,AUTH-001,1,2026-09-25T20:08:50.000Z,,UTILITY_CHECK_COMPLETED,AUTHORITY_VALIDATION,,,,A,documents/AUTH-001/AUTH-001_AUTHORITY_LETTER.pdf,"{""result_id"":""RES-AUTH-001-4"",""case_run_id"":""AUTH-001"",""submission_version"":1,""sequence"":null,""agent_id"":null,""utility_name"":null,""check_type"":""AUTHORITY_VALIDATION"",""status"":null,""findings_json"":""{\""representative_named\"":true,\""account_management\"":true,\""service_ordering\"":true,\""contract_signing\"":true,\""scope\"":\""CLEAR\""}"",""reason_codes"":""AUTHORITY_SCOPE_CLEAR"",""evidence_references"":""documents/AUTH-001/AUTH-001_AUTHORITY_LETTER.pdf"",""confidence"":null,""human_review_required"":false,""recommended_next_step"":null,""rule_ids"":""AUTH-003"",""rule_status_used"":null,""created_at"":""2026-09-25T20:06:02.000Z"",""superseded"":false,""id"":1,""createdAt"":""2026-09-25T16:35:48.629Z"",""updatedAt"":""2026-09-25T20:21:08.148Z""}",247
EVT-AUTH-001--1790367719947,AUTH-001,1,2026-09-25T20:08:50.000Z,,UTILITY_CHECK_COMPLETED,SYSTEM_DATA_CHECK,,,,,CRM_Accounts record for CUST-DEMO-AU-1001,"{""result_id"":""RES-AUTH-001-5"",""case_run_id"":""AUTH-001"",""submission_version"":1,""sequence"":null,""agent_id"":null,""utility_name"":null,""check_type"":""SYSTEM_DATA_CHECK"",""status"":null,""findings_json"":""{\""pid_count\"":1,\""legal_name_consistent\"":true,\""open_duplicate_request\"":false}"",""reason_codes"":"""",""evidence_references"":""CRM_Accounts record for CUST-DEMO-AU-1001"",""confidence"":null,""human_review_required"":false,""recommended_next_step"":null,""rule_ids"":"""",""rule_status_used"":null,""created_at"":""2026-09-25T20:06:02.000Z"",""superseded"":false,""id"":1,""createdAt"":""2026-09-25T16:35:48.629Z"",""updatedAt"":""2026-09-25T20:21:59.884Z""}",249
EVT-AUTH-001--1790367796962,AUTH-001,1,2026-09-25T20:08:50.000Z,,UTILITY_CHECK_COMPLETED,FINANCIAL_CHECK,,,,F,Financial_Records record(s) for CUST-DEMO-AU-1001,"{""result_id"":""RES-AUTH-001-6"",""case_run_id"":""AUTH-001"",""submission_version"":1,""sequence"":null,""agent_id"":null,""utility_name"":null,""check_type"":""FINANCIAL_CHECK"",""status"":null,""findings_json"":""{\""credit_hold\"":false,\""total_outstanding\"":0,\""policy_exception\"":false}"",""reason_codes"":""FINANCIAL_CHECK_CLEAR"",""evidence_references"":""Financial_Records record(s) for CUST-DEMO-AU-1001"",""confidence"":null,""human_review_required"":false,""recommended_next_step"":null,""rule_ids"":""FIN-001"",""rule_status_used"":null,""created_at"":""2026-09-25T20:06:02.000Z"",""superseded"":false,""id"":1,""createdAt"":""2026-09-25T16:35:48.629Z"",""updatedAt"":""2026-09-25T20:23:16.905Z""}",251
EVT-AUTH-001--1790367863871,AUTH-001,1,2026-09-25T20:08:50.000Z,,UTILITY_CHECK_COMPLETED,FINAL_VERIFICATION,,,,F,Mock final verification result for AUTH-001,"{""result_id"":""RES-AUTH-001-7"",""case_run_id"":""AUTH-001"",""submission_version"":1,""sequence"":null,""agent_id"":null,""utility_name"":null,""check_type"":""FINAL_VERIFICATION"",""status"":null,""findings_json"":""{\""status\"":\""SUCCESSFUL\"",\""fraud_flag\"":false,\""manual_verification_required\"":false}"",""reason_codes"":""FINAL_VERIFICATION_SUCCESSFUL"",""evidence_references"":""Mock final verification result for AUTH-001"",""confidence"":null,""human_review_required"":false,""recommended_next_step"":null,""rule_ids"":""CMP-001"",""rule_status_used"":null,""created_at"":""2026-09-25T20:06:02.000Z"",""superseded"":false,""id"":1,""createdAt"":""2026-09-25T16:35:48.629Z"",""updatedAt"":""2026-09-25T20:24:23.806Z""}",253
EVT-AUTH-001--1790367916044,AUTH-001,1,2026-09-25T20:08:50.000Z,,UTILITY_CHECK_COMPLETED,DOCUMENT_EXTRACTION,,,,,documents/AUTH-001,"{""result_id"":""RES-AUTH-001-1"",""case_run_id"":""AUTH-001"",""submission_version"":1,""sequence"":null,""agent_id"":null,""utility_name"":null,""check_type"":""DOCUMENT_EXTRACTION"",""status"":null,""findings_json"":""{\""documents_expected\"":3,\""documents_present\"":3,\""missing\"":[],\""all_readable\"":true}"",""reason_codes"":"""",""evidence_references"":""documents/AUTH-001"",""confidence"":null,""human_review_required"":false,""recommended_next_step"":null,""rule_ids"":"""",""rule_status_used"":null,""created_at"":""2026-09-25T20:06:02.000Z"",""superseded"":false,""id"":1,""createdAt"":""2026-09-25T16:35:48.629Z"",""updatedAt"":""2026-09-25T20:25:15.973Z""}",255
EVT-AUTH-001--1790367947923,AUTH-001,1,2026-09-25T20:08:50.000Z,,UTILITY_CHECK_COMPLETED,DOCUMENT_EXTRACTION,,,,,documents/AUTH-001,"{""result_id"":""RES-AUTH-001-1"",""case_run_id"":""AUTH-001"",""submission_version"":1,""sequence"":null,""agent_id"":null,""utility_name"":null,""check_type"":""DOCUMENT_EXTRACTION"",""status"":null,""findings_json"":""{\""documents_expected\"":3,\""documents_present\"":3,\""missing\"":[],\""all_readable\"":true}"",""reason_codes"":"""",""evidence_references"":""documents/AUTH-001"",""confidence"":null,""human_review_required"":false,""recommended_next_step"":null,""rule_ids"":"""",""rule_status_used"":null,""created_at"":""2026-09-25T20:06:02.000Z"",""superseded"":false,""id"":1,""createdAt"":""2026-09-25T16:35:48.629Z"",""updatedAt"":""2026-09-25T20:25:47.860Z""}",258
EVT-AUTH-001--1790367965889,AUTH-001,1,2026-09-25T20:08:50.000Z,,UTILITY_CHECK_COMPLETED,DOCUMENT_EXTRACTION,,,,,documents/AUTH-001,"{""result_id"":""RES-AUTH-001-1"",""case_run_id"":""AUTH-001"",""submission_version"":1,""sequence"":null,""agent_id"":null,""utility_name"":null,""check_type"":""DOCUMENT_EXTRACTION"",""status"":null,""findings_json"":""{\""documents_expected\"":3,\""documents_present\"":3,\""missing\"":[],\""all_readable\"":true}"",""reason_codes"":"""",""evidence_references"":""documents/AUTH-001"",""confidence"":null,""human_review_required"":false,""recommended_next_step"":null,""rule_ids"":"""",""rule_status_used"":null,""created_at"":""2026-09-25T20:06:02.000Z"",""superseded"":false,""id"":1,""createdAt"":""2026-09-25T16:35:48.629Z"",""updatedAt"":""2026-09-25T20:26:05.818Z""}",261
EVT-AUTH-001--1790367992602,AUTH-001,1,2026-09-25T20:08:50.000Z,,UTILITY_CHECK_COMPLETED,DOCUMENT_EXTRACTION,,,,,documents/AUTH-001,"{""result_id"":""RES-AUTH-001-1"",""case_run_id"":""AUTH-001"",""submission_version"":1,""sequence"":null,""agent_id"":null,""utility_name"":null,""check_type"":""DOCUMENT_EXTRACTION"",""status"":null,""findings_json"":""{\""documents_expected\"":3,\""documents_present\"":3,\""missing\"":[],\""all_readable\"":true}"",""reason_codes"":"""",""evidence_references"":""documents/AUTH-001"",""confidence"":null,""human_review_required"":false,""recommended_next_step"":null,""rule_ids"":"""",""rule_status_used"":null,""created_at"":""2026-09-25T20:06:02.000Z"",""superseded"":false,""id"":1,""createdAt"":""2026-09-25T16:35:48.629Z"",""updatedAt"":""2026-09-25T20:26:32.512Z""}",264
EVT-AUTH-001--1790368033158,AUTH-001,1,2026-09-25T20:08:50.000Z,,UTILITY_CHECK_COMPLETED,DOCUMENT_EXTRACTION,,,,,documents/AUTH-001,"{""result_id"":""RES-AUTH-001-1"",""case_run_id"":""AUTH-001"",""submission_version"":1,""sequence"":null,""agent_id"":null,""utility_name"":null,""check_type"":""DOCUMENT_EXTRACTION"",""status"":null,""findings_json"":""{\""documents_expected\"":3,\""documents_present\"":3,\""missing\"":[],\""all_readable\"":true}"",""reason_codes"":"""",""evidence_references"":""documents/AUTH-001"",""confidence"":null,""human_review_required"":false,""recommended_next_step"":null,""rule_ids"":"""",""rule_status_used"":null,""created_at"":""2026-09-25T20:06:02.000Z"",""superseded"":false,""id"":1,""createdAt"":""2026-09-25T16:35:48.629Z"",""updatedAt"":""2026-09-25T20:27:13.076Z""}",267
EVT-AUTH-001--1790368053624,AUTH-001,1,2026-09-25T20:08:50.000Z,,UTILITY_CHECK_COMPLETED,DOCUMENT_EXTRACTION,,,,,documents/AUTH-001,"{""result_id"":""RES-AUTH-001-1"",""case_run_id"":""AUTH-001"",""submission_version"":1,""sequence"":null,""agent_id"":null,""utility_name"":null,""check_type"":""DOCUMENT_EXTRACTION"",""status"":null,""findings_json"":""{\""documents_expected\"":3,\""documents_present\"":3,\""missing\"":[],\""all_readable\"":true}"",""reason_codes"":"""",""evidence_references"":""documents/AUTH-001"",""confidence"":null,""human_review_required"":false,""recommended_next_step"":null,""rule_ids"":"""",""rule_status_used"":null,""created_at"":""2026-09-25T20:06:02.000Z"",""superseded"":false,""id"":1,""createdAt"":""2026-09-25T16:35:48.629Z"",""updatedAt"":""2026-09-25T20:27:33.543Z""}",270
EVT-AUTH-001--1790368068296,AUTH-001,1,2026-09-25T20:08:50.000Z,,UTILITY_CHECK_COMPLETED,DOCUMENT_EXTRACTION,,,,,documents/AUTH-001,"{""result_id"":""RES-AUTH-001-1"",""case_run_id"":""AUTH-001"",""submission_version"":1,""sequence"":null,""agent_id"":null,""utility_name"":null,""check_type"":""DOCUMENT_EXTRACTION"",""status"":null,""findings_json"":""{\""documents_expected\"":3,\""documents_present\"":3,\""missing\"":[],\""all_readable\"":true}"",""reason_codes"":"""",""evidence_references"":""documents/AUTH-001"",""confidence"":null,""human_review_required"":false,""recommended_next_step"":null,""rule_ids"":"""",""rule_status_used"":null,""created_at"":""2026-09-25T20:06:02.000Z"",""superseded"":false,""id"":1,""createdAt"":""2026-09-25T16:35:48.629Z"",""updatedAt"":""2026-09-25T20:27:48.219Z""}",273
EVT-AUTH-001--1790372159180,AUTH-001,1,2026-09-25T20:08:50.000Z,,UTILITY_CHECK_COMPLETED,FINAL_VERIFICATION,,,,F,Mock final verification result for AUTH-001,"{""result_id"":""RES-AUTH-001-7"",""case_run_id"":""AUTH-001"",""submission_version"":1,""sequence"":null,""agent_id"":null,""utility_name"":null,""check_type"":""FINAL_VERIFICATION"",""status"":null,""findings_json"":""{\""status\"":\""SUCCESSFUL\"",\""fraud_flag\"":false,\""manual_verification_required\"":false}"",""reason_codes"":""FINAL_VERIFICATION_SUCCESSFUL"",""evidence_references"":""Mock final verification result for AUTH-001"",""confidence"":null,""human_review_required"":false,""recommended_next_step"":null,""rule_ids"":""CMP-001"",""rule_status_used"":null,""created_at"":""2026-09-25T20:06:02.000Z"",""superseded"":false,""id"":1,""createdAt"":""2026-09-25T16:35:48.629Z"",""updatedAt"":""2026-09-25T21:35:59.101Z""}",343
EVT-AUTH-001--1790372166541,AUTH-001,1,2026-09-25T20:08:50.000Z,,UTILITY_CHECK_COMPLETED,DOCUMENT_EXTRACTION,,,,,documents/AUTH-001,"{""result_id"":""RES-AUTH-001-1"",""case_run_id"":""AUTH-001"",""submission_version"":1,""sequence"":null,""agent_id"":null,""utility_name"":null,""check_type"":""DOCUMENT_EXTRACTION"",""status"":null,""findings_json"":""{\""documents_expected\"":3,\""documents_present\"":3,\""missing\"":[],\""all_readable\"":true}"",""reason_codes"":"""",""evidence_references"":""documents/AUTH-001"",""confidence"":null,""human_review_required"":false,""recommended_next_step"":null,""rule_ids"":"""",""rule_status_used"":null,""created_at"":""2026-09-25T20:06:02.000Z"",""superseded"":false,""id"":1,""createdAt"":""2026-09-25T16:35:48.629Z"",""updatedAt"":""2026-09-25T21:36:06.490Z""}",345
EVT-AUTH-001--1790372167035,AUTH-001,1,2026-09-25T20:08:50.000Z,,UTILITY_CHECK_COMPLETED,DOCUMENT_EXTRACTION,,,,,documents/AUTH-001,"{""result_id"":""RES-AUTH-001-1"",""case_run_id"":""AUTH-001"",""submission_version"":1,""sequence"":null,""agent_id"":null,""utility_name"":null,""check_type"":""DOCUMENT_EXTRACTION"",""status"":null,""findings_json"":""{\""documents_expected\"":3,\""documents_present\"":3,\""missing\"":[],\""all_readable\"":true}"",""reason_codes"":"""",""evidence_references"":""documents/AUTH-001"",""confidence"":null,""human_review_required"":false,""recommended_next_step"":null,""rule_ids"":"""",""rule_status_used"":null,""created_at"":""2026-09-25T20:06:02.000Z"",""superseded"":false,""id"":1,""createdAt"":""2026-09-25T16:35:48.629Z"",""updatedAt"":""2026-09-25T21:36:06.963Z""}",346
EVT-AUTH-001--1790372167497,AUTH-001,1,2026-09-25T20:08:50.000Z,,UTILITY_CHECK_COMPLETED,DOCUMENT_EXTRACTION,,,,,documents/AUTH-001,"{""result_id"":""RES-AUTH-001-1"",""case_run_id"":""AUTH-001"",""submission_version"":1,""sequence"":null,""agent_id"":null,""utility_name"":null,""check_type"":""DOCUMENT_EXTRACTION"",""status"":null,""findings_json"":""{\""documents_expected\"":3,\""documents_present\"":3,\""missing\"":[],\""all_readable\"":true}"",""reason_codes"":"""",""evidence_references"":""documents/AUTH-001"",""confidence"":null,""human_review_required"":false,""recommended_next_step"":null,""rule_ids"":"""",""rule_status_used"":null,""created_at"":""2026-09-25T20:06:02.000Z"",""superseded"":false,""id"":1,""createdAt"":""2026-09-25T16:35:48.629Z"",""updatedAt"":""2026-09-25T21:36:07.439Z""}",347
EVT-AUTH-001--1790372167939,AUTH-001,1,2026-09-25T20:08:50.000Z,,UTILITY_CHECK_COMPLETED,DOCUMENT_EXTRACTION,,,,,documents/AUTH-001,"{""result_id"":""RES-AUTH-001-1"",""case_run_id"":""AUTH-001"",""submission_version"":1,""sequence"":null,""agent_id"":null,""utility_name"":null,""check_type"":""DOCUMENT_EXTRACTION"",""status"":null,""findings_json"":""{\""documents_expected\"":3,\""documents_present\"":3,\""missing\"":[],\""all_readable\"":true}"",""reason_codes"":"""",""evidence_references"":""documents/AUTH-001"",""confidence"":null,""human_review_required"":false,""recommended_next_step"":null,""rule_ids"":"""",""rule_status_used"":null,""created_at"":""2026-09-25T20:06:02.000Z"",""superseded"":false,""id"":1,""createdAt"":""2026-09-25T16:35:48.629Z"",""updatedAt"":""2026-09-25T21:36:07.889Z""}",348
EVT-AUTH-001--1790372168369,AUTH-001,1,2026-09-25T20:08:50.000Z,,UTILITY_CHECK_COMPLETED,DOCUMENT_EXTRACTION,,,,,documents/AUTH-001,"{""result_id"":""RES-AUTH-001-1"",""case_run_id"":""AUTH-001"",""submission_version"":1,""sequence"":null,""agent_id"":null,""utility_name"":null,""check_type"":""DOCUMENT_EXTRACTION"",""status"":null,""findings_json"":""{\""documents_expected\"":3,\""documents_present\"":3,\""missing\"":[],\""all_readable\"":true}"",""reason_codes"":"""",""evidence_references"":""documents/AUTH-001"",""confidence"":null,""human_review_required"":false,""recommended_next_step"":null,""rule_ids"":"""",""rule_status_used"":null,""created_at"":""2026-09-25T20:06:02.000Z"",""superseded"":false,""id"":1,""createdAt"":""2026-09-25T16:35:48.629Z"",""updatedAt"":""2026-09-25T21:36:08.320Z""}",349
EVT-AUTH-001--1790372168820,AUTH-001,1,2026-09-25T20:08:50.000Z,,UTILITY_CHECK_COMPLETED,DOCUMENT_EXTRACTION,,,,,documents/AUTH-001,"{""result_id"":""RES-AUTH-001-1"",""case_run_id"":""AUTH-001"",""submission_version"":1,""sequence"":null,""agent_id"":null,""utility_name"":null,""check_type"":""DOCUMENT_EXTRACTION"",""status"":null,""findings_json"":""{\""documents_expected\"":3,\""documents_present\"":3,\""missing\"":[],\""all_readable\"":true}"",""reason_codes"":"""",""evidence_references"":""documents/AUTH-001"",""confidence"":null,""human_review_required"":false,""recommended_next_step"":null,""rule_ids"":"""",""rule_status_used"":null,""created_at"":""2026-09-25T20:06:02.000Z"",""superseded"":false,""id"":1,""createdAt"":""2026-09-25T16:35:48.629Z"",""updatedAt"":""2026-09-25T21:36:08.763Z""}",350
EVT-AUTH-001--1790372169259,AUTH-001,1,2026-09-25T20:08:50.000Z,,UTILITY_CHECK_COMPLETED,DOCUMENT_EXTRACTION,,,,,documents/AUTH-001,"{""result_id"":""RES-AUTH-001-1"",""case_run_id"":""AUTH-001"",""submission_version"":1,""sequence"":null,""agent_id"":null,""utility_name"":null,""check_type"":""DOCUMENT_EXTRACTION"",""status"":null,""findings_json"":""{\""documents_expected\"":3,\""documents_present\"":3,\""missing\"":[],\""all_readable\"":true}"",""reason_codes"":"""",""evidence_references"":""documents/AUTH-001"",""confidence"":null,""human_review_required"":false,""recommended_next_step"":null,""rule_ids"":"""",""rule_status_used"":null,""created_at"":""2026-09-25T20:06:02.000Z"",""superseded"":false,""id"":1,""createdAt"":""2026-09-25T16:35:48.629Z"",""updatedAt"":""2026-09-25T21:36:09.208Z""}",351
EVT-AUTH-001--1790406041286,AUTH-001,1,2026-09-25T20:08:50.000Z,,UTILITY_CHECK_COMPLETED,DOCUMENT_EXTRACTION,,,,,documents/AUTH-001,"{""result_id"":""RES-AUTH-001-1"",""case_run_id"":""AUTH-001"",""submission_version"":1,""sequence"":null,""agent_id"":null,""utility_name"":null,""check_type"":""DOCUMENT_EXTRACTION"",""status"":null,""findings_json"":""{\""documents_expected\"":3,\""documents_present\"":3,\""missing\"":[],\""all_readable\"":true}"",""reason_codes"":"""",""evidence_references"":""documents/AUTH-001"",""confidence"":null,""human_review_required"":false,""recommended_next_step"":null,""rule_ids"":"""",""rule_status_used"":null,""created_at"":""2026-09-25T20:06:02.000Z"",""superseded"":false,""id"":1,""createdAt"":""2026-09-25T16:35:48.629Z"",""updatedAt"":""2026-09-26T07:00:41.189Z""}",422
EVT-AUTH-001--1790406041811,AUTH-001,1,2026-09-25T20:08:50.000Z,,UTILITY_CHECK_COMPLETED,DOCUMENT_EXTRACTION,,,,,documents/AUTH-001,"{""result_id"":""RES-AUTH-001-1"",""case_run_id"":""AUTH-001"",""submission_version"":1,""sequence"":null,""agent_id"":null,""utility_name"":null,""check_type"":""DOCUMENT_EXTRACTION"",""status"":null,""findings_json"":""{\""documents_expected\"":3,\""documents_present\"":3,\""missing\"":[],\""all_readable\"":true}"",""reason_codes"":"""",""evidence_references"":""documents/AUTH-001"",""confidence"":null,""human_review_required"":false,""recommended_next_step"":null,""rule_ids"":"""",""rule_status_used"":null,""created_at"":""2026-09-25T20:06:02.000Z"",""superseded"":false,""id"":1,""createdAt"":""2026-09-25T16:35:48.629Z"",""updatedAt"":""2026-09-26T07:00:41.721Z""}",423
EVT-AUTH-001--1790406042280,AUTH-001,1,2026-09-25T20:08:50.000Z,,UTILITY_CHECK_COMPLETED,DOCUMENT_EXTRACTION,,,,,documents/AUTH-001,"{""result_id"":""RES-AUTH-001-1"",""case_run_id"":""AUTH-001"",""submission_version"":1,""sequence"":null,""agent_id"":null,""utility_name"":null,""check_type"":""DOCUMENT_EXTRACTION"",""status"":null,""findings_json"":""{\""documents_expected\"":3,\""documents_present\"":3,\""missing\"":[],\""all_readable\"":true}"",""reason_codes"":"""",""evidence_references"":""documents/AUTH-001"",""confidence"":null,""human_review_required"":false,""recommended_next_step"":null,""rule_ids"":"""",""rule_status_used"":null,""created_at"":""2026-09-25T20:06:02.000Z"",""superseded"":false,""id"":1,""createdAt"":""2026-09-25T16:35:48.629Z"",""updatedAt"":""2026-09-26T07:00:42.226Z""}",424
EVT-AUTH-001--1790406042776,AUTH-001,1,2026-09-25T20:08:50.000Z,,UTILITY_CHECK_COMPLETED,DOCUMENT_EXTRACTION,,,,,documents/AUTH-001,"{""result_id"":""RES-AUTH-001-1"",""case_run_id"":""AUTH-001"",""submission_version"":1,""sequence"":null,""agent_id"":null,""utility_name"":null,""check_type"":""DOCUMENT_EXTRACTION"",""status"":null,""findings_json"":""{\""documents_expected\"":3,\""documents_present\"":3,\""missing\"":[],\""all_readable\"":true}"",""reason_codes"":"""",""evidence_references"":""documents/AUTH-001"",""confidence"":null,""human_review_required"":false,""recommended_next_step"":null,""rule_ids"":"""",""rule_status_used"":null,""created_at"":""2026-09-25T20:06:02.000Z"",""superseded"":false,""id"":1,""createdAt"":""2026-09-25T16:35:48.629Z"",""updatedAt"":""2026-09-26T07:00:42.699Z""}",425
EVT-AUTH-001--1790406061675,AUTH-001,1,2026-09-25T20:08:50.000Z,,UTILITY_CHECK_COMPLETED,DOCUMENT_EXTRACTION,,,,,documents/AUTH-001,"{""result_id"":""RES-AUTH-001-1"",""case_run_id"":""AUTH-001"",""submission_version"":1,""sequence"":null,""agent_id"":null,""utility_name"":null,""check_type"":""DOCUMENT_EXTRACTION"",""status"":null,""findings_json"":""{\""documents_expected\"":3,\""documents_present\"":3,\""missing\"":[],\""all_readable\"":true}"",""reason_codes"":"""",""evidence_references"":""documents/AUTH-001"",""confidence"":null,""human_review_required"":false,""recommended_next_step"":null,""rule_ids"":"""",""rule_status_used"":null,""created_at"":""2026-09-25T20:06:02.000Z"",""superseded"":false,""id"":1,""createdAt"":""2026-09-25T16:35:48.629Z"",""updatedAt"":""2026-09-26T07:01:01.604Z""}",428
EVT-AUTH-001--1790406062157,AUTH-001,1,2026-09-25T20:08:50.000Z,,UTILITY_CHECK_COMPLETED,DOCUMENT_EXTRACTION,,,,,documents/AUTH-001,"{""result_id"":""RES-AUTH-001-1"",""case_run_id"":""AUTH-001"",""submission_version"":1,""sequence"":null,""agent_id"":null,""utility_name"":null,""check_type"":""DOCUMENT_EXTRACTION"",""status"":null,""findings_json"":""{\""documents_expected\"":3,\""documents_present\"":3,\""missing\"":[],\""all_readable\"":true}"",""reason_codes"":"""",""evidence_references"":""documents/AUTH-001"",""confidence"":null,""human_review_required"":false,""recommended_next_step"":null,""rule_ids"":"""",""rule_status_used"":null,""created_at"":""2026-09-25T20:06:02.000Z"",""superseded"":false,""id"":1,""createdAt"":""2026-09-25T16:35:48.629Z"",""updatedAt"":""2026-09-26T07:01:02.093Z""}",429
EVT-AUTH-001--1790406062637,AUTH-001,1,2026-09-25T20:08:50.000Z,,UTILITY_CHECK_COMPLETED,DOCUMENT_EXTRACTION,,,,,documents/AUTH-001,"{""result_id"":""RES-AUTH-001-1"",""case_run_id"":""AUTH-001"",""submission_version"":1,""sequence"":null,""agent_id"":null,""utility_name"":null,""check_type"":""DOCUMENT_EXTRACTION"",""status"":null,""findings_json"":""{\""documents_expected\"":3,\""documents_present\"":3,\""missing\"":[],\""all_readable\"":true}"",""reason_codes"":"""",""evidence_references"":""documents/AUTH-001"",""confidence"":null,""human_review_required"":false,""recommended_next_step"":null,""rule_ids"":"""",""rule_status_used"":null,""created_at"":""2026-09-25T20:06:02.000Z"",""superseded"":false,""id"":1,""createdAt"":""2026-09-25T16:35:48.629Z"",""updatedAt"":""2026-09-26T07:01:02.545Z""}",430
EVT-AUTH-001--1790406063086,AUTH-001,1,2026-09-25T20:08:50.000Z,,UTILITY_CHECK_COMPLETED,DOCUMENT_EXTRACTION,,,,,documents/AUTH-001,"{""result_id"":""RES-AUTH-001-1"",""case_run_id"":""AUTH-001"",""submission_version"":1,""sequence"":null,""agent_id"":null,""utility_name"":null,""check_type"":""DOCUMENT_EXTRACTION"",""status"":null,""findings_json"":""{\""documents_expected\"":3,\""documents_present\"":3,\""missing\"":[],\""all_readable\"":true}"",""reason_codes"":"""",""evidence_references"":""documents/AUTH-001"",""confidence"":null,""human_review_required"":false,""recommended_next_step"":null,""rule_ids"":"""",""rule_status_used"":null,""created_at"":""2026-09-25T20:06:02.000Z"",""superseded"":false,""id"":1,""createdAt"":""2026-09-25T16:35:48.629Z"",""updatedAt"":""2026-09-26T07:01:03.025Z""}",431
EVT-AUTH-001--1790406063527,AUTH-001,1,2026-09-25T20:08:50.000Z,,UTILITY_CHECK_COMPLETED,DOCUMENT_EXTRACTION,,,,,documents/AUTH-001,"{""result_id"":""RES-AUTH-001-1"",""case_run_id"":""AUTH-001"",""submission_version"":1,""sequence"":null,""agent_id"":null,""utility_name"":null,""check_type"":""DOCUMENT_EXTRACTION"",""status"":null,""findings_json"":""{\""documents_expected\"":3,\""documents_present\"":3,\""missing\"":[],\""all_readable\"":true}"",""reason_codes"":"""",""evidence_references"":""documents/AUTH-001"",""confidence"":null,""human_review_required"":false,""recommended_next_step"":null,""rule_ids"":"""",""rule_status_used"":null,""created_at"":""2026-09-25T20:06:02.000Z"",""superseded"":false,""id"":1,""createdAt"":""2026-09-25T16:35:48.629Z"",""updatedAt"":""2026-09-26T07:01:03.459Z""}",432
EVT-AUTH-001--1790406063984,AUTH-001,1,2026-09-25T20:08:50.000Z,,UTILITY_CHECK_COMPLETED,DOCUMENT_EXTRACTION,,,,,documents/AUTH-001,"{""result_id"":""RES-AUTH-001-1"",""case_run_id"":""AUTH-001"",""submission_version"":1,""sequence"":null,""agent_id"":null,""utility_name"":null,""check_type"":""DOCUMENT_EXTRACTION"",""status"":null,""findings_json"":""{\""documents_expected\"":3,\""documents_present\"":3,\""missing\"":[],\""all_readable\"":true}"",""reason_codes"":"""",""evidence_references"":""documents/AUTH-001"",""confidence"":null,""human_review_required"":false,""recommended_next_step"":null,""rule_ids"":"""",""rule_status_used"":null,""created_at"":""2026-09-25T20:06:02.000Z"",""superseded"":false,""id"":1,""createdAt"":""2026-09-25T16:35:48.629Z"",""updatedAt"":""2026-09-26T07:01:03.913Z""}",433
EVT-AUTH-001--1790406064436,AUTH-001,1,2026-09-25T20:08:50.000Z,,UTILITY_CHECK_COMPLETED,DOCUMENT_EXTRACTION,,,,,documents/AUTH-001,"{""result_id"":""RES-AUTH-001-1"",""case_run_id"":""AUTH-001"",""submission_version"":1,""sequence"":null,""agent_id"":null,""utility_name"":null,""check_type"":""DOCUMENT_EXTRACTION"",""status"":null,""findings_json"":""{\""documents_expected\"":3,\""documents_present\"":3,\""missing\"":[],\""all_readable\"":true}"",""reason_codes"":"""",""evidence_references"":""documents/AUTH-001"",""confidence"":null,""human_review_required"":false,""recommended_next_step"":null,""rule_ids"":"""",""rule_status_used"":null,""created_at"":""2026-09-25T20:06:02.000Z"",""superseded"":false,""id"":1,""createdAt"":""2026-09-25T16:35:48.629Z"",""updatedAt"":""2026-09-26T07:01:04.385Z""}",434
EVT-AUTH-001--1790406387684,AUTH-001,1,2026-09-25T20:08:50.000Z,,UTILITY_CHECK_COMPLETED,DOCUMENT_EXTRACTION,,,,,documents/AUTH-001,"{""result_id"":""RES-AUTH-001-1"",""case_run_id"":""AUTH-001"",""submission_version"":1,""sequence"":null,""agent_id"":null,""utility_name"":null,""check_type"":""DOCUMENT_EXTRACTION"",""status"":null,""findings_json"":""{\""documents_expected\"":3,\""documents_present\"":3,\""missing\"":[],\""all_readable\"":true}"",""reason_codes"":"""",""evidence_references"":""documents/AUTH-001"",""confidence"":null,""human_review_required"":false,""recommended_next_step"":null,""rule_ids"":"""",""rule_status_used"":null,""created_at"":""2026-09-25T20:06:02.000Z"",""superseded"":false,""id"":1,""createdAt"":""2026-09-25T16:35:48.629Z"",""updatedAt"":""2026-09-26T07:06:27.620Z""}",437
EVT-AUTH-001--1790406388184,AUTH-001,1,2026-09-25T20:08:50.000Z,,UTILITY_CHECK_COMPLETED,DOCUMENT_EXTRACTION,,,,,documents/AUTH-001,"{""result_id"":""RES-AUTH-001-1"",""case_run_id"":""AUTH-001"",""submission_version"":1,""sequence"":null,""agent_id"":null,""utility_name"":null,""check_type"":""DOCUMENT_EXTRACTION"",""status"":null,""findings_json"":""{\""documents_expected\"":3,\""documents_present\"":3,\""missing\"":[],\""all_readable\"":true}"",""reason_codes"":"""",""evidence_references"":""documents/AUTH-001"",""confidence"":null,""human_review_required"":false,""recommended_next_step"":null,""rule_ids"":"""",""rule_status_used"":null,""created_at"":""2026-09-25T20:06:02.000Z"",""superseded"":false,""id"":1,""createdAt"":""2026-09-25T16:35:48.629Z"",""updatedAt"":""2026-09-26T07:06:28.108Z""}",438
EVT-AUTH-001--1790406388629,AUTH-001,1,2026-09-25T20:08:50.000Z,,UTILITY_CHECK_COMPLETED,DOCUMENT_EXTRACTION,,,,,documents/AUTH-001,"{""result_id"":""RES-AUTH-001-1"",""case_run_id"":""AUTH-001"",""submission_version"":1,""sequence"":null,""agent_id"":null,""utility_name"":null,""check_type"":""DOCUMENT_EXTRACTION"",""status"":null,""findings_json"":""{\""documents_expected\"":3,\""documents_present\"":3,\""missing\"":[],\""all_readable\"":true}"",""reason_codes"":"""",""evidence_references"":""documents/AUTH-001"",""confidence"":null,""human_review_required"":false,""recommended_next_step"":null,""rule_ids"":"""",""rule_status_used"":null,""created_at"":""2026-09-25T20:06:02.000Z"",""superseded"":false,""id"":1,""createdAt"":""2026-09-25T16:35:48.629Z"",""updatedAt"":""2026-09-26T07:06:28.555Z""}",439
EVT-AUTH-001--1790406389103,AUTH-001,1,2026-09-25T20:08:50.000Z,,UTILITY_CHECK_COMPLETED,DOCUMENT_EXTRACTION,,,,,documents/AUTH-001,"{""result_id"":""RES-AUTH-001-1"",""case_run_id"":""AUTH-001"",""submission_version"":1,""sequence"":null,""agent_id"":null,""utility_name"":null,""check_type"":""DOCUMENT_EXTRACTION"",""status"":null,""findings_json"":""{\""documents_expected\"":3,\""documents_present\"":3,\""missing\"":[],\""all_readable\"":true}"",""reason_codes"":"""",""evidence_references"":""documents/AUTH-001"",""confidence"":null,""human_review_required"":false,""recommended_next_step"":null,""rule_ids"":"""",""rule_status_used"":null,""created_at"":""2026-09-25T20:06:02.000Z"",""superseded"":false,""id"":1,""createdAt"":""2026-09-25T16:35:48.629Z"",""updatedAt"":""2026-09-26T07:06:29.001Z""}",440
EVT-AUTH-001--1790406389569,AUTH-001,1,2026-09-25T20:08:50.000Z,,UTILITY_CHECK_COMPLETED,DOCUMENT_EXTRACTION,,,,,documents/AUTH-001,"{""result_id"":""RES-AUTH-001-1"",""case_run_id"":""AUTH-001"",""submission_version"":1,""sequence"":null,""agent_id"":null,""utility_name"":null,""check_type"":""DOCUMENT_EXTRACTION"",""status"":null,""findings_json"":""{\""documents_expected\"":3,\""documents_present\"":3,\""missing\"":[],\""all_readable\"":true}"",""reason_codes"":"""",""evidence_references"":""documents/AUTH-001"",""confidence"":null,""human_review_required"":false,""recommended_next_step"":null,""rule_ids"":"""",""rule_status_used"":null,""created_at"":""2026-09-25T20:06:02.000Z"",""superseded"":false,""id"":1,""createdAt"":""2026-09-25T16:35:48.629Z"",""updatedAt"":""2026-09-26T07:06:29.505Z""}",441
EVT-AUTH-001--1790406389967,AUTH-001,1,2026-09-25T20:08:50.000Z,,UTILITY_CHECK_COMPLETED,DOCUMENT_EXTRACTION,,,,,documents/AUTH-001,"{""result_id"":""RES-AUTH-001-1"",""case_run_id"":""AUTH-001"",""submission_version"":1,""sequence"":null,""agent_id"":null,""utility_name"":null,""check_type"":""DOCUMENT_EXTRACTION"",""status"":null,""findings_json"":""{\""documents_expected\"":3,\""documents_present\"":3,\""missing\"":[],\""all_readable\"":true}"",""reason_codes"":"""",""evidence_references"":""documents/AUTH-001"",""confidence"":null,""human_review_required"":false,""recommended_next_step"":null,""rule_ids"":"""",""rule_status_used"":null,""created_at"":""2026-09-25T20:06:02.000Z"",""superseded"":false,""id"":1,""createdAt"":""2026-09-25T16:35:48.629Z"",""updatedAt"":""2026-09-26T07:06:29.914Z""}",442
EVT-AUTH-001--1790406390395,AUTH-001,1,2026-09-25T20:08:50.000Z,,UTILITY_CHECK_COMPLETED,DOCUMENT_EXTRACTION,,,,,documents/AUTH-001,"{""result_id"":""RES-AUTH-001-1"",""case_run_id"":""AUTH-001"",""submission_version"":1,""sequence"":null,""agent_id"":null,""utility_name"":null,""check_type"":""DOCUMENT_EXTRACTION"",""status"":null,""findings_json"":""{\""documents_expected\"":3,\""documents_present\"":3,\""missing\"":[],\""all_readable\"":true}"",""reason_codes"":"""",""evidence_references"":""documents/AUTH-001"",""confidence"":null,""human_review_required"":false,""recommended_next_step"":null,""rule_ids"":"""",""rule_status_used"":null,""created_at"":""2026-09-25T20:06:02.000Z"",""superseded"":false,""id"":1,""createdAt"":""2026-09-25T16:35:48.629Z"",""updatedAt"":""2026-09-26T07:06:30.340Z""}",443
EVT-AUTH-001--1790408382268,AUTH-001,1,2026-09-25T20:08:50.000Z,,UTILITY_CHECK_COMPLETED,DOCUMENT_EXTRACTION,,,,,documents/AUTH-001,"{""result_id"":""RES-AUTH-001-1"",""case_run_id"":""AUTH-001"",""submission_version"":1,""sequence"":null,""agent_id"":null,""utility_name"":null,""check_type"":""DOCUMENT_EXTRACTION"",""status"":null,""findings_json"":""{\""documents_expected\"":3,\""documents_present\"":3,\""missing\"":[],\""all_readable\"":true}"",""reason_codes"":"""",""evidence_references"":""documents/AUTH-001"",""confidence"":null,""human_review_required"":false,""recommended_next_step"":null,""rule_ids"":"""",""rule_status_used"":null,""created_at"":""2026-09-25T20:06:02.000Z"",""superseded"":false,""id"":1,""createdAt"":""2026-09-25T16:35:48.629Z"",""updatedAt"":""2026-09-26T07:39:42.209Z""}",445
EVT-AUTH-001--1790408580562,AUTH-001,1,2026-09-25T20:08:50.000Z,,UTILITY_CHECK_COMPLETED,DOCUMENT_EXTRACTION,,,,,documents/AUTH-001,"{""result_id"":""RES-AUTH-001-1"",""case_run_id"":""AUTH-001"",""submission_version"":1,""sequence"":null,""agent_id"":null,""utility_name"":null,""check_type"":""DOCUMENT_EXTRACTION"",""status"":null,""findings_json"":""{\""documents_expected\"":3,\""documents_present\"":3,\""missing\"":[],\""all_readable\"":true}"",""reason_codes"":"""",""evidence_references"":""documents/AUTH-001"",""confidence"":null,""human_review_required"":false,""recommended_next_step"":null,""rule_ids"":"""",""rule_status_used"":null,""created_at"":""2026-09-25T20:06:02.000Z"",""superseded"":false,""id"":1,""createdAt"":""2026-09-25T16:35:48.629Z"",""updatedAt"":""2026-09-26T07:43:00.507Z""}",452
EVT-AUTH-001--1790408604557,AUTH-001,1,2026-09-25T20:08:50.000Z,,UTILITY_CHECK_COMPLETED,DOCUMENT_EXTRACTION,,,,,documents/AUTH-001,"{""result_id"":""RES-AUTH-001-1"",""case_run_id"":""AUTH-001"",""submission_version"":1,""sequence"":null,""agent_id"":null,""utility_name"":null,""check_type"":""DOCUMENT_EXTRACTION"",""status"":null,""findings_json"":""{\""documents_expected\"":3,\""documents_present\"":3,\""missing\"":[],\""all_readable\"":true}"",""reason_codes"":"""",""evidence_references"":""documents/AUTH-001"",""confidence"":null,""human_review_required"":false,""recommended_next_step"":null,""rule_ids"":"""",""rule_status_used"":null,""created_at"":""2026-09-25T20:06:02.000Z"",""superseded"":false,""id"":1,""createdAt"":""2026-09-25T16:35:48.629Z"",""updatedAt"":""2026-09-26T07:43:24.496Z""}",454
EVT-AUTH-001--1790408671770,AUTH-001,1,2026-09-25T20:08:50.000Z,,UTILITY_CHECK_COMPLETED,DOCUMENT_EXTRACTION,,,,,documents/AUTH-001,"{""result_id"":""RES-AUTH-001-1"",""case_run_id"":""AUTH-001"",""submission_version"":1,""sequence"":null,""agent_id"":null,""utility_name"":null,""check_type"":""DOCUMENT_EXTRACTION"",""status"":null,""findings_json"":""{\""documents_expected\"":3,\""documents_present\"":3,\""missing\"":[],\""all_readable\"":true}"",""reason_codes"":"""",""evidence_references"":""documents/AUTH-001"",""confidence"":null,""human_review_required"":false,""recommended_next_step"":null,""rule_ids"":"""",""rule_status_used"":null,""created_at"":""2026-09-25T20:06:02.000Z"",""superseded"":false,""id"":1,""createdAt"":""2026-09-25T16:35:48.629Z"",""updatedAt"":""2026-09-26T07:44:31.713Z""}",457
EVT-AUTH-001--1790408704058,AUTH-001,1,2026-09-25T20:08:50.000Z,,UTILITY_CHECK_COMPLETED,DOCUMENT_EXTRACTION,,,,,documents/AUTH-001,"{""result_id"":""RES-AUTH-001-1"",""case_run_id"":""AUTH-001"",""submission_version"":1,""sequence"":null,""agent_id"":null,""utility_name"":null,""check_type"":""DOCUMENT_EXTRACTION"",""status"":null,""findings_json"":""{\""documents_expected\"":3,\""documents_present\"":3,\""missing\"":[],\""all_readable\"":true}"",""reason_codes"":"""",""evidence_references"":""documents/AUTH-001"",""confidence"":null,""human_review_required"":false,""recommended_next_step"":null,""rule_ids"":"""",""rule_status_used"":null,""created_at"":""2026-09-25T20:06:02.000Z"",""superseded"":false,""id"":1,""createdAt"":""2026-09-25T16:35:48.629Z"",""updatedAt"":""2026-09-26T07:45:03.981Z""}",459
EVT-AUTH-001--1790408718481,AUTH-001,1,2026-09-25T20:08:50.000Z,,UTILITY_CHECK_COMPLETED,DOCUMENT_EXTRACTION,,,,,documents/AUTH-001,"{""result_id"":""RES-AUTH-001-1"",""case_run_id"":""AUTH-001"",""submission_version"":1,""sequence"":null,""agent_id"":null,""utility_name"":null,""check_type"":""DOCUMENT_EXTRACTION"",""status"":null,""findings_json"":""{\""documents_expected\"":3,\""documents_present\"":3,\""missing\"":[],\""all_readable\"":true}"",""reason_codes"":"""",""evidence_references"":""documents/AUTH-001"",""confidence"":null,""human_review_required"":false,""recommended_next_step"":null,""rule_ids"":"""",""rule_status_used"":null,""created_at"":""2026-09-25T20:06:02.000Z"",""superseded"":false,""id"":1,""createdAt"":""2026-09-25T16:35:48.629Z"",""updatedAt"":""2026-09-26T07:45:18.314Z""}",461
EVT-AUTH-001--1790408773060,AUTH-001,1,2026-09-25T20:08:50.000Z,,UTILITY_CHECK_COMPLETED,DOCUMENT_EXTRACTION,,,,,documents/AUTH-001,"{""result_id"":""RES-AUTH-001-1"",""case_run_id"":""AUTH-001"",""submission_version"":1,""sequence"":null,""agent_id"":null,""utility_name"":null,""check_type"":""DOCUMENT_EXTRACTION"",""status"":null,""findings_json"":""{\""documents_expected\"":3,\""documents_present\"":3,\""missing\"":[],\""all_readable\"":true}"",""reason_codes"":"""",""evidence_references"":""documents/AUTH-001"",""confidence"":null,""human_review_required"":false,""recommended_next_step"":null,""rule_ids"":"""",""rule_status_used"":null,""created_at"":""2026-09-25T20:06:02.000Z"",""superseded"":false,""id"":1,""createdAt"":""2026-09-25T16:35:48.629Z"",""updatedAt"":""2026-09-26T07:46:12.999Z""}",464
EVT-AUTH-001--1790408783197,AUTH-001,1,2026-09-25T20:08:50.000Z,,UTILITY_CHECK_COMPLETED,DOCUMENT_EXTRACTION,,,,,documents/AUTH-001,"{""result_id"":""RES-AUTH-001-1"",""case_run_id"":""AUTH-001"",""submission_version"":1,""sequence"":null,""agent_id"":null,""utility_name"":null,""check_type"":""DOCUMENT_EXTRACTION"",""status"":null,""findings_json"":""{\""documents_expected\"":3,\""documents_present\"":3,\""missing\"":[],\""all_readable\"":true}"",""reason_codes"":"""",""evidence_references"":""documents/AUTH-001"",""confidence"":null,""human_review_required"":false,""recommended_next_step"":null,""rule_ids"":"""",""rule_status_used"":null,""created_at"":""2026-09-25T20:06:02.000Z"",""superseded"":false,""id"":1,""createdAt"":""2026-09-25T16:35:48.629Z"",""updatedAt"":""2026-09-26T07:46:23.137Z""}",466
EVT-AUTH-001--1790408823898,AUTH-001,1,2026-09-25T20:08:50.000Z,,UTILITY_CHECK_COMPLETED,DOCUMENT_EXTRACTION,,,,,documents/AUTH-001,"{""result_id"":""RES-AUTH-001-1"",""case_run_id"":""AUTH-001"",""submission_version"":1,""sequence"":null,""agent_id"":null,""utility_name"":null,""check_type"":""DOCUMENT_EXTRACTION"",""status"":null,""findings_json"":""{\""documents_expected\"":3,\""documents_present\"":3,\""missing\"":[],\""all_readable\"":true}"",""reason_codes"":"""",""evidence_references"":""documents/AUTH-001"",""confidence"":null,""human_review_required"":false,""recommended_next_step"":null,""rule_ids"":"""",""rule_status_used"":null,""created_at"":""2026-09-25T20:06:02.000Z"",""superseded"":false,""id"":1,""createdAt"":""2026-09-25T16:35:48.629Z"",""updatedAt"":""2026-09-26T07:47:03.845Z""}",468
EVT-AUTH-001--1790408832740,AUTH-001,1,2026-09-25T20:08:50.000Z,,UTILITY_CHECK_COMPLETED,DOCUMENT_EXTRACTION,,,,,documents/AUTH-001,"{""result_id"":""RES-AUTH-001-1"",""case_run_id"":""AUTH-001"",""submission_version"":1,""sequence"":null,""agent_id"":null,""utility_name"":null,""check_type"":""DOCUMENT_EXTRACTION"",""status"":null,""findings_json"":""{\""documents_expected\"":3,\""documents_present\"":3,\""missing\"":[],\""all_readable\"":true}"",""reason_codes"":"""",""evidence_references"":""documents/AUTH-001"",""confidence"":null,""human_review_required"":false,""recommended_next_step"":null,""rule_ids"":"""",""rule_status_used"":null,""created_at"":""2026-09-25T20:06:02.000Z"",""superseded"":false,""id"":1,""createdAt"":""2026-09-25T16:35:48.629Z"",""updatedAt"":""2026-09-26T07:47:12.688Z""}",470
EVT-AUTH-001--1790408847202,AUTH-001,1,2026-09-25T20:08:50.000Z,,UTILITY_CHECK_COMPLETED,DOCUMENT_EXTRACTION,,,,,documents/AUTH-001,"{""result_id"":""RES-AUTH-001-1"",""case_run_id"":""AUTH-001"",""submission_version"":1,""sequence"":null,""agent_id"":null,""utility_name"":null,""check_type"":""DOCUMENT_EXTRACTION"",""status"":null,""findings_json"":""{\""documents_expected\"":3,\""documents_present\"":3,\""missing\"":[],\""all_readable\"":true}"",""reason_codes"":"""",""evidence_references"":""documents/AUTH-001"",""confidence"":null,""human_review_required"":false,""recommended_next_step"":null,""rule_ids"":"""",""rule_status_used"":null,""created_at"":""2026-09-25T20:06:02.000Z"",""superseded"":false,""id"":1,""createdAt"":""2026-09-25T16:35:48.629Z"",""updatedAt"":""2026-09-26T07:47:27.138Z""}",472
EVT-AUTH-001--1790408858140,AUTH-001,1,2026-09-25T20:08:50.000Z,,UTILITY_CHECK_COMPLETED,DOCUMENT_EXTRACTION,,,,,documents/AUTH-001,"{""result_id"":""RES-AUTH-001-1"",""case_run_id"":""AUTH-001"",""submission_version"":1,""sequence"":null,""agent_id"":null,""utility_name"":null,""check_type"":""DOCUMENT_EXTRACTION"",""status"":null,""findings_json"":""{\""documents_expected\"":3,\""documents_present\"":3,\""missing\"":[],\""all_readable\"":true}"",""reason_codes"":"""",""evidence_references"":""documents/AUTH-001"",""confidence"":null,""human_review_required"":false,""recommended_next_step"":null,""rule_ids"":"""",""rule_status_used"":null,""created_at"":""2026-09-25T20:06:02.000Z"",""superseded"":false,""id"":1,""createdAt"":""2026-09-25T16:35:48.629Z"",""updatedAt"":""2026-09-26T07:47:38.090Z""}",474
EVT-AUTH-001--1790409058204,AUTH-001,1,2026-09-25T20:08:50.000Z,,UTILITY_CHECK_COMPLETED,DOCUMENT_EXTRACTION,,,,,documents/AUTH-001,"{""result_id"":""RES-AUTH-001-1"",""case_run_id"":""AUTH-001"",""submission_version"":1,""sequence"":null,""agent_id"":null,""utility_name"":null,""check_type"":""DOCUMENT_EXTRACTION"",""status"":null,""findings_json"":""{\""documents_expected\"":3,\""documents_present\"":3,\""missing\"":[],\""all_readable\"":true}"",""reason_codes"":"""",""evidence_references"":""documents/AUTH-001"",""confidence"":null,""human_review_required"":false,""recommended_next_step"":null,""rule_ids"":"""",""rule_status_used"":null,""created_at"":""2026-09-25T20:06:02.000Z"",""superseded"":false,""id"":1,""createdAt"":""2026-09-25T16:35:48.629Z"",""updatedAt"":""2026-09-26T07:50:58.146Z""}",476
EVT-AUTH-001--1790409125242,AUTH-001,1,2026-09-25T20:08:50.000Z,,UTILITY_CHECK_COMPLETED,DOCUMENT_EXTRACTION,,,,,documents/AUTH-001,"{""result_id"":""RES-AUTH-001-1"",""case_run_id"":""AUTH-001"",""submission_version"":1,""sequence"":null,""agent_id"":null,""utility_name"":null,""check_type"":""DOCUMENT_EXTRACTION"",""status"":null,""findings_json"":""{\""documents_expected\"":3,\""documents_present\"":3,\""missing\"":[],\""all_readable\"":true}"",""reason_codes"":"""",""evidence_references"":""documents/AUTH-001"",""confidence"":null,""human_review_required"":false,""recommended_next_step"":null,""rule_ids"":"""",""rule_status_used"":null,""created_at"":""2026-09-25T20:06:02.000Z"",""superseded"":false,""id"":1,""createdAt"":""2026-09-25T16:35:48.629Z"",""updatedAt"":""2026-09-26T07:52:05.189Z""}",477
EVT-AUTH-001--1790409129439,AUTH-001,1,2026-09-25T20:08:50.000Z,,UTILITY_CHECK_COMPLETED,DOCUMENT_EXTRACTION,,,,,documents/AUTH-001,"{""result_id"":""RES-AUTH-001-1"",""case_run_id"":""AUTH-001"",""submission_version"":1,""sequence"":null,""agent_id"":null,""utility_name"":null,""check_type"":""DOCUMENT_EXTRACTION"",""status"":null,""findings_json"":""{\""documents_expected\"":3,\""documents_present\"":3,\""missing\"":[],\""all_readable\"":true}"",""reason_codes"":"""",""evidence_references"":""documents/AUTH-001"",""confidence"":null,""human_review_required"":false,""recommended_next_step"":null,""rule_ids"":"""",""rule_status_used"":null,""created_at"":""2026-09-25T20:06:02.000Z"",""superseded"":false,""id"":1,""createdAt"":""2026-09-25T16:35:48.629Z"",""updatedAt"":""2026-09-26T07:52:09.374Z""}",479
EVT-AUTH-002--1790409160545,AUTH-002,1,2026-09-25T20:08:50.000Z,,UTILITY_CHECK_COMPLETED,DOCUMENT_EXTRACTION,,,,A,documents/AUTH-002,"{""result_id"":""RES-AUTH-002-1"",""case_run_id"":""AUTH-002"",""submission_version"":1,""sequence"":null,""agent_id"":null,""utility_name"":null,""check_type"":""DOCUMENT_EXTRACTION"",""status"":null,""findings_json"":""{\""documents_expected\"":3,\""documents_present\"":2,\""missing\"":[\""AUTHORITY_LETTER\""],\""all_readable\"":true}"",""reason_codes"":""AUTHORITY_MISSING"",""evidence_references"":""documents/AUTH-002"",""confidence"":null,""human_review_required"":false,""recommended_next_step"":null,""rule_ids"":""AUTH-002"",""rule_status_used"":null,""created_at"":""2026-09-25T20:06:02.000Z"",""superseded"":false,""id"":1,""createdAt"":""2026-09-25T16:35:48.629Z"",""updatedAt"":""2026-09-26T07:52:40.492Z""}",482
EVT-AUTH-001--1790409198548,AUTH-001,1,2026-09-25T20:08:50.000Z,,UTILITY_CHECK_COMPLETED,DOCUMENT_EXTRACTION,,,,,documents/AUTH-001,"{""result_id"":""RES-AUTH-001-1"",""case_run_id"":""AUTH-001"",""submission_version"":1,""sequence"":null,""agent_id"":null,""utility_name"":null,""check_type"":""DOCUMENT_EXTRACTION"",""status"":null,""findings_json"":""{\""documents_expected\"":3,\""documents_present\"":3,\""missing\"":[],\""all_readable\"":true}"",""reason_codes"":"""",""evidence_references"":""documents/AUTH-001"",""confidence"":null,""human_review_required"":false,""recommended_next_step"":null,""rule_ids"":"""",""rule_status_used"":null,""created_at"":""2026-09-25T20:06:02.000Z"",""superseded"":false,""id"":1,""createdAt"":""2026-09-25T16:35:48.629Z"",""updatedAt"":""2026-09-26T07:53:18.491Z""}",486
EVT-AUTH-001--1790412470931,AUTH-001,1,2026-09-25T20:08:50.000Z,,UTILITY_CHECK_COMPLETED,DOCUMENT_EXTRACTION,,,,,documents/AUTH-001,"{""result_id"":""RES-AUTH-001-1"",""case_run_id"":""AUTH-001"",""submission_version"":1,""sequence"":null,""agent_id"":null,""utility_name"":null,""check_type"":""DOCUMENT_EXTRACTION"",""status"":null,""findings_json"":""{\""documents_expected\"":3,\""documents_present\"":3,\""missing\"":[],\""all_readable\"":true}"",""reason_codes"":"""",""evidence_references"":""documents/AUTH-001"",""confidence"":null,""human_review_required"":false,""recommended_next_step"":null,""rule_ids"":"""",""rule_status_used"":null,""created_at"":""2026-09-25T20:06:02.000Z"",""superseded"":false,""id"":1,""createdAt"":""2026-09-25T16:35:48.629Z"",""updatedAt"":""2026-09-26T08:47:50.860Z""}",556
EVT-AUTH-001--1790412531275,AUTH-001,1,2026-09-25T20:08:50.000Z,,UTILITY_CHECK_COMPLETED,DOCUMENT_EXTRACTION,,,,,documents/AUTH-001,"{""result_id"":""RES-AUTH-001-1"",""case_run_id"":""AUTH-001"",""submission_version"":1,""sequence"":null,""agent_id"":null,""utility_name"":null,""check_type"":""DOCUMENT_EXTRACTION"",""status"":null,""findings_json"":""{\""documents_expected\"":3,\""documents_present\"":3,\""missing\"":[],\""all_readable\"":true}"",""reason_codes"":"""",""evidence_references"":""documents/AUTH-001"",""confidence"":null,""human_review_required"":false,""recommended_next_step"":null,""rule_ids"":"""",""rule_status_used"":null,""created_at"":""2026-09-25T20:06:02.000Z"",""superseded"":false,""id"":1,""createdAt"":""2026-09-25T16:35:48.629Z"",""updatedAt"":""2026-09-26T08:48:51.222Z""}",563
EVT-AUTH-001--1790412660545,AUTH-001,1,2026-09-25T20:08:50.000Z,,UTILITY_CHECK_COMPLETED,DOCUMENT_EXTRACTION,,,,,documents/AUTH-001,"{""result_id"":""RES-AUTH-001-1"",""case_run_id"":""AUTH-001"",""submission_version"":1,""sequence"":null,""agent_id"":null,""utility_name"":null,""check_type"":""DOCUMENT_EXTRACTION"",""status"":null,""findings_json"":""{\""documents_expected\"":3,\""documents_present\"":3,\""missing\"":[],\""all_readable\"":true}"",""reason_codes"":"""",""evidence_references"":""documents/AUTH-001"",""confidence"":null,""human_review_required"":false,""recommended_next_step"":null,""rule_ids"":"""",""rule_status_used"":null,""created_at"":""2026-09-25T20:06:02.000Z"",""superseded"":false,""id"":1,""createdAt"":""2026-09-25T16:35:48.629Z"",""updatedAt"":""2026-09-26T08:51:00.481Z""}",566
EVT-AUTH-001--1790412660885,AUTH-001,1,2026-09-25T20:08:50.000Z,,UTILITY_CHECK_COMPLETED,BUSINESS_VALIDATION,,,,B,Business_Register row for AU-DEMO-BIZ-1001,"{""result_id"":""RES-AUTH-001-2"",""case_run_id"":""AUTH-001"",""submission_version"":1,""sequence"":null,""agent_id"":null,""utility_name"":null,""check_type"":""BUSINESS_VALIDATION"",""status"":null,""findings_json"":""{\""lookup_status\"":\""SUCCESS\"",\""registration_status\"":\""ACTIVE\"",\""name_match\"":true,\""identifier_match\"":true}"",""reason_codes"":""BUSINESS_ACTIVE"",""evidence_references"":""Business_Register row for AU-DEMO-BIZ-1001"",""confidence"":null,""human_review_required"":false,""recommended_next_step"":null,""rule_ids"":""REG-001"",""rule_status_used"":null,""created_at"":""2026-09-25T20:06:02.000Z"",""superseded"":false,""id"":1,""createdAt"":""2026-09-25T16:35:48.629Z"",""updatedAt"":""2026-09-26T08:51:00.828Z""}",567
EVT-AUTH-001--1790412661234,AUTH-001,1,2026-09-25T20:08:50.000Z,,UTILITY_CHECK_COMPLETED,IDENTITY_VALIDATION,,,,I,documents/AUTH-001/AUTH-001_Identity_Profile.pdf,"{""result_id"":""RES-AUTH-001-3"",""case_run_id"":""AUTH-001"",""submission_version"":1,""sequence"":null,""agent_id"":null,""utility_name"":null,""check_type"":""IDENTITY_VALIDATION"",""status"":null,""findings_json"":""{\""name_match\"":true,\""identity_status\"":\""VALID_SYNTHETIC\"",\""expired\"":false}"",""reason_codes"":""IDENTITY_VERIFIED"",""evidence_references"":""documents/AUTH-001/AUTH-001_Identity_Profile.pdf"",""confidence"":null,""human_review_required"":false,""recommended_next_step"":null,""rule_ids"":""ID-001"",""rule_status_used"":null,""created_at"":""2026-09-25T20:06:02.000Z"",""superseded"":false,""id"":1,""createdAt"":""2026-09-25T16:35:48.629Z"",""updatedAt"":""2026-09-26T08:51:01.173Z""}",568
EVT-AUTH-001--1790412661549,AUTH-001,1,2026-09-25T20:08:50.000Z,,UTILITY_CHECK_COMPLETED,AUTHORITY_VALIDATION,,,,A,documents/AUTH-001/AUTH-001_AUTHORITY_LETTER.pdf,"{""result_id"":""RES-AUTH-001-4"",""case_run_id"":""AUTH-001"",""submission_version"":1,""sequence"":null,""agent_id"":null,""utility_name"":null,""check_type"":""AUTHORITY_VALIDATION"",""status"":null,""findings_json"":""{\""representative_named\"":true,\""account_management\"":true,\""service_ordering\"":true,\""contract_signing\"":true,\""scope\"":\""CLEAR\""}"",""reason_codes"":""AUTHORITY_SCOPE_CLEAR"",""evidence_references"":""documents/AUTH-001/AUTH-001_AUTHORITY_LETTER.pdf"",""confidence"":null,""human_review_required"":false,""recommended_next_step"":null,""rule_ids"":""AUTH-003"",""rule_status_used"":null,""created_at"":""2026-09-25T20:06:02.000Z"",""superseded"":false,""id"":1,""createdAt"":""2026-09-25T16:35:48.629Z"",""updatedAt"":""2026-09-26T08:51:01.483Z""}",569
EVT-AUTH-001--1790412661847,AUTH-001,1,2026-09-25T20:08:50.000Z,,UTILITY_CHECK_COMPLETED,SYSTEM_DATA_CHECK,,,,,CRM_Accounts record for CUST-DEMO-AU-1001,"{""result_id"":""RES-AUTH-001-5"",""case_run_id"":""AUTH-001"",""submission_version"":1,""sequence"":null,""agent_id"":null,""utility_name"":null,""check_type"":""SYSTEM_DATA_CHECK"",""status"":null,""findings_json"":""{\""pid_count\"":1,\""legal_name_consistent\"":true,\""open_duplicate_request\"":false}"",""reason_codes"":"""",""evidence_references"":""CRM_Accounts record for CUST-DEMO-AU-1001"",""confidence"":null,""human_review_required"":false,""recommended_next_step"":null,""rule_ids"":"""",""rule_status_used"":null,""created_at"":""2026-09-25T20:06:02.000Z"",""superseded"":false,""id"":1,""createdAt"":""2026-09-25T16:35:48.629Z"",""updatedAt"":""2026-09-26T08:51:01.798Z""}",570
EVT-AUTH-001--1790412662177,AUTH-001,1,2026-09-25T20:08:50.000Z,,UTILITY_CHECK_COMPLETED,FINANCIAL_CHECK,,,,F,Financial_Records record(s) for CUST-DEMO-AU-1001,"{""result_id"":""RES-AUTH-001-6"",""case_run_id"":""AUTH-001"",""submission_version"":1,""sequence"":null,""agent_id"":null,""utility_name"":null,""check_type"":""FINANCIAL_CHECK"",""status"":null,""findings_json"":""{\""credit_hold\"":false,\""total_outstanding\"":0,\""policy_exception\"":false}"",""reason_codes"":""FINANCIAL_CHECK_CLEAR"",""evidence_references"":""Financial_Records record(s) for CUST-DEMO-AU-1001"",""confidence"":null,""human_review_required"":false,""recommended_next_step"":null,""rule_ids"":""FIN-001"",""rule_status_used"":null,""created_at"":""2026-09-25T20:06:02.000Z"",""superseded"":false,""id"":1,""createdAt"":""2026-09-25T16:35:48.629Z"",""updatedAt"":""2026-09-26T08:51:02.125Z""}",571
EVT-AUTH-001--1790412662498,AUTH-001,1,2026-09-25T20:08:50.000Z,,UTILITY_CHECK_COMPLETED,FINAL_VERIFICATION,,,,F,Mock final verification result for AUTH-001,"{""result_id"":""RES-AUTH-001-7"",""case_run_id"":""AUTH-001"",""submission_version"":1,""sequence"":null,""agent_id"":null,""utility_name"":null,""check_type"":""FINAL_VERIFICATION"",""status"":null,""findings_json"":""{\""status\"":\""SUCCESSFUL\"",\""fraud_flag\"":false,\""manual_verification_required\"":false}"",""reason_codes"":""FINAL_VERIFICATION_SUCCESSFUL"",""evidence_references"":""Mock final verification result for AUTH-001"",""confidence"":null,""human_review_required"":false,""recommended_next_step"":null,""rule_ids"":""CMP-001"",""rule_status_used"":null,""created_at"":""2026-09-25T20:06:02.000Z"",""superseded"":false,""id"":1,""createdAt"":""2026-09-25T16:35:48.629Z"",""updatedAt"":""2026-09-26T08:51:02.437Z""}",572
EVT-AUTH-002--1790412771126,AUTH-002,1,2026-09-25T20:08:50.000Z,,UTILITY_CHECK_COMPLETED,DOCUMENT_EXTRACTION,,,,A,documents/AUTH-002,"{""result_id"":""RES-AUTH-002-1"",""case_run_id"":""AUTH-002"",""submission_version"":1,""sequence"":null,""agent_id"":null,""utility_name"":null,""check_type"":""DOCUMENT_EXTRACTION"",""status"":null,""findings_json"":""{\""documents_expected\"":3,\""documents_present\"":2,\""missing\"":[\""AUTHORITY_LETTER\""],\""all_readable\"":true}"",""reason_codes"":""AUTHORITY_MISSING"",""evidence_references"":""documents/AUTH-002"",""confidence"":null,""human_review_required"":false,""recommended_next_step"":null,""rule_ids"":""AUTH-002"",""rule_status_used"":null,""created_at"":""2026-09-25T20:06:02.000Z"",""superseded"":false,""id"":1,""createdAt"":""2026-09-25T16:35:48.629Z"",""updatedAt"":""2026-09-26T08:52:51.050Z""}",577
EVT-AUTH-002--1790412771484,AUTH-002,1,2026-09-25T20:08:50.000Z,,UTILITY_CHECK_COMPLETED,BUSINESS_VALIDATION,,,,,,"{""result_id"":""RES-AUTH-002-2"",""case_run_id"":""AUTH-002"",""submission_version"":1,""sequence"":null,""agent_id"":null,""utility_name"":null,""check_type"":""BUSINESS_VALIDATION"",""status"":null,""findings_json"":""{\""reason\"":\""Mandatory authority evidence missing\""}"",""reason_codes"":"""",""evidence_references"":"""",""confidence"":null,""human_review_required"":false,""recommended_next_step"":null,""rule_ids"":"""",""rule_status_used"":null,""created_at"":""2026-09-25T20:06:02.000Z"",""superseded"":false,""id"":1,""createdAt"":""2026-09-25T16:35:48.629Z"",""updatedAt"":""2026-09-26T08:52:51.423Z""}",578
EVT-AUTH-002--1790412771873,AUTH-002,1,2026-09-25T20:08:50.000Z,,UTILITY_CHECK_COMPLETED,IDENTITY_VALIDATION,,,,,,"{""result_id"":""RES-AUTH-002-3"",""case_run_id"":""AUTH-002"",""submission_version"":1,""sequence"":null,""agent_id"":null,""utility_name"":null,""check_type"":""IDENTITY_VALIDATION"",""status"":null,""findings_json"":""{\""reason\"":\""Mandatory authority evidence missing\""}"",""reason_codes"":"""",""evidence_references"":"""",""confidence"":null,""human_review_required"":false,""recommended_next_step"":null,""rule_ids"":"""",""rule_status_used"":null,""created_at"":""2026-09-25T20:06:02.000Z"",""superseded"":false,""id"":1,""createdAt"":""2026-09-25T16:35:48.629Z"",""updatedAt"":""2026-09-26T08:52:51.810Z""}",579
EVT-AUTH-002--1790412772181,AUTH-002,1,2026-09-25T20:08:50.000Z,,UTILITY_CHECK_COMPLETED,AUTHORITY_VALIDATION,,,,,,"{""result_id"":""RES-AUTH-002-4"",""case_run_id"":""AUTH-002"",""submission_version"":1,""sequence"":null,""agent_id"":null,""utility_name"":null,""check_type"":""AUTHORITY_VALIDATION"",""status"":null,""findings_json"":""{\""reason\"":\""Mandatory authority evidence missing\""}"",""reason_codes"":"""",""evidence_references"":"""",""confidence"":null,""human_review_required"":false,""recommended_next_step"":null,""rule_ids"":"""",""rule_status_used"":null,""created_at"":""2026-09-25T20:06:02.000Z"",""superseded"":false,""id"":1,""createdAt"":""2026-09-25T16:35:48.629Z"",""updatedAt"":""2026-09-26T08:52:52.130Z""}",580
EVT-AUTH-002--1790412772495,AUTH-002,1,2026-09-25T20:08:50.000Z,,UTILITY_CHECK_COMPLETED,SYSTEM_DATA_CHECK,,,,,,"{""result_id"":""RES-AUTH-002-5"",""case_run_id"":""AUTH-002"",""submission_version"":1,""sequence"":null,""agent_id"":null,""utility_name"":null,""check_type"":""SYSTEM_DATA_CHECK"",""status"":null,""findings_json"":""{\""reason\"":\""Mandatory authority evidence missing\""}"",""reason_codes"":"""",""evidence_references"":"""",""confidence"":null,""human_review_required"":false,""recommended_next_step"":null,""rule_ids"":"""",""rule_status_used"":null,""created_at"":""2026-09-25T20:06:02.000Z"",""superseded"":false,""id"":1,""createdAt"":""2026-09-25T16:35:48.629Z"",""updatedAt"":""2026-09-26T08:52:52.442Z""}",581
EVT-AUTH-002--1790412772834,AUTH-002,1,2026-09-25T20:08:50.000Z,,UTILITY_CHECK_COMPLETED,FINANCIAL_CHECK,,,,,,"{""result_id"":""RES-AUTH-002-6"",""case_run_id"":""AUTH-002"",""submission_version"":1,""sequence"":null,""agent_id"":null,""utility_name"":null,""check_type"":""FINANCIAL_CHECK"",""status"":null,""findings_json"":""{\""reason\"":\""Mandatory authority evidence missing\""}"",""reason_codes"":"""",""evidence_references"":"""",""confidence"":null,""human_review_required"":false,""recommended_next_step"":null,""rule_ids"":"""",""rule_status_used"":null,""created_at"":""2026-09-25T20:06:02.000Z"",""superseded"":false,""id"":1,""createdAt"":""2026-09-25T16:35:48.629Z"",""updatedAt"":""2026-09-26T08:52:52.781Z""}",582
EVT-AUTH-002--1790412773138,AUTH-002,1,2026-09-25T20:08:50.000Z,,UTILITY_CHECK_COMPLETED,FINAL_VERIFICATION,,,,,,"{""result_id"":""RES-AUTH-002-7"",""case_run_id"":""AUTH-002"",""submission_version"":1,""sequence"":null,""agent_id"":null,""utility_name"":null,""check_type"":""FINAL_VERIFICATION"",""status"":null,""findings_json"":""{\""reason\"":\""Mandatory authority evidence missing\""}"",""reason_codes"":"""",""evidence_references"":"""",""confidence"":null,""human_review_required"":false,""recommended_next_step"":null,""rule_ids"":"""",""rule_status_used"":null,""created_at"":""2026-09-25T20:06:02.000Z"",""superseded"":false,""id"":1,""createdAt"":""2026-09-25T16:35:48.629Z"",""updatedAt"":""2026-09-26T08:52:53.078Z""}",583
EVT-AUTH-002--1790412898142,AUTH-002,1,2026-09-25T20:08:50.000Z,,UTILITY_CHECK_COMPLETED,DOCUMENT_EXTRACTION,,,,A,documents/AUTH-002,"{""result_id"":""RES-AUTH-002-1"",""case_run_id"":""AUTH-002"",""submission_version"":1,""sequence"":null,""agent_id"":null,""utility_name"":null,""check_type"":""DOCUMENT_EXTRACTION"",""status"":null,""findings_json"":""{\""documents_expected\"":3,\""documents_present\"":2,\""missing\"":[\""AUTHORITY_LETTER\""],\""all_readable\"":true}"",""reason_codes"":""AUTHORITY_MISSING"",""evidence_references"":""documents/AUTH-002"",""confidence"":null,""human_review_required"":false,""recommended_next_step"":null,""rule_ids"":""AUTH-002"",""rule_status_used"":null,""created_at"":""2026-09-25T20:06:02.000Z"",""superseded"":false,""id"":1,""createdAt"":""2026-09-25T16:35:48.629Z"",""updatedAt"":""2026-09-26T08:54:58.088Z""}",588
EVT-AUTH-002--1790412898478,AUTH-002,1,2026-09-25T20:08:50.000Z,,UTILITY_CHECK_COMPLETED,BUSINESS_VALIDATION,,,,,,"{""result_id"":""RES-AUTH-002-2"",""case_run_id"":""AUTH-002"",""submission_version"":1,""sequence"":null,""agent_id"":null,""utility_name"":null,""check_type"":""BUSINESS_VALIDATION"",""status"":null,""findings_json"":""{\""reason\"":\""Mandatory authority evidence missing\""}"",""reason_codes"":"""",""evidence_references"":"""",""confidence"":null,""human_review_required"":false,""recommended_next_step"":null,""rule_ids"":"""",""rule_status_used"":null,""created_at"":""2026-09-25T20:06:02.000Z"",""superseded"":false,""id"":1,""createdAt"":""2026-09-25T16:35:48.629Z"",""updatedAt"":""2026-09-26T08:54:58.420Z""}",589
EVT-AUTH-002--1790412898766,AUTH-002,1,2026-09-25T20:08:50.000Z,,UTILITY_CHECK_COMPLETED,IDENTITY_VALIDATION,,,,,,"{""result_id"":""RES-AUTH-002-3"",""case_run_id"":""AUTH-002"",""submission_version"":1,""sequence"":null,""agent_id"":null,""utility_name"":null,""check_type"":""IDENTITY_VALIDATION"",""status"":null,""findings_json"":""{\""reason\"":\""Mandatory authority evidence missing\""}"",""reason_codes"":"""",""evidence_references"":"""",""confidence"":null,""human_review_required"":false,""recommended_next_step"":null,""rule_ids"":"""",""rule_status_used"":null,""created_at"":""2026-09-25T20:06:02.000Z"",""superseded"":false,""id"":1,""createdAt"":""2026-09-25T16:35:48.629Z"",""updatedAt"":""2026-09-26T08:54:58.719Z""}",590
EVT-AUTH-002--1790412899136,AUTH-002,1,2026-09-25T20:08:50.000Z,,UTILITY_CHECK_COMPLETED,AUTHORITY_VALIDATION,,,,,,"{""result_id"":""RES-AUTH-002-4"",""case_run_id"":""AUTH-002"",""submission_version"":1,""sequence"":null,""agent_id"":null,""utility_name"":null,""check_type"":""AUTHORITY_VALIDATION"",""status"":null,""findings_json"":""{\""reason\"":\""Mandatory authority evidence missing\""}"",""reason_codes"":"""",""evidence_references"":"""",""confidence"":null,""human_review_required"":false,""recommended_next_step"":null,""rule_ids"":"""",""rule_status_used"":null,""created_at"":""2026-09-25T20:06:02.000Z"",""superseded"":false,""id"":1,""createdAt"":""2026-09-25T16:35:48.629Z"",""updatedAt"":""2026-09-26T08:54:59.048Z""}",591
EVT-AUTH-002--1790412899450,AUTH-002,1,2026-09-25T20:08:50.000Z,,UTILITY_CHECK_COMPLETED,SYSTEM_DATA_CHECK,,,,,,"{""result_id"":""RES-AUTH-002-5"",""case_run_id"":""AUTH-002"",""submission_version"":1,""sequence"":null,""agent_id"":null,""utility_name"":null,""check_type"":""SYSTEM_DATA_CHECK"",""status"":null,""findings_json"":""{\""reason\"":\""Mandatory authority evidence missing\""}"",""reason_codes"":"""",""evidence_references"":"""",""confidence"":null,""human_review_required"":false,""recommended_next_step"":null,""rule_ids"":"""",""rule_status_used"":null,""created_at"":""2026-09-25T20:06:02.000Z"",""superseded"":false,""id"":1,""createdAt"":""2026-09-25T16:35:48.629Z"",""updatedAt"":""2026-09-26T08:54:59.391Z""}",592
EVT-AUTH-002--1790412899764,AUTH-002,1,2026-09-25T20:08:50.000Z,,UTILITY_CHECK_COMPLETED,FINANCIAL_CHECK,,,,,,"{""result_id"":""RES-AUTH-002-6"",""case_run_id"":""AUTH-002"",""submission_version"":1,""sequence"":null,""agent_id"":null,""utility_name"":null,""check_type"":""FINANCIAL_CHECK"",""status"":null,""findings_json"":""{\""reason\"":\""Mandatory authority evidence missing\""}"",""reason_codes"":"""",""evidence_references"":"""",""confidence"":null,""human_review_required"":false,""recommended_next_step"":null,""rule_ids"":"""",""rule_status_used"":null,""created_at"":""2026-09-25T20:06:02.000Z"",""superseded"":false,""id"":1,""createdAt"":""2026-09-25T16:35:48.629Z"",""updatedAt"":""2026-09-26T08:54:59.701Z""}",593
EVT-AUTH-002--1790412900124,AUTH-002,1,2026-09-25T20:08:50.000Z,,UTILITY_CHECK_COMPLETED,FINAL_VERIFICATION,,,,,,"{""result_id"":""RES-AUTH-002-7"",""case_run_id"":""AUTH-002"",""submission_version"":1,""sequence"":null,""agent_id"":null,""utility_name"":null,""check_type"":""FINAL_VERIFICATION"",""status"":null,""findings_json"":""{\""reason\"":\""Mandatory authority evidence missing\""}"",""reason_codes"":"""",""evidence_references"":"""",""confidence"":null,""human_review_required"":false,""recommended_next_step"":null,""rule_ids"":"""",""rule_status_used"":null,""created_at"":""2026-09-25T20:06:02.000Z"",""superseded"":false,""id"":1,""createdAt"":""2026-09-25T16:35:48.629Z"",""updatedAt"":""2026-09-26T08:55:00.034Z""}",594
EVT-AUTH-002--1790413027366,AUTH-002,1,2026-09-25T20:08:50.000Z,,UTILITY_CHECK_COMPLETED,DOCUMENT_EXTRACTION,,,,A,documents/AUTH-002,"{""result_id"":""RES-AUTH-002-1"",""case_run_id"":""AUTH-002"",""submission_version"":1,""sequence"":null,""agent_id"":null,""utility_name"":null,""check_type"":""DOCUMENT_EXTRACTION"",""status"":null,""findings_json"":""{\""documents_expected\"":3,\""documents_present\"":2,\""missing\"":[\""AUTHORITY_LETTER\""],\""all_readable\"":true}"",""reason_codes"":""AUTHORITY_MISSING"",""evidence_references"":""documents/AUTH-002"",""confidence"":null,""human_review_required"":false,""recommended_next_step"":null,""rule_ids"":""AUTH-002"",""rule_status_used"":null,""created_at"":""2026-09-25T20:06:02.000Z"",""superseded"":false,""id"":1,""createdAt"":""2026-09-25T16:35:48.629Z"",""updatedAt"":""2026-09-26T08:57:07.293Z""}",600
EVT-AUTH-002--1790413027691,AUTH-002,1,2026-09-25T20:08:50.000Z,,UTILITY_CHECK_COMPLETED,BUSINESS_VALIDATION,,,,,,"{""result_id"":""RES-AUTH-002-2"",""case_run_id"":""AUTH-002"",""submission_version"":1,""sequence"":null,""agent_id"":null,""utility_name"":null,""check_type"":""BUSINESS_VALIDATION"",""status"":null,""findings_json"":""{\""reason\"":\""Mandatory authority evidence missing\""}"",""reason_codes"":"""",""evidence_references"":"""",""confidence"":null,""human_review_required"":false,""recommended_next_step"":null,""rule_ids"":"""",""rule_status_used"":null,""created_at"":""2026-09-25T20:06:02.000Z"",""superseded"":false,""id"":1,""createdAt"":""2026-09-25T16:35:48.629Z"",""updatedAt"":""2026-09-26T08:57:07.640Z""}",601
EVT-AUTH-002--1790413028014,AUTH-002,1,2026-09-25T20:08:50.000Z,,UTILITY_CHECK_COMPLETED,IDENTITY_VALIDATION,,,,,,"{""result_id"":""RES-AUTH-002-3"",""case_run_id"":""AUTH-002"",""submission_version"":1,""sequence"":null,""agent_id"":null,""utility_name"":null,""check_type"":""IDENTITY_VALIDATION"",""status"":null,""findings_json"":""{\""reason\"":\""Mandatory authority evidence missing\""}"",""reason_codes"":"""",""evidence_references"":"""",""confidence"":null,""human_review_required"":false,""recommended_next_step"":null,""rule_ids"":"""",""rule_status_used"":null,""created_at"":""2026-09-25T20:06:02.000Z"",""superseded"":false,""id"":1,""createdAt"":""2026-09-25T16:35:48.629Z"",""updatedAt"":""2026-09-26T08:57:07.953Z""}",602
EVT-AUTH-002--1790413028342,AUTH-002,1,2026-09-25T20:08:50.000Z,,UTILITY_CHECK_COMPLETED,AUTHORITY_VALIDATION,,,,,,"{""result_id"":""RES-AUTH-002-4"",""case_run_id"":""AUTH-002"",""submission_version"":1,""sequence"":null,""agent_id"":null,""utility_name"":null,""check_type"":""AUTHORITY_VALIDATION"",""status"":null,""findings_json"":""{\""reason\"":\""Mandatory authority evidence missing\""}"",""reason_codes"":"""",""evidence_references"":"""",""confidence"":null,""human_review_required"":false,""recommended_next_step"":null,""rule_ids"":"""",""rule_status_used"":null,""created_at"":""2026-09-25T20:06:02.000Z"",""superseded"":false,""id"":1,""createdAt"":""2026-09-25T16:35:48.629Z"",""updatedAt"":""2026-09-26T08:57:08.288Z""}",603
EVT-AUTH-002--1790413028662,AUTH-002,1,2026-09-25T20:08:50.000Z,,UTILITY_CHECK_COMPLETED,SYSTEM_DATA_CHECK,,,,,,"{""result_id"":""RES-AUTH-002-5"",""case_run_id"":""AUTH-002"",""submission_version"":1,""sequence"":null,""agent_id"":null,""utility_name"":null,""check_type"":""SYSTEM_DATA_CHECK"",""status"":null,""findings_json"":""{\""reason\"":\""Mandatory authority evidence missing\""}"",""reason_codes"":"""",""evidence_references"":"""",""confidence"":null,""human_review_required"":false,""recommended_next_step"":null,""rule_ids"":"""",""rule_status_used"":null,""created_at"":""2026-09-25T20:06:02.000Z"",""superseded"":false,""id"":1,""createdAt"":""2026-09-25T16:35:48.629Z"",""updatedAt"":""2026-09-26T08:57:08.600Z""}",604
EVT-AUTH-002--1790413028970,AUTH-002,1,2026-09-25T20:08:50.000Z,,UTILITY_CHECK_COMPLETED,FINANCIAL_CHECK,,,,,,"{""result_id"":""RES-AUTH-002-6"",""case_run_id"":""AUTH-002"",""submission_version"":1,""sequence"":null,""agent_id"":null,""utility_name"":null,""check_type"":""FINANCIAL_CHECK"",""status"":null,""findings_json"":""{\""reason\"":\""Mandatory authority evidence missing\""}"",""reason_codes"":"""",""evidence_references"":"""",""confidence"":null,""human_review_required"":false,""recommended_next_step"":null,""rule_ids"":"""",""rule_status_used"":null,""created_at"":""2026-09-25T20:06:02.000Z"",""superseded"":false,""id"":1,""createdAt"":""2026-09-25T16:35:48.629Z"",""updatedAt"":""2026-09-26T08:57:08.915Z""}",605
EVT-AUTH-002--1790413029294,AUTH-002,1,2026-09-25T20:08:50.000Z,,UTILITY_CHECK_COMPLETED,FINAL_VERIFICATION,,,,,,"{""result_id"":""RES-AUTH-002-7"",""case_run_id"":""AUTH-002"",""submission_version"":1,""sequence"":null,""agent_id"":null,""utility_name"":null,""check_type"":""FINAL_VERIFICATION"",""status"":null,""findings_json"":""{\""reason\"":\""Mandatory authority evidence missing\""}"",""reason_codes"":"""",""evidence_references"":"""",""confidence"":null,""human_review_required"":false,""recommended_next_step"":null,""rule_ids"":"""",""rule_status_used"":null,""created_at"":""2026-09-25T20:06:02.000Z"",""superseded"":false,""id"":1,""createdAt"":""2026-09-25T16:35:48.629Z"",""updatedAt"":""2026-09-26T08:57:09.228Z""}",606
EVT-AUTH-002--1790413111104,AUTH-002,1,2026-09-25T20:08:50.000Z,,UTILITY_CHECK_COMPLETED,DOCUMENT_EXTRACTION,,,,A,documents/AUTH-002,"{""result_id"":""RES-AUTH-002-1"",""case_run_id"":""AUTH-002"",""submission_version"":1,""sequence"":null,""agent_id"":null,""utility_name"":null,""check_type"":""DOCUMENT_EXTRACTION"",""status"":null,""findings_json"":""{\""documents_expected\"":3,\""documents_present\"":2,\""missing\"":[\""AUTHORITY_LETTER\""],\""all_readable\"":true}"",""reason_codes"":""AUTHORITY_MISSING"",""evidence_references"":""documents/AUTH-002"",""confidence"":null,""human_review_required"":false,""recommended_next_step"":null,""rule_ids"":""AUTH-002"",""rule_status_used"":null,""created_at"":""2026-09-25T20:06:02.000Z"",""superseded"":false,""id"":1,""createdAt"":""2026-09-25T16:35:48.629Z"",""updatedAt"":""2026-09-26T08:58:31.052Z""}",616
EVT-AUTH-003--1790413203964,AUTH-003,1,2026-09-25T20:08:50.000Z,,UTILITY_CHECK_COMPLETED,DOCUMENT_EXTRACTION,,,,,documents/AUTH-003,"{""result_id"":""RES-AUTH-003-1"",""case_run_id"":""AUTH-003"",""submission_version"":1,""sequence"":null,""agent_id"":null,""utility_name"":null,""check_type"":""DOCUMENT_EXTRACTION"",""status"":null,""findings_json"":""{\""documents_expected\"":3,\""documents_present\"":3,\""missing\"":[],\""all_readable\"":true}"",""reason_codes"":"""",""evidence_references"":""documents/AUTH-003"",""confidence"":null,""human_review_required"":false,""recommended_next_step"":null,""rule_ids"":"""",""rule_status_used"":null,""created_at"":""2026-09-25T20:06:02.000Z"",""superseded"":false,""id"":1,""createdAt"":""2026-09-25T16:35:48.629Z"",""updatedAt"":""2026-09-26T09:00:03.904Z""}",621
EVT-AUTH-003--1790413204319,AUTH-003,1,2026-09-25T20:08:50.000Z,,UTILITY_CHECK_COMPLETED,BUSINESS_VALIDATION,,,,B,Business_Register row for AU-DEMO-BIZ-1002,"{""result_id"":""RES-AUTH-003-2"",""case_run_id"":""AUTH-003"",""submission_version"":1,""sequence"":null,""agent_id"":null,""utility_name"":null,""check_type"":""BUSINESS_VALIDATION"",""status"":null,""findings_json"":""{\""lookup_status\"":\""SUCCESS\"",\""registration_status\"":\""ACTIVE\"",\""name_match\"":true,\""identifier_match\"":true}"",""reason_codes"":""BUSINESS_ACTIVE"",""evidence_references"":""Business_Register row for AU-DEMO-BIZ-1002"",""confidence"":null,""human_review_required"":false,""recommended_next_step"":null,""rule_ids"":""REG-001"",""rule_status_used"":null,""created_at"":""2026-09-25T20:06:02.000Z"",""superseded"":false,""id"":1,""createdAt"":""2026-09-25T16:35:48.629Z"",""updatedAt"":""2026-09-26T09:00:04.266Z""}",622
EVT-AUTH-003--1790413204688,AUTH-003,1,2026-09-25T20:08:50.000Z,,UTILITY_CHECK_COMPLETED,IDENTITY_VALIDATION,,,,I,documents/AUTH-003/AUTH-003_Identity_Profile.pdf,"{""result_id"":""RES-AUTH-003-3"",""case_run_id"":""AUTH-003"",""submission_version"":1,""sequence"":null,""agent_id"":null,""utility_name"":null,""check_type"":""IDENTITY_VALIDATION"",""status"":null,""findings_json"":""{\""name_match\"":true,\""identity_status\"":\""VALID_SYNTHETIC\"",\""expired\"":false}"",""reason_codes"":""IDENTITY_VERIFIED"",""evidence_references"":""documents/AUTH-003/AUTH-003_Identity_Profile.pdf"",""confidence"":null,""human_review_required"":false,""recommended_next_step"":null,""rule_ids"":""ID-001"",""rule_status_used"":null,""created_at"":""2026-09-25T20:06:02.000Z"",""superseded"":false,""id"":1,""createdAt"":""2026-09-25T16:35:48.629Z"",""updatedAt"":""2026-09-26T09:00:04.628Z""}",623
EVT-AUTH-003--1790413205057,AUTH-003,1,2026-09-25T20:08:50.000Z,,UTILITY_CHECK_COMPLETED,AUTHORITY_VALIDATION,,,,A,documents/AUTH-003/AUTH-003_AUTHORITY_LETTER.pdf,"{""result_id"":""RES-AUTH-003-4"",""case_run_id"":""AUTH-003"",""submission_version"":1,""sequence"":null,""agent_id"":null,""utility_name"":null,""check_type"":""AUTHORITY_VALIDATION"",""status"":null,""findings_json"":""{\""representative_named\"":true,\""account_enquiries\"":true,\""service_ordering\"":false,\""contract_signing\"":false,\""scope\"":\""AMBIGUOUS\""}"",""reason_codes"":""AUTHORITY_SCOPE_AMBIGUOUS"",""evidence_references"":""documents/AUTH-003/AUTH-003_AUTHORITY_LETTER.pdf"",""confidence"":null,""human_review_required"":false,""recommended_next_step"":null,""rule_ids"":""AUTH-004"",""rule_status_used"":null,""created_at"":""2026-09-25T20:06:02.000Z"",""superseded"":false,""id"":1,""createdAt"":""2026-09-25T16:35:48.629Z"",""updatedAt"":""2026-09-26T09:00:04.984Z""}",624
EVT-AUTH-010--1790413294600,AUTH-010,1,2026-09-25T20:08:50.000Z,,UTILITY_CHECK_COMPLETED,DOCUMENT_EXTRACTION,,,,,documents/AUTH-010,"{""result_id"":""RES-AUTH-010-1"",""case_run_id"":""AUTH-010"",""submission_version"":1,""sequence"":null,""agent_id"":null,""utility_name"":null,""check_type"":""DOCUMENT_EXTRACTION"",""status"":null,""findings_json"":""{\""documents_expected\"":3,\""documents_present\"":3,\""missing\"":[],\""all_readable\"":true}"",""reason_codes"":"""",""evidence_references"":""documents/AUTH-010"",""confidence"":null,""human_review_required"":false,""recommended_next_step"":null,""rule_ids"":"""",""rule_status_used"":null,""created_at"":""2026-09-25T20:06:02.000Z"",""superseded"":false,""id"":1,""createdAt"":""2026-09-25T16:35:48.629Z"",""updatedAt"":""2026-09-26T09:01:34.531Z""}",629
EVT-AUTH-010--1790413294949,AUTH-010,1,2026-09-25T20:08:50.000Z,,UTILITY_CHECK_COMPLETED,BUSINESS_VALIDATION,,,,B,Business_Register row for AU-DEMO-BIZ-1006,"{""result_id"":""RES-AUTH-010-2"",""case_run_id"":""AUTH-010"",""submission_version"":1,""sequence"":null,""agent_id"":null,""utility_name"":null,""check_type"":""BUSINESS_VALIDATION"",""status"":null,""findings_json"":""{\""lookup_status\"":\""SUCCESS\"",\""registration_status\"":\""ACTIVE\"",\""name_match\"":true,\""identifier_match\"":true}"",""reason_codes"":""BUSINESS_ACTIVE"",""evidence_references"":""Business_Register row for AU-DEMO-BIZ-1006"",""confidence"":null,""human_review_required"":false,""recommended_next_step"":null,""rule_ids"":""REG-001"",""rule_status_used"":null,""created_at"":""2026-09-25T20:06:02.000Z"",""superseded"":false,""id"":1,""createdAt"":""2026-09-25T16:35:48.629Z"",""updatedAt"":""2026-09-26T09:01:34.881Z""}",630
EVT-AUTH-010--1790413295311,AUTH-010,1,2026-09-25T20:08:50.000Z,,UTILITY_CHECK_COMPLETED,IDENTITY_VALIDATION,,,,I,documents/AUTH-010/AUTH-010_Identity_Profile.pdf,"{""result_id"":""RES-AUTH-010-3"",""case_run_id"":""AUTH-010"",""submission_version"":1,""sequence"":null,""agent_id"":null,""utility_name"":null,""check_type"":""IDENTITY_VALIDATION"",""status"":null,""findings_json"":""{\""name_match\"":true,\""identity_status\"":\""VALID_SYNTHETIC\"",\""expired\"":false}"",""reason_codes"":""IDENTITY_VERIFIED"",""evidence_references"":""documents/AUTH-010/AUTH-010_Identity_Profile.pdf"",""confidence"":null,""human_review_required"":false,""recommended_next_step"":null,""rule_ids"":""ID-001"",""rule_status_used"":null,""created_at"":""2026-09-25T20:06:02.000Z"",""superseded"":false,""id"":1,""createdAt"":""2026-09-25T16:35:48.629Z"",""updatedAt"":""2026-09-26T09:01:35.221Z""}",631
EVT-AUTH-010--1790413295627,AUTH-010,1,2026-09-25T20:08:50.000Z,,UTILITY_CHECK_COMPLETED,AUTHORITY_VALIDATION,,,,A,documents/AUTH-010/AUTH-010_AUTHORITY_LETTER.pdf,"{""result_id"":""RES-AUTH-010-4"",""case_run_id"":""AUTH-010"",""submission_version"":1,""sequence"":null,""agent_id"":null,""utility_name"":null,""check_type"":""AUTHORITY_VALIDATION"",""status"":null,""findings_json"":""{\""representative_named\"":true,\""account_management\"":true,\""service_ordering\"":true,\""contract_signing\"":true,\""scope\"":\""CLEAR\""}"",""reason_codes"":""AUTHORITY_SCOPE_CLEAR"",""evidence_references"":""documents/AUTH-010/AUTH-010_AUTHORITY_LETTER.pdf"",""confidence"":null,""human_review_required"":false,""recommended_next_step"":null,""rule_ids"":""AUTH-003"",""rule_status_used"":null,""created_at"":""2026-09-25T20:06:02.000Z"",""superseded"":false,""id"":1,""createdAt"":""2026-09-25T16:35:48.629Z"",""updatedAt"":""2026-09-26T09:01:35.575Z""}",632
EVT-AUTH-010--1790413295927,AUTH-010,1,2026-09-25T20:08:50.000Z,,UTILITY_CHECK_COMPLETED,SYSTEM_DATA_CHECK,,,,,CRM_Accounts record for CUST-DEMO-AU-1006,"{""result_id"":""RES-AUTH-010-5"",""case_run_id"":""AUTH-010"",""submission_version"":1,""sequence"":null,""agent_id"":null,""utility_name"":null,""check_type"":""SYSTEM_DATA_CHECK"",""status"":null,""findings_json"":""{\""pid_count\"":1,\""legal_name_consistent\"":true,\""open_duplicate_request\"":false}"",""reason_codes"":"""",""evidence_references"":""CRM_Accounts record for CUST-DEMO-AU-1006"",""confidence"":null,""human_review_required"":false,""recommended_next_step"":null,""rule_ids"":"""",""rule_status_used"":null,""created_at"":""2026-09-25T20:06:02.000Z"",""superseded"":false,""id"":1,""createdAt"":""2026-09-25T16:35:48.629Z"",""updatedAt"":""2026-09-26T09:01:35.876Z""}",633
EVT-AUTH-010--1790413296241,AUTH-010,1,2026-09-25T20:08:50.000Z,,UTILITY_CHECK_COMPLETED,FINANCIAL_CHECK,,,,C,Financial_Records record for CUST-DEMO-AU-1006,"{""result_id"":""RES-AUTH-010-6"",""case_run_id"":""AUTH-010"",""submission_version"":1,""sequence"":null,""agent_id"":null,""utility_name"":null,""check_type"":""FINANCIAL_CHECK"",""status"":null,""findings_json"":""{\""credit_hold\"":true,\""outstanding_amount\"":12450,\""policy_status\"":\""TBD\""}"",""reason_codes"":""CREDIT_HOLD; TBD_POLICY"",""evidence_references"":""Financial_Records record for CUST-DEMO-AU-1006"",""confidence"":null,""human_review_required"":false,""recommended_next_step"":null,""rule_ids"":""FIN-002; CTRL-001"",""rule_status_used"":null,""created_at"":""2026-09-25T20:06:02.000Z"",""superseded"":false,""id"":1,""createdAt"":""2026-09-25T16:35:48.629Z"",""updatedAt"":""2026-09-26T09:01:36.187Z""}",634
EVT-AUTH-010--1790413296603,AUTH-010,1,2026-09-25T20:08:50.000Z,,UTILITY_CHECK_COMPLETED,FINAL_VERIFICATION,,,,,,"{""result_id"":""RES-AUTH-010-7"",""case_run_id"":""AUTH-010"",""submission_version"":1,""sequence"":null,""agent_id"":null,""utility_name"":null,""check_type"":""FINAL_VERIFICATION"",""status"":null,""findings_json"":""{\""reason\"":\""TBD financial policy requires human review\""}"",""reason_codes"":"""",""evidence_references"":"""",""confidence"":null,""human_review_required"":false,""recommended_next_step"":null,""rule_ids"":"""",""rule_status_used"":null,""created_at"":""2026-09-25T20:06:02.000Z"",""superseded"":false,""id"":1,""createdAt"":""2026-09-25T16:35:48.629Z"",""updatedAt"":""2026-09-26T09:01:36.533Z""}",635
EVT-AUTH-010--1790413368373,AUTH-010,1,2026-09-25T20:08:50.000Z,,UTILITY_CHECK_COMPLETED,DOCUMENT_EXTRACTION,,,,,documents/AUTH-010,"{""result_id"":""RES-AUTH-010-1"",""case_run_id"":""AUTH-010"",""submission_version"":1,""sequence"":null,""agent_id"":null,""utility_name"":null,""check_type"":""DOCUMENT_EXTRACTION"",""status"":null,""findings_json"":""{\""documents_expected\"":3,\""documents_present\"":3,\""missing\"":[],\""all_readable\"":true}"",""reason_codes"":"""",""evidence_references"":""documents/AUTH-010"",""confidence"":null,""human_review_required"":false,""recommended_next_step"":null,""rule_ids"":"""",""rule_status_used"":null,""created_at"":""2026-09-25T20:06:02.000Z"",""superseded"":false,""id"":1,""createdAt"":""2026-09-25T16:35:48.629Z"",""updatedAt"":""2026-09-26T09:02:48.311Z""}",641
EVT-AUTH-010--1790413368678,AUTH-010,1,2026-09-25T20:08:50.000Z,,UTILITY_CHECK_COMPLETED,BUSINESS_VALIDATION,,,,B,Business_Register row for AU-DEMO-BIZ-1006,"{""result_id"":""RES-AUTH-010-2"",""case_run_id"":""AUTH-010"",""submission_version"":1,""sequence"":null,""agent_id"":null,""utility_name"":null,""check_type"":""BUSINESS_VALIDATION"",""status"":null,""findings_json"":""{\""lookup_status\"":\""SUCCESS\"",\""registration_status\"":\""ACTIVE\"",\""name_match\"":true,\""identifier_match\"":true}"",""reason_codes"":""BUSINESS_ACTIVE"",""evidence_references"":""Business_Register row for AU-DEMO-BIZ-1006"",""confidence"":null,""human_review_required"":false,""recommended_next_step"":null,""rule_ids"":""REG-001"",""rule_status_used"":null,""created_at"":""2026-09-25T20:06:02.000Z"",""superseded"":false,""id"":1,""createdAt"":""2026-09-25T16:35:48.629Z"",""updatedAt"":""2026-09-26T09:02:48.631Z""}",642
EVT-AUTH-010--1790413369001,AUTH-010,1,2026-09-25T20:08:50.000Z,,UTILITY_CHECK_COMPLETED,IDENTITY_VALIDATION,,,,I,documents/AUTH-010/AUTH-010_Identity_Profile.pdf,"{""result_id"":""RES-AUTH-010-3"",""case_run_id"":""AUTH-010"",""submission_version"":1,""sequence"":null,""agent_id"":null,""utility_name"":null,""check_type"":""IDENTITY_VALIDATION"",""status"":null,""findings_json"":""{\""name_match\"":true,\""identity_status\"":\""VALID_SYNTHETIC\"",\""expired\"":false}"",""reason_codes"":""IDENTITY_VERIFIED"",""evidence_references"":""documents/AUTH-010/AUTH-010_Identity_Profile.pdf"",""confidence"":null,""human_review_required"":false,""recommended_next_step"":null,""rule_ids"":""ID-001"",""rule_status_used"":null,""created_at"":""2026-09-25T20:06:02.000Z"",""superseded"":false,""id"":1,""createdAt"":""2026-09-25T16:35:48.629Z"",""updatedAt"":""2026-09-26T09:02:48.935Z""}",643
EVT-AUTH-010--1790413369382,AUTH-010,1,2026-09-25T20:08:50.000Z,,UTILITY_CHECK_COMPLETED,AUTHORITY_VALIDATION,,,,A,documents/AUTH-010/AUTH-010_AUTHORITY_LETTER.pdf,"{""result_id"":""RES-AUTH-010-4"",""case_run_id"":""AUTH-010"",""submission_version"":1,""sequence"":null,""agent_id"":null,""utility_name"":null,""check_type"":""AUTHORITY_VALIDATION"",""status"":null,""findings_json"":""{\""representative_named\"":true,\""account_management\"":true,\""service_ordering\"":true,\""contract_signing\"":true,\""scope\"":\""CLEAR\""}"",""reason_codes"":""AUTHORITY_SCOPE_CLEAR"",""evidence_references"":""documents/AUTH-010/AUTH-010_AUTHORITY_LETTER.pdf"",""confidence"":null,""human_review_required"":false,""recommended_next_step"":null,""rule_ids"":""AUTH-003"",""rule_status_used"":null,""created_at"":""2026-09-25T20:06:02.000Z"",""superseded"":false,""id"":1,""createdAt"":""2026-09-25T16:35:48.629Z"",""updatedAt"":""2026-09-26T09:02:49.324Z""}",644
EVT-AUTH-010--1790413369684,AUTH-010,1,2026-09-25T20:08:50.000Z,,UTILITY_CHECK_COMPLETED,SYSTEM_DATA_CHECK,,,,,CRM_Accounts record for CUST-DEMO-AU-1006,"{""result_id"":""RES-AUTH-010-5"",""case_run_id"":""AUTH-010"",""submission_version"":1,""sequence"":null,""agent_id"":null,""utility_name"":null,""check_type"":""SYSTEM_DATA_CHECK"",""status"":null,""findings_json"":""{\""pid_count\"":1,\""legal_name_consistent\"":true,\""open_duplicate_request\"":false}"",""reason_codes"":"""",""evidence_references"":""CRM_Accounts record for CUST-DEMO-AU-1006"",""confidence"":null,""human_review_required"":false,""recommended_next_step"":null,""rule_ids"":"""",""rule_status_used"":null,""created_at"":""2026-09-25T20:06:02.000Z"",""superseded"":false,""id"":1,""createdAt"":""2026-09-25T16:35:48.629Z"",""updatedAt"":""2026-09-26T09:02:49.626Z""}",645
EVT-AUTH-010--1790413369997,AUTH-010,1,2026-09-25T20:08:50.000Z,,UTILITY_CHECK_COMPLETED,FINANCIAL_CHECK,,,,C,Financial_Records record for CUST-DEMO-AU-1006,"{""result_id"":""RES-AUTH-010-6"",""case_run_id"":""AUTH-010"",""submission_version"":1,""sequence"":null,""agent_id"":null,""utility_name"":null,""check_type"":""FINANCIAL_CHECK"",""status"":null,""findings_json"":""{\""credit_hold\"":true,\""outstanding_amount\"":12450,\""policy_status\"":\""TBD\""}"",""reason_codes"":""CREDIT_HOLD; TBD_POLICY"",""evidence_references"":""Financial_Records record for CUST-DEMO-AU-1006"",""confidence"":null,""human_review_required"":false,""recommended_next_step"":null,""rule_ids"":""FIN-002; CTRL-001"",""rule_status_used"":null,""created_at"":""2026-09-25T20:06:02.000Z"",""superseded"":false,""id"":1,""createdAt"":""2026-09-25T16:35:48.629Z"",""updatedAt"":""2026-09-26T09:02:49.924Z""}",646
EVT-AUTH-010--1790413370358,AUTH-010,1,2026-09-25T20:08:50.000Z,,UTILITY_CHECK_COMPLETED,FINAL_VERIFICATION,,,,,,"{""result_id"":""RES-AUTH-010-7"",""case_run_id"":""AUTH-010"",""submission_version"":1,""sequence"":null,""agent_id"":null,""utility_name"":null,""check_type"":""FINAL_VERIFICATION"",""status"":null,""findings_json"":""{\""reason\"":\""TBD financial policy requires human review\""}"",""reason_codes"":"""",""evidence_references"":"""",""confidence"":null,""human_review_required"":false,""recommended_next_step"":null,""rule_ids"":"""",""rule_status_used"":null,""created_at"":""2026-09-25T20:06:02.000Z"",""superseded"":false,""id"":1,""createdAt"":""2026-09-25T16:35:48.629Z"",""updatedAt"":""2026-09-26T09:02:50.285Z""}",647
EVT-AUTH-010--1790413854540,AUTH-010,1,2026-09-25T20:08:50.000Z,,UTILITY_CHECK_COMPLETED,DOCUMENT_EXTRACTION,,,,,documents/AUTH-010,"{""result_id"":""RES-AUTH-010-1"",""case_run_id"":""AUTH-010"",""submission_version"":1,""sequence"":null,""agent_id"":null,""utility_name"":null,""check_type"":""DOCUMENT_EXTRACTION"",""status"":null,""findings_json"":""{\""documents_expected\"":3,\""documents_present\"":3,\""missing\"":[],\""all_readable\"":true}"",""reason_codes"":"""",""evidence_references"":""documents/AUTH-010"",""confidence"":null,""human_review_required"":false,""recommended_next_step"":null,""rule_ids"":"""",""rule_status_used"":null,""created_at"":""2026-09-25T20:06:02.000Z"",""superseded"":false,""id"":1,""createdAt"":""2026-09-25T16:35:48.629Z"",""updatedAt"":""2026-09-26T09:10:54.492Z""}",653
EVT-AUTH-010--1790413854874,AUTH-010,1,2026-09-25T20:08:50.000Z,,UTILITY_CHECK_COMPLETED,BUSINESS_VALIDATION,,,,B,Business_Register row for AU-DEMO-BIZ-1006,"{""result_id"":""RES-AUTH-010-2"",""case_run_id"":""AUTH-010"",""submission_version"":1,""sequence"":null,""agent_id"":null,""utility_name"":null,""check_type"":""BUSINESS_VALIDATION"",""status"":null,""findings_json"":""{\""lookup_status\"":\""SUCCESS\"",\""registration_status\"":\""ACTIVE\"",\""name_match\"":true,\""identifier_match\"":true}"",""reason_codes"":""BUSINESS_ACTIVE"",""evidence_references"":""Business_Register row for AU-DEMO-BIZ-1006"",""confidence"":null,""human_review_required"":false,""recommended_next_step"":null,""rule_ids"":""REG-001"",""rule_status_used"":null,""created_at"":""2026-09-25T20:06:02.000Z"",""superseded"":false,""id"":1,""createdAt"":""2026-09-25T16:35:48.629Z"",""updatedAt"":""2026-09-26T09:10:54.804Z""}",654
EVT-AUTH-010--1790413855227,AUTH-010,1,2026-09-25T20:08:50.000Z,,UTILITY_CHECK_COMPLETED,IDENTITY_VALIDATION,,,,I,documents/AUTH-010/AUTH-010_Identity_Profile.pdf,"{""result_id"":""RES-AUTH-010-3"",""case_run_id"":""AUTH-010"",""submission_version"":1,""sequence"":null,""agent_id"":null,""utility_name"":null,""check_type"":""IDENTITY_VALIDATION"",""status"":null,""findings_json"":""{\""name_match\"":true,\""identity_status\"":\""VALID_SYNTHETIC\"",\""expired\"":false}"",""reason_codes"":""IDENTITY_VERIFIED"",""evidence_references"":""documents/AUTH-010/AUTH-010_Identity_Profile.pdf"",""confidence"":null,""human_review_required"":false,""recommended_next_step"":null,""rule_ids"":""ID-001"",""rule_status_used"":null,""created_at"":""2026-09-25T20:06:02.000Z"",""superseded"":false,""id"":1,""createdAt"":""2026-09-25T16:35:48.629Z"",""updatedAt"":""2026-09-26T09:10:55.151Z""}",655
EVT-AUTH-010--1790413855543,AUTH-010,1,2026-09-25T20:08:50.000Z,,UTILITY_CHECK_COMPLETED,AUTHORITY_VALIDATION,,,,A,documents/AUTH-010/AUTH-010_AUTHORITY_LETTER.pdf,"{""result_id"":""RES-AUTH-010-4"",""case_run_id"":""AUTH-010"",""submission_version"":1,""sequence"":null,""agent_id"":null,""utility_name"":null,""check_type"":""AUTHORITY_VALIDATION"",""status"":null,""findings_json"":""{\""representative_named\"":true,\""account_management\"":true,\""service_ordering\"":true,\""contract_signing\"":true,\""scope\"":\""CLEAR\""}"",""reason_codes"":""AUTHORITY_SCOPE_CLEAR"",""evidence_references"":""documents/AUTH-010/AUTH-010_AUTHORITY_LETTER.pdf"",""confidence"":null,""human_review_required"":false,""recommended_next_step"":null,""rule_ids"":""AUTH-003"",""rule_status_used"":null,""created_at"":""2026-09-25T20:06:02.000Z"",""superseded"":false,""id"":1,""createdAt"":""2026-09-25T16:35:48.629Z"",""updatedAt"":""2026-09-26T09:10:55.487Z""}",656
EVT-AUTH-010--1790413855861,AUTH-010,1,2026-09-25T20:08:50.000Z,,UTILITY_CHECK_COMPLETED,SYSTEM_DATA_CHECK,,,,,CRM_Accounts record for CUST-DEMO-AU-1006,"{""result_id"":""RES-AUTH-010-5"",""case_run_id"":""AUTH-010"",""submission_version"":1,""sequence"":null,""agent_id"":null,""utility_name"":null,""check_type"":""SYSTEM_DATA_CHECK"",""status"":null,""findings_json"":""{\""pid_count\"":1,\""legal_name_consistent\"":true,\""open_duplicate_request\"":false}"",""reason_codes"":"""",""evidence_references"":""CRM_Accounts record for CUST-DEMO-AU-1006"",""confidence"":null,""human_review_required"":false,""recommended_next_step"":null,""rule_ids"":"""",""rule_status_used"":null,""created_at"":""2026-09-25T20:06:02.000Z"",""superseded"":false,""id"":1,""createdAt"":""2026-09-25T16:35:48.629Z"",""updatedAt"":""2026-09-26T09:10:55.814Z""}",657
EVT-AUTH-010--1790413856177,AUTH-010,1,2026-09-25T20:08:50.000Z,,UTILITY_CHECK_COMPLETED,FINANCIAL_CHECK,,,,C,Financial_Records record for CUST-DEMO-AU-1006,"{""result_id"":""RES-AUTH-010-6"",""case_run_id"":""AUTH-010"",""submission_version"":1,""sequence"":null,""agent_id"":null,""utility_name"":null,""check_type"":""FINANCIAL_CHECK"",""status"":null,""findings_json"":""{\""credit_hold\"":true,\""outstanding_amount\"":12450,\""policy_status\"":\""TBD\""}"",""reason_codes"":""CREDIT_HOLD; TBD_POLICY"",""evidence_references"":""Financial_Records record for CUST-DEMO-AU-1006"",""confidence"":null,""human_review_required"":false,""recommended_next_step"":null,""rule_ids"":""FIN-002; CTRL-001"",""rule_status_used"":null,""created_at"":""2026-09-25T20:06:02.000Z"",""superseded"":false,""id"":1,""createdAt"":""2026-09-25T16:35:48.629Z"",""updatedAt"":""2026-09-26T09:10:56.108Z""}",658
EVT-AUTH-010--1790413856509,AUTH-010,1,2026-09-25T20:08:50.000Z,,UTILITY_CHECK_COMPLETED,FINAL_VERIFICATION,,,,,,"{""result_id"":""RES-AUTH-010-7"",""case_run_id"":""AUTH-010"",""submission_version"":1,""sequence"":null,""agent_id"":null,""utility_name"":null,""check_type"":""FINAL_VERIFICATION"",""status"":null,""findings_json"":""{\""reason\"":\""TBD financial policy requires human review\""}"",""reason_codes"":"""",""evidence_references"":"""",""confidence"":null,""human_review_required"":false,""recommended_next_step"":null,""rule_ids"":"""",""rule_status_used"":null,""created_at"":""2026-09-25T20:06:02.000Z"",""superseded"":false,""id"":1,""createdAt"":""2026-09-25T16:35:48.629Z"",""updatedAt"":""2026-09-26T09:10:56.446Z""}",659
EVT-AUTH-003--1790414004759,AUTH-003,1,2026-09-25T20:08:50.000Z,,UTILITY_CHECK_COMPLETED,DOCUMENT_EXTRACTION,,,,,documents/AUTH-003,"{""result_id"":""RES-AUTH-003-1"",""case_run_id"":""AUTH-003"",""submission_version"":1,""sequence"":null,""agent_id"":null,""utility_name"":null,""check_type"":""DOCUMENT_EXTRACTION"",""status"":null,""findings_json"":""{\""documents_expected\"":3,\""documents_present\"":3,\""missing\"":[],\""all_readable\"":true}"",""reason_codes"":"""",""evidence_references"":""documents/AUTH-003"",""confidence"":null,""human_review_required"":false,""recommended_next_step"":null,""rule_ids"":"""",""rule_status_used"":null,""created_at"":""2026-09-25T20:06:02.000Z"",""superseded"":false,""id"":1,""createdAt"":""2026-09-25T16:35:48.629Z"",""updatedAt"":""2026-09-26T09:13:24.710Z""}",664
EVT-AUTH-003--1790414005117,AUTH-003,1,2026-09-25T20:08:50.000Z,,UTILITY_CHECK_COMPLETED,BUSINESS_VALIDATION,,,,B,Business_Register row for AU-DEMO-BIZ-1002,"{""result_id"":""RES-AUTH-003-2"",""case_run_id"":""AUTH-003"",""submission_version"":1,""sequence"":null,""agent_id"":null,""utility_name"":null,""check_type"":""BUSINESS_VALIDATION"",""status"":null,""findings_json"":""{\""lookup_status\"":\""SUCCESS\"",\""registration_status\"":\""ACTIVE\"",\""name_match\"":true,\""identifier_match\"":true}"",""reason_codes"":""BUSINESS_ACTIVE"",""evidence_references"":""Business_Register row for AU-DEMO-BIZ-1002"",""confidence"":null,""human_review_required"":false,""recommended_next_step"":null,""rule_ids"":""REG-001"",""rule_status_used"":null,""created_at"":""2026-09-25T20:06:02.000Z"",""superseded"":false,""id"":1,""createdAt"":""2026-09-25T16:35:48.629Z"",""updatedAt"":""2026-09-26T09:13:25.035Z""}",665
EVT-AUTH-003--1790414005413,AUTH-003,1,2026-09-25T20:08:50.000Z,,UTILITY_CHECK_COMPLETED,IDENTITY_VALIDATION,,,,I,documents/AUTH-003/AUTH-003_Identity_Profile.pdf,"{""result_id"":""RES-AUTH-003-3"",""case_run_id"":""AUTH-003"",""submission_version"":1,""sequence"":null,""agent_id"":null,""utility_name"":null,""check_type"":""IDENTITY_VALIDATION"",""status"":null,""findings_json"":""{\""name_match\"":true,\""identity_status\"":\""VALID_SYNTHETIC\"",\""expired\"":false}"",""reason_codes"":""IDENTITY_VERIFIED"",""evidence_references"":""documents/AUTH-003/AUTH-003_Identity_Profile.pdf"",""confidence"":null,""human_review_required"":false,""recommended_next_step"":null,""rule_ids"":""ID-001"",""rule_status_used"":null,""created_at"":""2026-09-25T20:06:02.000Z"",""superseded"":false,""id"":1,""createdAt"":""2026-09-25T16:35:48.629Z"",""updatedAt"":""2026-09-26T09:13:25.361Z""}",666
EVT-AUTH-003--1790414005717,AUTH-003,1,2026-09-25T20:08:50.000Z,,UTILITY_CHECK_COMPLETED,AUTHORITY_VALIDATION,,,,A,documents/AUTH-003/AUTH-003_AUTHORITY_LETTER.pdf,"{""result_id"":""RES-AUTH-003-4"",""case_run_id"":""AUTH-003"",""submission_version"":1,""sequence"":null,""agent_id"":null,""utility_name"":null,""check_type"":""AUTHORITY_VALIDATION"",""status"":null,""findings_json"":""{\""representative_named\"":true,\""account_enquiries\"":true,\""service_ordering\"":false,\""contract_signing\"":false,\""scope\"":\""AMBIGUOUS\""}"",""reason_codes"":""AUTHORITY_SCOPE_AMBIGUOUS"",""evidence_references"":""documents/AUTH-003/AUTH-003_AUTHORITY_LETTER.pdf"",""confidence"":null,""human_review_required"":false,""recommended_next_step"":null,""rule_ids"":""AUTH-004"",""rule_status_used"":null,""created_at"":""2026-09-25T20:06:02.000Z"",""superseded"":false,""id"":1,""createdAt"":""2026-09-25T16:35:48.629Z"",""updatedAt"":""2026-09-26T09:13:25.663Z""}",667
EVT-AUTH-001--1790414524324,AUTH-001,1,2026-09-25T20:08:50.000Z,,UTILITY_CHECK_COMPLETED,DOCUMENT_EXTRACTION,,,,,documents/AUTH-001,"{""result_id"":""RES-AUTH-001-1"",""case_run_id"":""AUTH-001"",""submission_version"":1,""sequence"":null,""agent_id"":null,""utility_name"":null,""check_type"":""DOCUMENT_EXTRACTION"",""status"":null,""findings_json"":""{\""documents_expected\"":3,\""documents_present\"":3,\""missing\"":[],\""all_readable\"":true}"",""reason_codes"":"""",""evidence_references"":""documents/AUTH-001"",""confidence"":null,""human_review_required"":false,""recommended_next_step"":null,""rule_ids"":"""",""rule_status_used"":null,""created_at"":""2026-09-25T20:06:02.000Z"",""superseded"":false,""id"":1,""createdAt"":""2026-09-25T16:35:48.629Z"",""updatedAt"":""2026-09-26T09:22:04.255Z""}",674
EVT-AUTH-001--1790414524657,AUTH-001,1,2026-09-25T20:08:50.000Z,,UTILITY_CHECK_COMPLETED,BUSINESS_VALIDATION,,,,B,Business_Register row for AU-DEMO-BIZ-1001,"{""result_id"":""RES-AUTH-001-2"",""case_run_id"":""AUTH-001"",""submission_version"":1,""sequence"":null,""agent_id"":null,""utility_name"":null,""check_type"":""BUSINESS_VALIDATION"",""status"":null,""findings_json"":""{\""lookup_status\"":\""SUCCESS\"",\""registration_status\"":\""ACTIVE\"",\""name_match\"":true,\""identifier_match\"":true}"",""reason_codes"":""BUSINESS_ACTIVE"",""evidence_references"":""Business_Register row for AU-DEMO-BIZ-1001"",""confidence"":null,""human_review_required"":false,""recommended_next_step"":null,""rule_ids"":""REG-001"",""rule_status_used"":null,""created_at"":""2026-09-25T20:06:02.000Z"",""superseded"":false,""id"":1,""createdAt"":""2026-09-25T16:35:48.629Z"",""updatedAt"":""2026-09-26T09:22:04.602Z""}",675
EVT-AUTH-001--1790414524981,AUTH-001,1,2026-09-25T20:08:50.000Z,,UTILITY_CHECK_COMPLETED,IDENTITY_VALIDATION,,,,I,documents/AUTH-001/AUTH-001_Identity_Profile.pdf,"{""result_id"":""RES-AUTH-001-3"",""case_run_id"":""AUTH-001"",""submission_version"":1,""sequence"":null,""agent_id"":null,""utility_name"":null,""check_type"":""IDENTITY_VALIDATION"",""status"":null,""findings_json"":""{\""name_match\"":true,\""identity_status\"":\""VALID_SYNTHETIC\"",\""expired\"":false}"",""reason_codes"":""IDENTITY_VERIFIED"",""evidence_references"":""documents/AUTH-001/AUTH-001_Identity_Profile.pdf"",""confidence"":null,""human_review_required"":false,""recommended_next_step"":null,""rule_ids"":""ID-001"",""rule_status_used"":null,""created_at"":""2026-09-25T20:06:02.000Z"",""superseded"":false,""id"":1,""createdAt"":""2026-09-25T16:35:48.629Z"",""updatedAt"":""2026-09-26T09:22:04.920Z""}",676
EVT-AUTH-001--1790414525327,AUTH-001,1,2026-09-25T20:08:50.000Z,,UTILITY_CHECK_COMPLETED,AUTHORITY_VALIDATION,,,,A,documents/AUTH-001/AUTH-001_AUTHORITY_LETTER.pdf,"{""result_id"":""RES-AUTH-001-4"",""case_run_id"":""AUTH-001"",""submission_version"":1,""sequence"":null,""agent_id"":null,""utility_name"":null,""check_type"":""AUTHORITY_VALIDATION"",""status"":null,""findings_json"":""{\""representative_named\"":true,\""account_management\"":true,\""service_ordering\"":true,\""contract_signing\"":true,\""scope\"":\""CLEAR\""}"",""reason_codes"":""AUTHORITY_SCOPE_CLEAR"",""evidence_references"":""documents/AUTH-001/AUTH-001_AUTHORITY_LETTER.pdf"",""confidence"":null,""human_review_required"":false,""recommended_next_step"":null,""rule_ids"":""AUTH-003"",""rule_status_used"":null,""created_at"":""2026-09-25T20:06:02.000Z"",""superseded"":false,""id"":1,""createdAt"":""2026-09-25T16:35:48.629Z"",""updatedAt"":""2026-09-26T09:22:05.263Z""}",677
EVT-AUTH-001--1790414525618,AUTH-001,1,2026-09-25T20:08:50.000Z,,UTILITY_CHECK_COMPLETED,SYSTEM_DATA_CHECK,,,,,CRM_Accounts record for CUST-DEMO-AU-1001,"{""result_id"":""RES-AUTH-001-5"",""case_run_id"":""AUTH-001"",""submission_version"":1,""sequence"":null,""agent_id"":null,""utility_name"":null,""check_type"":""SYSTEM_DATA_CHECK"",""status"":null,""findings_json"":""{\""pid_count\"":1,\""legal_name_consistent\"":true,\""open_duplicate_request\"":false}"",""reason_codes"":"""",""evidence_references"":""CRM_Accounts record for CUST-DEMO-AU-1001"",""confidence"":null,""human_review_required"":false,""recommended_next_step"":null,""rule_ids"":"""",""rule_status_used"":null,""created_at"":""2026-09-25T20:06:02.000Z"",""superseded"":false,""id"":1,""createdAt"":""2026-09-25T16:35:48.629Z"",""updatedAt"":""2026-09-26T09:22:05.572Z""}",678
EVT-AUTH-001--1790414525946,AUTH-001,1,2026-09-25T20:08:50.000Z,,UTILITY_CHECK_COMPLETED,FINANCIAL_CHECK,,,,F,Financial_Records record(s) for CUST-DEMO-AU-1001,"{""result_id"":""RES-AUTH-001-6"",""case_run_id"":""AUTH-001"",""submission_version"":1,""sequence"":null,""agent_id"":null,""utility_name"":null,""check_type"":""FINANCIAL_CHECK"",""status"":null,""findings_json"":""{\""credit_hold\"":false,\""total_outstanding\"":0,\""policy_exception\"":false}"",""reason_codes"":""FINANCIAL_CHECK_CLEAR"",""evidence_references"":""Financial_Records record(s) for CUST-DEMO-AU-1001"",""confidence"":null,""human_review_required"":false,""recommended_next_step"":null,""rule_ids"":""FIN-001"",""rule_status_used"":null,""created_at"":""2026-09-25T20:06:02.000Z"",""superseded"":false,""id"":1,""createdAt"":""2026-09-25T16:35:48.629Z"",""updatedAt"":""2026-09-26T09:22:05.884Z""}",679
EVT-AUTH-001--1790414526255,AUTH-001,1,2026-09-25T20:08:50.000Z,,UTILITY_CHECK_COMPLETED,FINAL_VERIFICATION,,,,F,Mock final verification result for AUTH-001,"{""result_id"":""RES-AUTH-001-7"",""case_run_id"":""AUTH-001"",""submission_version"":1,""sequence"":null,""agent_id"":null,""utility_name"":null,""check_type"":""FINAL_VERIFICATION"",""status"":null,""findings_json"":""{\""status\"":\""SUCCESSFUL\"",\""fraud_flag\"":false,\""manual_verification_required\"":false}"",""reason_codes"":""FINAL_VERIFICATION_SUCCESSFUL"",""evidence_references"":""Mock final verification result for AUTH-001"",""confidence"":null,""human_review_required"":false,""recommended_next_step"":null,""rule_ids"":""CMP-001"",""rule_status_used"":null,""created_at"":""2026-09-25T20:06:02.000Z"",""superseded"":false,""id"":1,""createdAt"":""2026-09-25T16:35:48.629Z"",""updatedAt"":""2026-09-26T09:22:06.200Z""}",680
EVT-AUTH-001--1790414661419,AUTH-001,1,2026-09-25T20:08:50.000Z,,UTILITY_CHECK_COMPLETED,DOCUMENT_EXTRACTION,,,,,documents/AUTH-001,"{""result_id"":""RES-AUTH-001-1"",""case_run_id"":""AUTH-001"",""submission_version"":1,""sequence"":null,""agent_id"":null,""utility_name"":null,""check_type"":""DOCUMENT_EXTRACTION"",""status"":null,""findings_json"":""{\""documents_expected\"":3,\""documents_present\"":3,\""missing\"":[],\""all_readable\"":true}"",""reason_codes"":"""",""evidence_references"":""documents/AUTH-001"",""confidence"":null,""human_review_required"":false,""recommended_next_step"":null,""rule_ids"":"""",""rule_status_used"":null,""created_at"":""2026-09-25T20:06:02.000Z"",""superseded"":false,""id"":1,""createdAt"":""2026-09-25T16:35:48.629Z"",""updatedAt"":""2026-09-26T09:24:21.371Z""}",685
EVT-AUTH-001--1790414661762,AUTH-001,1,2026-09-25T20:08:50.000Z,,UTILITY_CHECK_COMPLETED,BUSINESS_VALIDATION,,,,B,Business_Register row for AU-DEMO-BIZ-1001,"{""result_id"":""RES-AUTH-001-2"",""case_run_id"":""AUTH-001"",""submission_version"":1,""sequence"":null,""agent_id"":null,""utility_name"":null,""check_type"":""BUSINESS_VALIDATION"",""status"":null,""findings_json"":""{\""lookup_status\"":\""SUCCESS\"",\""registration_status\"":\""ACTIVE\"",\""name_match\"":true,\""identifier_match\"":true}"",""reason_codes"":""BUSINESS_ACTIVE"",""evidence_references"":""Business_Register row for AU-DEMO-BIZ-1001"",""confidence"":null,""human_review_required"":false,""recommended_next_step"":null,""rule_ids"":""REG-001"",""rule_status_used"":null,""created_at"":""2026-09-25T20:06:02.000Z"",""superseded"":false,""id"":1,""createdAt"":""2026-09-25T16:35:48.629Z"",""updatedAt"":""2026-09-26T09:24:21.676Z""}",686
EVT-AUTH-001--1790414662125,AUTH-001,1,2026-09-25T20:08:50.000Z,,UTILITY_CHECK_COMPLETED,IDENTITY_VALIDATION,,,,I,documents/AUTH-001/AUTH-001_Identity_Profile.pdf,"{""result_id"":""RES-AUTH-001-3"",""case_run_id"":""AUTH-001"",""submission_version"":1,""sequence"":null,""agent_id"":null,""utility_name"":null,""check_type"":""IDENTITY_VALIDATION"",""status"":null,""findings_json"":""{\""name_match\"":true,\""identity_status\"":\""VALID_SYNTHETIC\"",\""expired\"":false}"",""reason_codes"":""IDENTITY_VERIFIED"",""evidence_references"":""documents/AUTH-001/AUTH-001_Identity_Profile.pdf"",""confidence"":null,""human_review_required"":false,""recommended_next_step"":null,""rule_ids"":""ID-001"",""rule_status_used"":null,""created_at"":""2026-09-25T20:06:02.000Z"",""superseded"":false,""id"":1,""createdAt"":""2026-09-25T16:35:48.629Z"",""updatedAt"":""2026-09-26T09:24:22.046Z""}",687
EVT-AUTH-001--1790414662418,AUTH-001,1,2026-09-25T20:08:50.000Z,,UTILITY_CHECK_COMPLETED,AUTHORITY_VALIDATION,,,,A,documents/AUTH-001/AUTH-001_AUTHORITY_LETTER.pdf,"{""result_id"":""RES-AUTH-001-4"",""case_run_id"":""AUTH-001"",""submission_version"":1,""sequence"":null,""agent_id"":null,""utility_name"":null,""check_type"":""AUTHORITY_VALIDATION"",""status"":null,""findings_json"":""{\""representative_named\"":true,\""account_management\"":true,\""service_ordering\"":true,\""contract_signing\"":true,\""scope\"":\""CLEAR\""}"",""reason_codes"":""AUTHORITY_SCOPE_CLEAR"",""evidence_references"":""documents/AUTH-001/AUTH-001_AUTHORITY_LETTER.pdf"",""confidence"":null,""human_review_required"":false,""recommended_next_step"":null,""rule_ids"":""AUTH-003"",""rule_status_used"":null,""created_at"":""2026-09-25T20:06:02.000Z"",""superseded"":false,""id"":1,""createdAt"":""2026-09-25T16:35:48.629Z"",""updatedAt"":""2026-09-26T09:24:22.362Z""}",688
EVT-AUTH-001--1790414662775,AUTH-001,1,2026-09-25T20:08:50.000Z,,UTILITY_CHECK_COMPLETED,SYSTEM_DATA_CHECK,,,,,CRM_Accounts record for CUST-DEMO-AU-1001,"{""result_id"":""RES-AUTH-001-5"",""case_run_id"":""AUTH-001"",""submission_version"":1,""sequence"":null,""agent_id"":null,""utility_name"":null,""check_type"":""SYSTEM_DATA_CHECK"",""status"":null,""findings_json"":""{\""pid_count\"":1,\""legal_name_consistent\"":true,\""open_duplicate_request\"":false}"",""reason_codes"":"""",""evidence_references"":""CRM_Accounts record for CUST-DEMO-AU-1001"",""confidence"":null,""human_review_required"":false,""recommended_next_step"":null,""rule_ids"":"""",""rule_status_used"":null,""created_at"":""2026-09-25T20:06:02.000Z"",""superseded"":false,""id"":1,""createdAt"":""2026-09-25T16:35:48.629Z"",""updatedAt"":""2026-09-26T09:24:22.712Z""}",689
EVT-AUTH-001--1790414663077,AUTH-001,1,2026-09-25T20:08:50.000Z,,UTILITY_CHECK_COMPLETED,FINANCIAL_CHECK,,,,F,Financial_Records record(s) for CUST-DEMO-AU-1001,"{""result_id"":""RES-AUTH-001-6"",""case_run_id"":""AUTH-001"",""submission_version"":1,""sequence"":null,""agent_id"":null,""utility_name"":null,""check_type"":""FINANCIAL_CHECK"",""status"":null,""findings_json"":""{\""credit_hold\"":false,\""total_outstanding\"":0,\""policy_exception\"":false}"",""reason_codes"":""FINANCIAL_CHECK_CLEAR"",""evidence_references"":""Financial_Records record(s) for CUST-DEMO-AU-1001"",""confidence"":null,""human_review_required"":false,""recommended_next_step"":null,""rule_ids"":""FIN-001"",""rule_status_used"":null,""created_at"":""2026-09-25T20:06:02.000Z"",""superseded"":false,""id"":1,""createdAt"":""2026-09-25T16:35:48.629Z"",""updatedAt"":""2026-09-26T09:24:23.028Z""}",690
EVT-AUTH-001--1790414663354,AUTH-001,1,2026-09-25T20:08:50.000Z,,UTILITY_CHECK_COMPLETED,FINAL_VERIFICATION,,,,F,Mock final verification result for AUTH-001,"{""result_id"":""RES-AUTH-001-7"",""case_run_id"":""AUTH-001"",""submission_version"":1,""sequence"":null,""agent_id"":null,""utility_name"":null,""check_type"":""FINAL_VERIFICATION"",""status"":null,""findings_json"":""{\""status\"":\""SUCCESSFUL\"",\""fraud_flag\"":false,\""manual_verification_required\"":false}"",""reason_codes"":""FINAL_VERIFICATION_SUCCESSFUL"",""evidence_references"":""Mock final verification result for AUTH-001"",""confidence"":null,""human_review_required"":false,""recommended_next_step"":null,""rule_ids"":""CMP-001"",""rule_status_used"":null,""created_at"":""2026-09-25T20:06:02.000Z"",""superseded"":false,""id"":1,""createdAt"":""2026-09-25T16:35:48.629Z"",""updatedAt"":""2026-09-26T09:24:23.298Z""}",691
EVT-AUTH-002--1790414686287,AUTH-002,1,2026-09-25T20:08:50.000Z,,UTILITY_CHECK_COMPLETED,DOCUMENT_EXTRACTION,,,,A,documents/AUTH-002,"{""result_id"":""RES-AUTH-002-1"",""case_run_id"":""AUTH-002"",""submission_version"":1,""sequence"":null,""agent_id"":null,""utility_name"":null,""check_type"":""DOCUMENT_EXTRACTION"",""status"":null,""findings_json"":""{\""documents_expected\"":3,\""documents_present\"":2,\""missing\"":[\""AUTHORITY_LETTER\""],\""all_readable\"":true}"",""reason_codes"":""AUTHORITY_MISSING"",""evidence_references"":""documents/AUTH-002"",""confidence"":null,""human_review_required"":false,""recommended_next_step"":null,""rule_ids"":""AUTH-002"",""rule_status_used"":null,""created_at"":""2026-09-25T20:06:02.000Z"",""superseded"":false,""id"":1,""createdAt"":""2026-09-25T16:35:48.629Z"",""updatedAt"":""2026-09-26T09:24:46.231Z""}",695
EVT-AUTH-003--1790414712277,AUTH-003,1,2026-09-25T20:08:50.000Z,,UTILITY_CHECK_COMPLETED,DOCUMENT_EXTRACTION,,,,,documents/AUTH-003,"{""result_id"":""RES-AUTH-003-1"",""case_run_id"":""AUTH-003"",""submission_version"":1,""sequence"":null,""agent_id"":null,""utility_name"":null,""check_type"":""DOCUMENT_EXTRACTION"",""status"":null,""findings_json"":""{\""documents_expected\"":3,\""documents_present\"":3,\""missing\"":[],\""all_readable\"":true}"",""reason_codes"":"""",""evidence_references"":""documents/AUTH-003"",""confidence"":null,""human_review_required"":false,""recommended_next_step"":null,""rule_ids"":"""",""rule_status_used"":null,""created_at"":""2026-09-25T20:06:02.000Z"",""superseded"":false,""id"":1,""createdAt"":""2026-09-25T16:35:48.629Z"",""updatedAt"":""2026-09-26T09:25:12.212Z""}",699
EVT-AUTH-003--1790414712596,AUTH-003,1,2026-09-25T20:08:50.000Z,,UTILITY_CHECK_COMPLETED,BUSINESS_VALIDATION,,,,B,Business_Register row for AU-DEMO-BIZ-1002,"{""result_id"":""RES-AUTH-003-2"",""case_run_id"":""AUTH-003"",""submission_version"":1,""sequence"":null,""agent_id"":null,""utility_name"":null,""check_type"":""BUSINESS_VALIDATION"",""status"":null,""findings_json"":""{\""lookup_status\"":\""SUCCESS\"",\""registration_status\"":\""ACTIVE\"",\""name_match\"":true,\""identifier_match\"":true}"",""reason_codes"":""BUSINESS_ACTIVE"",""evidence_references"":""Business_Register row for AU-DEMO-BIZ-1002"",""confidence"":null,""human_review_required"":false,""recommended_next_step"":null,""rule_ids"":""REG-001"",""rule_status_used"":null,""created_at"":""2026-09-25T20:06:02.000Z"",""superseded"":false,""id"":1,""createdAt"":""2026-09-25T16:35:48.629Z"",""updatedAt"":""2026-09-26T09:25:12.529Z""}",700
EVT-AUTH-003--1790414712921,AUTH-003,1,2026-09-25T20:08:50.000Z,,UTILITY_CHECK_COMPLETED,IDENTITY_VALIDATION,,,,I,documents/AUTH-003/AUTH-003_Identity_Profile.pdf,"{""result_id"":""RES-AUTH-003-3"",""case_run_id"":""AUTH-003"",""submission_version"":1,""sequence"":null,""agent_id"":null,""utility_name"":null,""check_type"":""IDENTITY_VALIDATION"",""status"":null,""findings_json"":""{\""name_match\"":true,\""identity_status\"":\""VALID_SYNTHETIC\"",\""expired\"":false}"",""reason_codes"":""IDENTITY_VERIFIED"",""evidence_references"":""documents/AUTH-003/AUTH-003_Identity_Profile.pdf"",""confidence"":null,""human_review_required"":false,""recommended_next_step"":null,""rule_ids"":""ID-001"",""rule_status_used"":null,""created_at"":""2026-09-25T20:06:02.000Z"",""superseded"":false,""id"":1,""createdAt"":""2026-09-25T16:35:48.629Z"",""updatedAt"":""2026-09-26T09:25:12.870Z""}",701
EVT-AUTH-003--1790414713236,AUTH-003,1,2026-09-25T20:08:50.000Z,,UTILITY_CHECK_COMPLETED,AUTHORITY_VALIDATION,,,,A,documents/AUTH-003/AUTH-003_AUTHORITY_LETTER.pdf,"{""result_id"":""RES-AUTH-003-4"",""case_run_id"":""AUTH-003"",""submission_version"":1,""sequence"":null,""agent_id"":null,""utility_name"":null,""check_type"":""AUTHORITY_VALIDATION"",""status"":null,""findings_json"":""{\""representative_named\"":true,\""account_enquiries\"":true,\""service_ordering\"":false,\""contract_signing\"":false,\""scope\"":\""AMBIGUOUS\""}"",""reason_codes"":""AUTHORITY_SCOPE_AMBIGUOUS"",""evidence_references"":""documents/AUTH-003/AUTH-003_AUTHORITY_LETTER.pdf"",""confidence"":null,""human_review_required"":false,""recommended_next_step"":null,""rule_ids"":""AUTH-004"",""rule_status_used"":null,""created_at"":""2026-09-25T20:06:02.000Z"",""superseded"":false,""id"":1,""createdAt"":""2026-09-25T16:35:48.629Z"",""updatedAt"":""2026-09-26T09:25:13.186Z""}",702
EVT-AUTH-010--1790414743674,AUTH-010,1,2026-09-25T20:08:50.000Z,,UTILITY_CHECK_COMPLETED,DOCUMENT_EXTRACTION,,,,,documents/AUTH-010,"{""result_id"":""RES-AUTH-010-1"",""case_run_id"":""AUTH-010"",""submission_version"":1,""sequence"":null,""agent_id"":null,""utility_name"":null,""check_type"":""DOCUMENT_EXTRACTION"",""status"":null,""findings_json"":""{\""documents_expected\"":3,\""documents_present\"":3,\""missing\"":[],\""all_readable\"":true}"",""reason_codes"":"""",""evidence_references"":""documents/AUTH-010"",""confidence"":null,""human_review_required"":false,""recommended_next_step"":null,""rule_ids"":"""",""rule_status_used"":null,""created_at"":""2026-09-25T20:06:02.000Z"",""superseded"":false,""id"":1,""createdAt"":""2026-09-25T16:35:48.629Z"",""updatedAt"":""2026-09-26T09:25:43.622Z""}",706
EVT-AUTH-010--1790414743980,AUTH-010,1,2026-09-25T20:08:50.000Z,,UTILITY_CHECK_COMPLETED,BUSINESS_VALIDATION,,,,B,Business_Register row for AU-DEMO-BIZ-1006,"{""result_id"":""RES-AUTH-010-2"",""case_run_id"":""AUTH-010"",""submission_version"":1,""sequence"":null,""agent_id"":null,""utility_name"":null,""check_type"":""BUSINESS_VALIDATION"",""status"":null,""findings_json"":""{\""lookup_status\"":\""SUCCESS\"",\""registration_status\"":\""ACTIVE\"",\""name_match\"":true,\""identifier_match\"":true}"",""reason_codes"":""BUSINESS_ACTIVE"",""evidence_references"":""Business_Register row for AU-DEMO-BIZ-1006"",""confidence"":null,""human_review_required"":false,""recommended_next_step"":null,""rule_ids"":""REG-001"",""rule_status_used"":null,""created_at"":""2026-09-25T20:06:02.000Z"",""superseded"":false,""id"":1,""createdAt"":""2026-09-25T16:35:48.629Z"",""updatedAt"":""2026-09-26T09:25:43.929Z""}",707
EVT-AUTH-010--1790414744305,AUTH-010,1,2026-09-25T20:08:50.000Z,,UTILITY_CHECK_COMPLETED,IDENTITY_VALIDATION,,,,I,documents/AUTH-010/AUTH-010_Identity_Profile.pdf,"{""result_id"":""RES-AUTH-010-3"",""case_run_id"":""AUTH-010"",""submission_version"":1,""sequence"":null,""agent_id"":null,""utility_name"":null,""check_type"":""IDENTITY_VALIDATION"",""status"":null,""findings_json"":""{\""name_match\"":true,\""identity_status\"":\""VALID_SYNTHETIC\"",\""expired\"":false}"",""reason_codes"":""IDENTITY_VERIFIED"",""evidence_references"":""documents/AUTH-010/AUTH-010_Identity_Profile.pdf"",""confidence"":null,""human_review_required"":false,""recommended_next_step"":null,""rule_ids"":""ID-001"",""rule_status_used"":null,""created_at"":""2026-09-25T20:06:02.000Z"",""superseded"":false,""id"":1,""createdAt"":""2026-09-25T16:35:48.629Z"",""updatedAt"":""2026-09-26T09:25:44.250Z""}",708
EVT-AUTH-010--1790414744627,AUTH-010,1,2026-09-25T20:08:50.000Z,,UTILITY_CHECK_COMPLETED,AUTHORITY_VALIDATION,,,,A,documents/AUTH-010/AUTH-010_AUTHORITY_LETTER.pdf,"{""result_id"":""RES-AUTH-010-4"",""case_run_id"":""AUTH-010"",""submission_version"":1,""sequence"":null,""agent_id"":null,""utility_name"":null,""check_type"":""AUTHORITY_VALIDATION"",""status"":null,""findings_json"":""{\""representative_named\"":true,\""account_management\"":true,\""service_ordering\"":true,\""contract_signing\"":true,\""scope\"":\""CLEAR\""}"",""reason_codes"":""AUTHORITY_SCOPE_CLEAR"",""evidence_references"":""documents/AUTH-010/AUTH-010_AUTHORITY_LETTER.pdf"",""confidence"":null,""human_review_required"":false,""recommended_next_step"":null,""rule_ids"":""AUTH-003"",""rule_status_used"":null,""created_at"":""2026-09-25T20:06:02.000Z"",""superseded"":false,""id"":1,""createdAt"":""2026-09-25T16:35:48.629Z"",""updatedAt"":""2026-09-26T09:25:44.577Z""}",709
EVT-AUTH-010--1790414744946,AUTH-010,1,2026-09-25T20:08:50.000Z,,UTILITY_CHECK_COMPLETED,SYSTEM_DATA_CHECK,,,,,CRM_Accounts record for CUST-DEMO-AU-1006,"{""result_id"":""RES-AUTH-010-5"",""case_run_id"":""AUTH-010"",""submission_version"":1,""sequence"":null,""agent_id"":null,""utility_name"":null,""check_type"":""SYSTEM_DATA_CHECK"",""status"":null,""findings_json"":""{\""pid_count\"":1,\""legal_name_consistent\"":true,\""open_duplicate_request\"":false}"",""reason_codes"":"""",""evidence_references"":""CRM_Accounts record for CUST-DEMO-AU-1006"",""confidence"":null,""human_review_required"":false,""recommended_next_step"":null,""rule_ids"":"""",""rule_status_used"":null,""created_at"":""2026-09-25T20:06:02.000Z"",""superseded"":false,""id"":1,""createdAt"":""2026-09-25T16:35:48.629Z"",""updatedAt"":""2026-09-26T09:25:44.888Z""}",710
EVT-AUTH-010--1790414745279,AUTH-010,1,2026-09-25T20:08:50.000Z,,UTILITY_CHECK_COMPLETED,FINANCIAL_CHECK,,,,C,Financial_Records record for CUST-DEMO-AU-1006,"{""result_id"":""RES-AUTH-010-6"",""case_run_id"":""AUTH-010"",""submission_version"":1,""sequence"":null,""agent_id"":null,""utility_name"":null,""check_type"":""FINANCIAL_CHECK"",""status"":null,""findings_json"":""{\""credit_hold\"":true,\""outstanding_amount\"":12450,\""policy_status\"":\""TBD\""}"",""reason_codes"":""CREDIT_HOLD; TBD_POLICY"",""evidence_references"":""Financial_Records record for CUST-DEMO-AU-1006"",""confidence"":null,""human_review_required"":false,""recommended_next_step"":null,""rule_ids"":""FIN-002; CTRL-001"",""rule_status_used"":null,""created_at"":""2026-09-25T20:06:02.000Z"",""superseded"":false,""id"":1,""createdAt"":""2026-09-25T16:35:48.629Z"",""updatedAt"":""2026-09-26T09:25:45.208Z""}",711
EVT-AUTH-010--1790414745573,AUTH-010,1,2026-09-25T20:08:50.000Z,,UTILITY_CHECK_COMPLETED,FINAL_VERIFICATION,,,,,,"{""result_id"":""RES-AUTH-010-7"",""case_run_id"":""AUTH-010"",""submission_version"":1,""sequence"":null,""agent_id"":null,""utility_name"":null,""check_type"":""FINAL_VERIFICATION"",""status"":null,""findings_json"":""{\""reason\"":\""TBD financial policy requires human review\""}"",""reason_codes"":"""",""evidence_references"":"""",""confidence"":null,""human_review_required"":false,""recommended_next_step"":null,""rule_ids"":"""",""rule_status_used"":null,""created_at"":""2026-09-25T20:06:02.000Z"",""superseded"":false,""id"":1,""createdAt"":""2026-09-25T16:35:48.629Z"",""updatedAt"":""2026-09-26T09:25:45.518Z""}",712
EVT-AUTH-003--1790414773794,AUTH-003,1,2026-09-25T20:08:50.000Z,,UTILITY_CHECK_COMPLETED,DOCUMENT_EXTRACTION,,,,,documents/AUTH-003,"{""result_id"":""RES-AUTH-003-1"",""case_run_id"":""AUTH-003"",""submission_version"":1,""sequence"":null,""agent_id"":null,""utility_name"":null,""check_type"":""DOCUMENT_EXTRACTION"",""status"":null,""findings_json"":""{\""documents_expected\"":3,\""documents_present\"":3,\""missing\"":[],\""all_readable\"":true}"",""reason_codes"":"""",""evidence_references"":""documents/AUTH-003"",""confidence"":null,""human_review_required"":false,""recommended_next_step"":null,""rule_ids"":"""",""rule_status_used"":null,""created_at"":""2026-09-25T20:06:02.000Z"",""superseded"":false,""id"":1,""createdAt"":""2026-09-25T16:35:48.629Z"",""updatedAt"":""2026-09-26T09:26:13.720Z""}",716
EVT-AUTH-003--1790414774176,AUTH-003,1,2026-09-25T20:08:50.000Z,,UTILITY_CHECK_COMPLETED,BUSINESS_VALIDATION,,,,B,Business_Register row for AU-DEMO-BIZ-1002,"{""result_id"":""RES-AUTH-003-2"",""case_run_id"":""AUTH-003"",""submission_version"":1,""sequence"":null,""agent_id"":null,""utility_name"":null,""check_type"":""BUSINESS_VALIDATION"",""status"":null,""findings_json"":""{\""lookup_status\"":\""SUCCESS\"",\""registration_status\"":\""ACTIVE\"",\""name_match\"":true,\""identifier_match\"":true}"",""reason_codes"":""BUSINESS_ACTIVE"",""evidence_references"":""Business_Register row for AU-DEMO-BIZ-1002"",""confidence"":null,""human_review_required"":false,""recommended_next_step"":null,""rule_ids"":""REG-001"",""rule_status_used"":null,""created_at"":""2026-09-25T20:06:02.000Z"",""superseded"":false,""id"":1,""createdAt"":""2026-09-25T16:35:48.629Z"",""updatedAt"":""2026-09-26T09:26:14.099Z""}",717
EVT-AUTH-003--1790414774518,AUTH-003,1,2026-09-25T20:08:50.000Z,,UTILITY_CHECK_COMPLETED,IDENTITY_VALIDATION,,,,I,documents/AUTH-003/AUTH-003_Identity_Profile.pdf,"{""result_id"":""RES-AUTH-003-3"",""case_run_id"":""AUTH-003"",""submission_version"":1,""sequence"":null,""agent_id"":null,""utility_name"":null,""check_type"":""IDENTITY_VALIDATION"",""status"":null,""findings_json"":""{\""name_match\"":true,\""identity_status\"":\""VALID_SYNTHETIC\"",\""expired\"":false}"",""reason_codes"":""IDENTITY_VERIFIED"",""evidence_references"":""documents/AUTH-003/AUTH-003_Identity_Profile.pdf"",""confidence"":null,""human_review_required"":false,""recommended_next_step"":null,""rule_ids"":""ID-001"",""rule_status_used"":null,""created_at"":""2026-09-25T20:06:02.000Z"",""superseded"":false,""id"":1,""createdAt"":""2026-09-25T16:35:48.629Z"",""updatedAt"":""2026-09-26T09:26:14.439Z""}",718
EVT-AUTH-003--1790414774833,AUTH-003,1,2026-09-25T20:08:50.000Z,,UTILITY_CHECK_COMPLETED,AUTHORITY_VALIDATION,,,,A,documents/AUTH-003/AUTH-003_AUTHORITY_LETTER.pdf,"{""result_id"":""RES-AUTH-003-4"",""case_run_id"":""AUTH-003"",""submission_version"":1,""sequence"":null,""agent_id"":null,""utility_name"":null,""check_type"":""AUTHORITY_VALIDATION"",""status"":null,""findings_json"":""{\""representative_named\"":true,\""account_enquiries\"":true,\""service_ordering\"":false,\""contract_signing\"":false,\""scope\"":\""AMBIGUOUS\""}"",""reason_codes"":""AUTHORITY_SCOPE_AMBIGUOUS"",""evidence_references"":""documents/AUTH-003/AUTH-003_AUTHORITY_LETTER.pdf"",""confidence"":null,""human_review_required"":false,""recommended_next_step"":null,""rule_ids"":""AUTH-004"",""rule_status_used"":null,""created_at"":""2026-09-25T20:06:02.000Z"",""superseded"":false,""id"":1,""createdAt"":""2026-09-25T16:35:48.629Z"",""updatedAt"":""2026-09-26T09:26:14.773Z""}",719
EVT-AUTH-002--1790414787144,AUTH-002,1,2026-09-25T20:08:50.000Z,,UTILITY_CHECK_COMPLETED,DOCUMENT_EXTRACTION,,,,A,documents/AUTH-002,"{""result_id"":""RES-AUTH-002-1"",""case_run_id"":""AUTH-002"",""submission_version"":1,""sequence"":null,""agent_id"":null,""utility_name"":null,""check_type"":""DOCUMENT_EXTRACTION"",""status"":null,""findings_json"":""{\""documents_expected\"":3,\""documents_present\"":2,\""missing\"":[\""AUTHORITY_LETTER\""],\""all_readable\"":true}"",""reason_codes"":""AUTHORITY_MISSING"",""evidence_references"":""documents/AUTH-002"",""confidence"":null,""human_review_required"":false,""recommended_next_step"":null,""rule_ids"":""AUTH-002"",""rule_status_used"":null,""created_at"":""2026-09-25T20:06:02.000Z"",""superseded"":false,""id"":1,""createdAt"":""2026-09-25T16:35:48.629Z"",""updatedAt"":""2026-09-26T09:26:27.066Z""}",723
EVT-AUTH-001--1790415446758,AUTH-001,1,2026-09-25T20:08:50.000Z,,UTILITY_CHECK_COMPLETED,DOCUMENT_EXTRACTION,,,,,documents/AUTH-001,"{""result_id"":""RES-AUTH-001-1"",""case_run_id"":""AUTH-001"",""submission_version"":1,""sequence"":null,""agent_id"":null,""utility_name"":null,""check_type"":""DOCUMENT_EXTRACTION"",""status"":null,""findings_json"":""{\""documents_expected\"":3,\""documents_present\"":3,\""missing\"":[],\""all_readable\"":true}"",""reason_codes"":"""",""evidence_references"":""documents/AUTH-001"",""confidence"":null,""human_review_required"":false,""recommended_next_step"":null,""rule_ids"":"""",""rule_status_used"":null,""created_at"":""2026-09-25T20:06:02.000Z"",""superseded"":false,""id"":1,""createdAt"":""2026-09-25T16:35:48.629Z"",""updatedAt"":""2026-09-26T09:37:26.687Z""}",727
EVT-AUTH-001--1790415447076,AUTH-001,1,2026-09-25T20:08:50.000Z,,UTILITY_CHECK_COMPLETED,BUSINESS_VALIDATION,,,,B,Business_Register row for AU-DEMO-BIZ-1001,"{""result_id"":""RES-AUTH-001-2"",""case_run_id"":""AUTH-001"",""submission_version"":1,""sequence"":null,""agent_id"":null,""utility_name"":null,""check_type"":""BUSINESS_VALIDATION"",""status"":null,""findings_json"":""{\""lookup_status\"":\""SUCCESS\"",\""registration_status\"":\""ACTIVE\"",\""name_match\"":true,\""identifier_match\"":true}"",""reason_codes"":""BUSINESS_ACTIVE"",""evidence_references"":""Business_Register row for AU-DEMO-BIZ-1001"",""confidence"":null,""human_review_required"":false,""recommended_next_step"":null,""rule_ids"":""REG-001"",""rule_status_used"":null,""created_at"":""2026-09-25T20:06:02.000Z"",""superseded"":false,""id"":1,""createdAt"":""2026-09-25T16:35:48.629Z"",""updatedAt"":""2026-09-26T09:37:27.024Z""}",728
EVT-AUTH-001--1790415447384,AUTH-001,1,2026-09-25T20:08:50.000Z,,UTILITY_CHECK_COMPLETED,IDENTITY_VALIDATION,,,,I,documents/AUTH-001/AUTH-001_Identity_Profile.pdf,"{""result_id"":""RES-AUTH-001-3"",""case_run_id"":""AUTH-001"",""submission_version"":1,""sequence"":null,""agent_id"":null,""utility_name"":null,""check_type"":""IDENTITY_VALIDATION"",""status"":null,""findings_json"":""{\""name_match\"":true,\""identity_status\"":\""VALID_SYNTHETIC\"",\""expired\"":false}"",""reason_codes"":""IDENTITY_VERIFIED"",""evidence_references"":""documents/AUTH-001/AUTH-001_Identity_Profile.pdf"",""confidence"":null,""human_review_required"":false,""recommended_next_step"":null,""rule_ids"":""ID-001"",""rule_status_used"":null,""created_at"":""2026-09-25T20:06:02.000Z"",""superseded"":false,""id"":1,""createdAt"":""2026-09-25T16:35:48.629Z"",""updatedAt"":""2026-09-26T09:37:27.327Z""}",729
EVT-AUTH-001--1790415447728,AUTH-001,1,2026-09-25T20:08:50.000Z,,UTILITY_CHECK_COMPLETED,AUTHORITY_VALIDATION,,,,A,documents/AUTH-001/AUTH-001_AUTHORITY_LETTER.pdf,"{""result_id"":""RES-AUTH-001-4"",""case_run_id"":""AUTH-001"",""submission_version"":1,""sequence"":null,""agent_id"":null,""utility_name"":null,""check_type"":""AUTHORITY_VALIDATION"",""status"":null,""findings_json"":""{\""representative_named\"":true,\""account_management\"":true,\""service_ordering\"":true,\""contract_signing\"":true,\""scope\"":\""CLEAR\""}"",""reason_codes"":""AUTHORITY_SCOPE_CLEAR"",""evidence_references"":""documents/AUTH-001/AUTH-001_AUTHORITY_LETTER.pdf"",""confidence"":null,""human_review_required"":false,""recommended_next_step"":null,""rule_ids"":""AUTH-003"",""rule_status_used"":null,""created_at"":""2026-09-25T20:06:02.000Z"",""superseded"":false,""id"":1,""createdAt"":""2026-09-25T16:35:48.629Z"",""updatedAt"":""2026-09-26T09:37:27.661Z""}",730
EVT-AUTH-001--1790415448049,AUTH-001,1,2026-09-25T20:08:50.000Z,,UTILITY_CHECK_COMPLETED,SYSTEM_DATA_CHECK,,,,,CRM_Accounts record for CUST-DEMO-AU-1001,"{""result_id"":""RES-AUTH-001-5"",""case_run_id"":""AUTH-001"",""submission_version"":1,""sequence"":null,""agent_id"":null,""utility_name"":null,""check_type"":""SYSTEM_DATA_CHECK"",""status"":null,""findings_json"":""{\""pid_count\"":1,\""legal_name_consistent\"":true,\""open_duplicate_request\"":false}"",""reason_codes"":"""",""evidence_references"":""CRM_Accounts record for CUST-DEMO-AU-1001"",""confidence"":null,""human_review_required"":false,""recommended_next_step"":null,""rule_ids"":"""",""rule_status_used"":null,""created_at"":""2026-09-25T20:06:02.000Z"",""superseded"":false,""id"":1,""createdAt"":""2026-09-25T16:35:48.629Z"",""updatedAt"":""2026-09-26T09:37:27.988Z""}",731
EVT-AUTH-001--1790415448409,AUTH-001,1,2026-09-25T20:08:50.000Z,,UTILITY_CHECK_COMPLETED,FINANCIAL_CHECK,,,,F,Financial_Records record(s) for CUST-DEMO-AU-1001,"{""result_id"":""RES-AUTH-001-6"",""case_run_id"":""AUTH-001"",""submission_version"":1,""sequence"":null,""agent_id"":null,""utility_name"":null,""check_type"":""FINANCIAL_CHECK"",""status"":null,""findings_json"":""{\""credit_hold\"":false,\""total_outstanding\"":0,\""policy_exception\"":false}"",""reason_codes"":""FINANCIAL_CHECK_CLEAR"",""evidence_references"":""Financial_Records record(s) for CUST-DEMO-AU-1001"",""confidence"":null,""human_review_required"":false,""recommended_next_step"":null,""rule_ids"":""FIN-001"",""rule_status_used"":null,""created_at"":""2026-09-25T20:06:02.000Z"",""superseded"":false,""id"":1,""createdAt"":""2026-09-25T16:35:48.629Z"",""updatedAt"":""2026-09-26T09:37:28.342Z""}",732
EVT-AUTH-001--1790415448709,AUTH-001,1,2026-09-25T20:08:50.000Z,,UTILITY_CHECK_COMPLETED,FINAL_VERIFICATION,,,,F,Mock final verification result for AUTH-001,"{""result_id"":""RES-AUTH-001-7"",""case_run_id"":""AUTH-001"",""submission_version"":1,""sequence"":null,""agent_id"":null,""utility_name"":null,""check_type"":""FINAL_VERIFICATION"",""status"":null,""findings_json"":""{\""status\"":\""SUCCESSFUL\"",\""fraud_flag\"":false,\""manual_verification_required\"":false}"",""reason_codes"":""FINAL_VERIFICATION_SUCCESSFUL"",""evidence_references"":""Mock final verification result for AUTH-001"",""confidence"":null,""human_review_required"":false,""recommended_next_step"":null,""rule_ids"":""CMP-001"",""rule_status_used"":null,""created_at"":""2026-09-25T20:06:02.000Z"",""superseded"":false,""id"":1,""createdAt"":""2026-09-25T16:35:48.629Z"",""updatedAt"":""2026-09-26T09:37:28.655Z""}",733
EVT-AUTH-001--1790416433514,AUTH-001,1,2026-09-25T20:08:50.000Z,,UTILITY_CHECK_COMPLETED,DOCUMENT_EXTRACTION,,,,,documents/AUTH-001,"{""result_id"":""RES-AUTH-001-1"",""case_run_id"":""AUTH-001"",""submission_version"":1,""sequence"":null,""agent_id"":null,""utility_name"":null,""check_type"":""DOCUMENT_EXTRACTION"",""status"":null,""findings_json"":""{\""documents_expected\"":3,\""documents_present\"":3,\""missing\"":[],\""all_readable\"":true}"",""reason_codes"":"""",""evidence_references"":""documents/AUTH-001"",""confidence"":null,""human_review_required"":false,""recommended_next_step"":null,""rule_ids"":"""",""rule_status_used"":null,""created_at"":""2026-09-25T20:06:02.000Z"",""superseded"":false,""id"":1,""createdAt"":""2026-09-25T16:35:48.629Z"",""updatedAt"":""2026-09-26T09:53:53.450Z""}",741
EVT-AUTH-001--1790416433810,AUTH-001,1,2026-09-25T20:08:50.000Z,,UTILITY_CHECK_COMPLETED,BUSINESS_VALIDATION,,,,B,Business_Register row for AU-DEMO-BIZ-1001,"{""result_id"":""RES-AUTH-001-2"",""case_run_id"":""AUTH-001"",""submission_version"":1,""sequence"":null,""agent_id"":null,""utility_name"":null,""check_type"":""BUSINESS_VALIDATION"",""status"":null,""findings_json"":""{\""lookup_status\"":\""SUCCESS\"",\""registration_status\"":\""ACTIVE\"",\""name_match\"":true,\""identifier_match\"":true}"",""reason_codes"":""BUSINESS_ACTIVE"",""evidence_references"":""Business_Register row for AU-DEMO-BIZ-1001"",""confidence"":null,""human_review_required"":false,""recommended_next_step"":null,""rule_ids"":""REG-001"",""rule_status_used"":null,""created_at"":""2026-09-25T20:06:02.000Z"",""superseded"":false,""id"":1,""createdAt"":""2026-09-25T16:35:48.629Z"",""updatedAt"":""2026-09-26T09:53:53.761Z""}",742
EVT-AUTH-001--1790416434150,AUTH-001,1,2026-09-25T20:08:50.000Z,,UTILITY_CHECK_COMPLETED,IDENTITY_VALIDATION,,,,I,documents/AUTH-001/AUTH-001_Identity_Profile.pdf,"{""result_id"":""RES-AUTH-001-3"",""case_run_id"":""AUTH-001"",""submission_version"":1,""sequence"":null,""agent_id"":null,""utility_name"":null,""check_type"":""IDENTITY_VALIDATION"",""status"":null,""findings_json"":""{\""name_match\"":true,\""identity_status\"":\""VALID_SYNTHETIC\"",\""expired\"":false}"",""reason_codes"":""IDENTITY_VERIFIED"",""evidence_references"":""documents/AUTH-001/AUTH-001_Identity_Profile.pdf"",""confidence"":null,""human_review_required"":false,""recommended_next_step"":null,""rule_ids"":""ID-001"",""rule_status_used"":null,""created_at"":""2026-09-25T20:06:02.000Z"",""superseded"":false,""id"":1,""createdAt"":""2026-09-25T16:35:48.629Z"",""updatedAt"":""2026-09-26T09:53:54.082Z""}",743
EVT-AUTH-001--1790416434452,AUTH-001,1,2026-09-25T20:08:50.000Z,,UTILITY_CHECK_COMPLETED,AUTHORITY_VALIDATION,,,,A,documents/AUTH-001/AUTH-001_AUTHORITY_LETTER.pdf,"{""result_id"":""RES-AUTH-001-4"",""case_run_id"":""AUTH-001"",""submission_version"":1,""sequence"":null,""agent_id"":null,""utility_name"":null,""check_type"":""AUTHORITY_VALIDATION"",""status"":null,""findings_json"":""{\""representative_named\"":true,\""account_management\"":true,\""service_ordering\"":true,\""contract_signing\"":true,\""scope\"":\""CLEAR\""}"",""reason_codes"":""AUTHORITY_SCOPE_CLEAR"",""evidence_references"":""documents/AUTH-001/AUTH-001_AUTHORITY_LETTER.pdf"",""confidence"":null,""human_review_required"":false,""recommended_next_step"":null,""rule_ids"":""AUTH-003"",""rule_status_used"":null,""created_at"":""2026-09-25T20:06:02.000Z"",""superseded"":false,""id"":1,""createdAt"":""2026-09-25T16:35:48.629Z"",""updatedAt"":""2026-09-26T09:53:54.402Z""}",744
EVT-AUTH-001--1790416434784,AUTH-001,1,2026-09-25T20:08:50.000Z,,UTILITY_CHECK_COMPLETED,SYSTEM_DATA_CHECK,,,,,CRM_Accounts record for CUST-DEMO-AU-1001,"{""result_id"":""RES-AUTH-001-5"",""case_run_id"":""AUTH-001"",""submission_version"":1,""sequence"":null,""agent_id"":null,""utility_name"":null,""check_type"":""SYSTEM_DATA_CHECK"",""status"":null,""findings_json"":""{\""pid_count\"":1,\""legal_name_consistent\"":true,\""open_duplicate_request\"":false}"",""reason_codes"":"""",""evidence_references"":""CRM_Accounts record for CUST-DEMO-AU-1001"",""confidence"":null,""human_review_required"":false,""recommended_next_step"":null,""rule_ids"":"""",""rule_status_used"":null,""created_at"":""2026-09-25T20:06:02.000Z"",""superseded"":false,""id"":1,""createdAt"":""2026-09-25T16:35:48.629Z"",""updatedAt"":""2026-09-26T09:53:54.724Z""}",745
EVT-AUTH-001--1790416435124,AUTH-001,1,2026-09-25T20:08:50.000Z,,UTILITY_CHECK_COMPLETED,FINANCIAL_CHECK,,,,F,Financial_Records record(s) for CUST-DEMO-AU-1001,"{""result_id"":""RES-AUTH-001-6"",""case_run_id"":""AUTH-001"",""submission_version"":1,""sequence"":null,""agent_id"":null,""utility_name"":null,""check_type"":""FINANCIAL_CHECK"",""status"":null,""findings_json"":""{\""credit_hold\"":false,\""total_outstanding\"":0,\""policy_exception\"":false}"",""reason_codes"":""FINANCIAL_CHECK_CLEAR"",""evidence_references"":""Financial_Records record(s) for CUST-DEMO-AU-1001"",""confidence"":null,""human_review_required"":false,""recommended_next_step"":null,""rule_ids"":""FIN-001"",""rule_status_used"":null,""created_at"":""2026-09-25T20:06:02.000Z"",""superseded"":false,""id"":1,""createdAt"":""2026-09-25T16:35:48.629Z"",""updatedAt"":""2026-09-26T09:53:55.046Z""}",746
EVT-AUTH-001--1790416435450,AUTH-001,1,2026-09-25T20:08:50.000Z,,UTILITY_CHECK_COMPLETED,FINAL_VERIFICATION,,,,F,Mock final verification result for AUTH-001,"{""result_id"":""RES-AUTH-001-7"",""case_run_id"":""AUTH-001"",""submission_version"":1,""sequence"":null,""agent_id"":null,""utility_name"":null,""check_type"":""FINAL_VERIFICATION"",""status"":null,""findings_json"":""{\""status\"":\""SUCCESSFUL\"",\""fraud_flag\"":false,\""manual_verification_required\"":false}"",""reason_codes"":""FINAL_VERIFICATION_SUCCESSFUL"",""evidence_references"":""Mock final verification result for AUTH-001"",""confidence"":null,""human_review_required"":false,""recommended_next_step"":null,""rule_ids"":""CMP-001"",""rule_status_used"":null,""created_at"":""2026-09-25T20:06:02.000Z"",""superseded"":false,""id"":1,""createdAt"":""2026-09-25T16:35:48.629Z"",""updatedAt"":""2026-09-26T09:53:55.398Z""}",747
EVT-AUTH-002--1790416449353,AUTH-002,1,2026-09-25T20:08:50.000Z,,UTILITY_CHECK_COMPLETED,DOCUMENT_EXTRACTION,,,,A,documents/AUTH-002,"{""result_id"":""RES-AUTH-002-1"",""case_run_id"":""AUTH-002"",""submission_version"":1,""sequence"":null,""agent_id"":null,""utility_name"":null,""check_type"":""DOCUMENT_EXTRACTION"",""status"":null,""findings_json"":""{\""documents_expected\"":3,\""documents_present\"":2,\""missing\"":[\""AUTHORITY_LETTER\""],\""all_readable\"":true}"",""reason_codes"":""AUTHORITY_MISSING"",""evidence_references"":""documents/AUTH-002"",""confidence"":null,""human_review_required"":false,""recommended_next_step"":null,""rule_ids"":""AUTH-002"",""rule_status_used"":null,""created_at"":""2026-09-25T20:06:02.000Z"",""superseded"":false,""id"":1,""createdAt"":""2026-09-25T16:35:48.629Z"",""updatedAt"":""2026-09-26T09:54:09.286Z""}",751
EVT-AUTH-003--1790416459537,AUTH-003,1,2026-09-25T20:08:50.000Z,,UTILITY_CHECK_COMPLETED,DOCUMENT_EXTRACTION,,,,,documents/AUTH-003,"{""result_id"":""RES-AUTH-003-1"",""case_run_id"":""AUTH-003"",""submission_version"":1,""sequence"":null,""agent_id"":null,""utility_name"":null,""check_type"":""DOCUMENT_EXTRACTION"",""status"":null,""findings_json"":""{\""documents_expected\"":3,\""documents_present\"":3,\""missing\"":[],\""all_readable\"":true}"",""reason_codes"":"""",""evidence_references"":""documents/AUTH-003"",""confidence"":null,""human_review_required"":false,""recommended_next_step"":null,""rule_ids"":"""",""rule_status_used"":null,""created_at"":""2026-09-25T20:06:02.000Z"",""superseded"":false,""id"":1,""createdAt"":""2026-09-25T16:35:48.629Z"",""updatedAt"":""2026-09-26T09:54:19.483Z""}",755
EVT-AUTH-003--1790416459877,AUTH-003,1,2026-09-25T20:08:50.000Z,,UTILITY_CHECK_COMPLETED,BUSINESS_VALIDATION,,,,B,Business_Register row for AU-DEMO-BIZ-1002,"{""result_id"":""RES-AUTH-003-2"",""case_run_id"":""AUTH-003"",""submission_version"":1,""sequence"":null,""agent_id"":null,""utility_name"":null,""check_type"":""BUSINESS_VALIDATION"",""status"":null,""findings_json"":""{\""lookup_status\"":\""SUCCESS\"",\""registration_status\"":\""ACTIVE\"",\""name_match\"":true,\""identifier_match\"":true}"",""reason_codes"":""BUSINESS_ACTIVE"",""evidence_references"":""Business_Register row for AU-DEMO-BIZ-1002"",""confidence"":null,""human_review_required"":false,""recommended_next_step"":null,""rule_ids"":""REG-001"",""rule_status_used"":null,""created_at"":""2026-09-25T20:06:02.000Z"",""superseded"":false,""id"":1,""createdAt"":""2026-09-25T16:35:48.629Z"",""updatedAt"":""2026-09-26T09:54:19.812Z""}",756
EVT-AUTH-003--1790416460202,AUTH-003,1,2026-09-25T20:08:50.000Z,,UTILITY_CHECK_COMPLETED,IDENTITY_VALIDATION,,,,I,documents/AUTH-003/AUTH-003_Identity_Profile.pdf,"{""result_id"":""RES-AUTH-003-3"",""case_run_id"":""AUTH-003"",""submission_version"":1,""sequence"":null,""agent_id"":null,""utility_name"":null,""check_type"":""IDENTITY_VALIDATION"",""status"":null,""findings_json"":""{\""name_match\"":true,\""identity_status\"":\""VALID_SYNTHETIC\"",\""expired\"":false}"",""reason_codes"":""IDENTITY_VERIFIED"",""evidence_references"":""documents/AUTH-003/AUTH-003_Identity_Profile.pdf"",""confidence"":null,""human_review_required"":false,""recommended_next_step"":null,""rule_ids"":""ID-001"",""rule_status_used"":null,""created_at"":""2026-09-25T20:06:02.000Z"",""superseded"":false,""id"":1,""createdAt"":""2026-09-25T16:35:48.629Z"",""updatedAt"":""2026-09-26T09:54:20.134Z""}",757
EVT-AUTH-003--1790416460512,AUTH-003,1,2026-09-25T20:08:50.000Z,,UTILITY_CHECK_COMPLETED,AUTHORITY_VALIDATION,,,,A,documents/AUTH-003/AUTH-003_AUTHORITY_LETTER.pdf,"{""result_id"":""RES-AUTH-003-4"",""case_run_id"":""AUTH-003"",""submission_version"":1,""sequence"":null,""agent_id"":null,""utility_name"":null,""check_type"":""AUTHORITY_VALIDATION"",""status"":null,""findings_json"":""{\""representative_named\"":true,\""account_enquiries\"":true,\""service_ordering\"":false,\""contract_signing\"":false,\""scope\"":\""AMBIGUOUS\""}"",""reason_codes"":""AUTHORITY_SCOPE_AMBIGUOUS"",""evidence_references"":""documents/AUTH-003/AUTH-003_AUTHORITY_LETTER.pdf"",""confidence"":null,""human_review_required"":false,""recommended_next_step"":null,""rule_ids"":""AUTH-004"",""rule_status_used"":null,""created_at"":""2026-09-25T20:06:02.000Z"",""superseded"":false,""id"":1,""createdAt"":""2026-09-25T16:35:48.629Z"",""updatedAt"":""2026-09-26T09:54:20.440Z""}",758
EVT-AUTH-004--1790416500856,AUTH-004,1,2026-09-25T20:08:50.000Z,,UTILITY_CHECK_COMPLETED,DOCUMENT_EXTRACTION,,,,,documents/AUTH-004,"{""result_id"":""RES-AUTH-004-1"",""case_run_id"":""AUTH-004"",""submission_version"":1,""sequence"":null,""agent_id"":null,""utility_name"":null,""check_type"":""DOCUMENT_EXTRACTION"",""status"":null,""findings_json"":""{\""documents_expected\"":3,\""documents_present\"":3,\""missing\"":[],\""all_readable\"":true}"",""reason_codes"":"""",""evidence_references"":""documents/AUTH-004"",""confidence"":null,""human_review_required"":false,""recommended_next_step"":null,""rule_ids"":"""",""rule_status_used"":null,""created_at"":""2026-09-25T20:06:02.000Z"",""superseded"":false,""id"":1,""createdAt"":""2026-09-25T16:35:48.629Z"",""updatedAt"":""2026-09-26T09:55:00.806Z""}",762
EVT-AUTH-004--1790416501222,AUTH-004,1,2026-09-25T20:08:50.000Z,,UTILITY_CHECK_COMPLETED,BUSINESS_VALIDATION,,,,B,Business_Register row for NZ-DEMO-BIZ-2002,"{""result_id"":""RES-AUTH-004-2"",""case_run_id"":""AUTH-004"",""submission_version"":1,""sequence"":null,""agent_id"":null,""utility_name"":null,""check_type"":""BUSINESS_VALIDATION"",""status"":null,""findings_json"":""{\""lookup_status\"":\""SUCCESS\"",\""registration_status\"":\""INACTIVE\"",\""name_match\"":true}"",""reason_codes"":""BUSINESS_INACTIVE"",""evidence_references"":""Business_Register row for NZ-DEMO-BIZ-2002"",""confidence"":null,""human_review_required"":false,""recommended_next_step"":null,""rule_ids"":""REG-003"",""rule_status_used"":null,""created_at"":""2026-09-25T20:06:02.000Z"",""superseded"":false,""id"":1,""createdAt"":""2026-09-25T16:35:48.629Z"",""updatedAt"":""2026-09-26T09:55:01.153Z""}",763
EVT-AUTH-010--1790416514380,AUTH-010,1,2026-09-25T20:08:50.000Z,,UTILITY_CHECK_COMPLETED,DOCUMENT_EXTRACTION,,,,,documents/AUTH-010,"{""result_id"":""RES-AUTH-010-1"",""case_run_id"":""AUTH-010"",""submission_version"":1,""sequence"":null,""agent_id"":null,""utility_name"":null,""check_type"":""DOCUMENT_EXTRACTION"",""status"":null,""findings_json"":""{\""documents_expected\"":3,\""documents_present\"":3,\""missing\"":[],\""all_readable\"":true}"",""reason_codes"":"""",""evidence_references"":""documents/AUTH-010"",""confidence"":null,""human_review_required"":false,""recommended_next_step"":null,""rule_ids"":"""",""rule_status_used"":null,""created_at"":""2026-09-25T20:06:02.000Z"",""superseded"":false,""id"":1,""createdAt"":""2026-09-25T16:35:48.629Z"",""updatedAt"":""2026-09-26T09:55:14.324Z""}",767
EVT-AUTH-010--1790416514735,AUTH-010,1,2026-09-25T20:08:50.000Z,,UTILITY_CHECK_COMPLETED,BUSINESS_VALIDATION,,,,B,Business_Register row for AU-DEMO-BIZ-1006,"{""result_id"":""RES-AUTH-010-2"",""case_run_id"":""AUTH-010"",""submission_version"":1,""sequence"":null,""agent_id"":null,""utility_name"":null,""check_type"":""BUSINESS_VALIDATION"",""status"":null,""findings_json"":""{\""lookup_status\"":\""SUCCESS\"",\""registration_status\"":\""ACTIVE\"",\""name_match\"":true,\""identifier_match\"":true}"",""reason_codes"":""BUSINESS_ACTIVE"",""evidence_references"":""Business_Register row for AU-DEMO-BIZ-1006"",""confidence"":null,""human_review_required"":false,""recommended_next_step"":null,""rule_ids"":""REG-001"",""rule_status_used"":null,""created_at"":""2026-09-25T20:06:02.000Z"",""superseded"":false,""id"":1,""createdAt"":""2026-09-25T16:35:48.629Z"",""updatedAt"":""2026-09-26T09:55:14.668Z""}",768
EVT-AUTH-010--1790416515047,AUTH-010,1,2026-09-25T20:08:50.000Z,,UTILITY_CHECK_COMPLETED,IDENTITY_VALIDATION,,,,I,documents/AUTH-010/AUTH-010_Identity_Profile.pdf,"{""result_id"":""RES-AUTH-010-3"",""case_run_id"":""AUTH-010"",""submission_version"":1,""sequence"":null,""agent_id"":null,""utility_name"":null,""check_type"":""IDENTITY_VALIDATION"",""status"":null,""findings_json"":""{\""name_match\"":true,\""identity_status\"":\""VALID_SYNTHETIC\"",\""expired\"":false}"",""reason_codes"":""IDENTITY_VERIFIED"",""evidence_references"":""documents/AUTH-010/AUTH-010_Identity_Profile.pdf"",""confidence"":null,""human_review_required"":false,""recommended_next_step"":null,""rule_ids"":""ID-001"",""rule_status_used"":null,""created_at"":""2026-09-25T20:06:02.000Z"",""superseded"":false,""id"":1,""createdAt"":""2026-09-25T16:35:48.629Z"",""updatedAt"":""2026-09-26T09:55:14.989Z""}",769
EVT-AUTH-010--1790416515414,AUTH-010,1,2026-09-25T20:08:50.000Z,,UTILITY_CHECK_COMPLETED,AUTHORITY_VALIDATION,,,,A,documents/AUTH-010/AUTH-010_AUTHORITY_LETTER.pdf,"{""result_id"":""RES-AUTH-010-4"",""case_run_id"":""AUTH-010"",""submission_version"":1,""sequence"":null,""agent_id"":null,""utility_name"":null,""check_type"":""AUTHORITY_VALIDATION"",""status"":null,""findings_json"":""{\""representative_named\"":true,\""account_management\"":true,\""service_ordering\"":true,\""contract_signing\"":true,\""scope\"":\""CLEAR\""}"",""reason_codes"":""AUTHORITY_SCOPE_CLEAR"",""evidence_references"":""documents/AUTH-010/AUTH-010_AUTHORITY_LETTER.pdf"",""confidence"":null,""human_review_required"":false,""recommended_next_step"":null,""rule_ids"":""AUTH-003"",""rule_status_used"":null,""created_at"":""2026-09-25T20:06:02.000Z"",""superseded"":false,""id"":1,""createdAt"":""2026-09-25T16:35:48.629Z"",""updatedAt"":""2026-09-26T09:55:15.366Z""}",770
EVT-AUTH-010--1790416515704,AUTH-010,1,2026-09-25T20:08:50.000Z,,UTILITY_CHECK_COMPLETED,SYSTEM_DATA_CHECK,,,,,CRM_Accounts record for CUST-DEMO-AU-1006,"{""result_id"":""RES-AUTH-010-5"",""case_run_id"":""AUTH-010"",""submission_version"":1,""sequence"":null,""agent_id"":null,""utility_name"":null,""check_type"":""SYSTEM_DATA_CHECK"",""status"":null,""findings_json"":""{\""pid_count\"":1,\""legal_name_consistent\"":true,\""open_duplicate_request\"":false}"",""reason_codes"":"""",""evidence_references"":""CRM_Accounts record for CUST-DEMO-AU-1006"",""confidence"":null,""human_review_required"":false,""recommended_next_step"":null,""rule_ids"":"""",""rule_status_used"":null,""created_at"":""2026-09-25T20:06:02.000Z"",""superseded"":false,""id"":1,""createdAt"":""2026-09-25T16:35:48.629Z"",""updatedAt"":""2026-09-26T09:55:15.653Z""}",771
EVT-AUTH-010--1790416516027,AUTH-010,1,2026-09-25T20:08:50.000Z,,UTILITY_CHECK_COMPLETED,FINANCIAL_CHECK,,,,C,Financial_Records record for CUST-DEMO-AU-1006,"{""result_id"":""RES-AUTH-010-6"",""case_run_id"":""AUTH-010"",""submission_version"":1,""sequence"":null,""agent_id"":null,""utility_name"":null,""check_type"":""FINANCIAL_CHECK"",""status"":null,""findings_json"":""{\""credit_hold\"":true,\""outstanding_amount\"":12450,\""policy_status\"":\""TBD\""}"",""reason_codes"":""CREDIT_HOLD; TBD_POLICY"",""evidence_references"":""Financial_Records record for CUST-DEMO-AU-1006"",""confidence"":null,""human_review_required"":false,""recommended_next_step"":null,""rule_ids"":""FIN-002; CTRL-001"",""rule_status_used"":null,""created_at"":""2026-09-25T20:06:02.000Z"",""superseded"":false,""id"":1,""createdAt"":""2026-09-25T16:35:48.629Z"",""updatedAt"":""2026-09-26T09:55:15.966Z""}",772
EVT-AUTH-010--1790416516342,AUTH-010,1,2026-09-25T20:08:50.000Z,,UTILITY_CHECK_COMPLETED,FINAL_VERIFICATION,,,,,,"{""result_id"":""RES-AUTH-010-7"",""case_run_id"":""AUTH-010"",""submission_version"":1,""sequence"":null,""agent_id"":null,""utility_name"":null,""check_type"":""FINAL_VERIFICATION"",""status"":null,""findings_json"":""{\""reason\"":\""TBD financial policy requires human review\""}"",""reason_codes"":"""",""evidence_references"":"""",""confidence"":null,""human_review_required"":false,""recommended_next_step"":null,""rule_ids"":"""",""rule_status_used"":null,""created_at"":""2026-09-25T20:06:02.000Z"",""superseded"":false,""id"":1,""createdAt"":""2026-09-25T16:35:48.629Z"",""updatedAt"":""2026-09-26T09:55:16.278Z""}",773
EVT-AUTH-003-HUMAN-1790419949890,AUTH-003,1,2026-09-26T10:52:29.892Z,Demo Reviewer,HUMAN_REVIEW_COMPLETED,HUMAN_REVIEW,MANUAL_REVIEW,APPROVE,,AUTHORITY_SCOPE_AMBIGUOUS,Review ID: REV-AUTH-003-1,"{""case_run_id"":""AUTH-003"",""submission_version"":1,""original_outcome"":""MANUAL_REVIEW"",""final_outcome"":""APPROVE"",""primary_reason_code"":""AUTHORITY_SCOPE_AMBIGUOUS"",""secondary_reason_codes"":[""BUSINESS_ACTIVE"",""IDENTITY_VERIFIED"",""AUTHORITY_SCOPE_AMBIGUOUS"",""HUMAN_REVIEW_COMPLETED""],""human_review_required"":false,""target_queue"":""ORDER_READINESS"",""next_action"":""Proceed to the next controlled operational step. No production write-back has been performed."",""customer_safe_summary"":""A human reviewer approved the request after reviewing the available evidence."",""communication_template_id"":""TPL-APPROVE"",""human_review"":{""review_id"":""REV-AUTH-003-1"",""reviewer_name"":""Demo Reviewer"",""reviewer_decision"":""APPROVE"",""reviewer_comments"":""All good to proceed"",""override_reason"":"""",""completed_at"":""2026-09-26T10:52:29.622Z""},""prototype_data"":true,""production_write_performed"":false}",802
EVT-AUTH-003-HUMAN-1790443714956,AUTH-003,1,2026-09-26T17:28:34.958Z,Demo,HUMAN_REVIEW_COMPLETED,HUMAN_REVIEW,MANUAL_REVIEW,APPROVE,,AUTHORITY_SCOPE_AMBIGUOUS,Review ID: REV-AUTH-003-1,"{""case_run_id"":""AUTH-003"",""submission_version"":1,""original_outcome"":""MANUAL_REVIEW"",""final_outcome"":""APPROVE"",""primary_reason_code"":""AUTHORITY_SCOPE_AMBIGUOUS"",""secondary_reason_codes"":[""BUSINESS_ACTIVE"",""IDENTITY_VERIFIED"",""AUTHORITY_SCOPE_AMBIGUOUS"",""HUMAN_REVIEW_COMPLETED""],""human_review_required"":false,""target_queue"":""ORDER_READINESS"",""next_action"":""Proceed to the next controlled operational step. No production write-back has been performed."",""customer_safe_summary"":""A human reviewer approved the request after reviewing the available evidence."",""communication_template_id"":""TPL-APPROVE"",""human_review"":{""review_id"":""REV-AUTH-003-1"",""reviewer_name"":""Demo"",""reviewer_decision"":""APPROVE"",""reviewer_comments"":""Demo"",""override_reason"":"""",""completed_at"":""2026-09-26T17:28:34.536Z""},""prototype_data"":true,""production_write_performed"":false}",868
EVT-AUTH-004-HUMAN-1790444039976,AUTH-004,1,2026-09-26T17:33:59.978Z,Demo,HUMAN_REVIEW_COMPLETED,HUMAN_REVIEW,REJECT,APPROVE,,BUSINESS_INACTIVE,Review ID: REV-AUTH-004-1,"{""case_run_id"":""AUTH-004"",""submission_version"":1,""original_outcome"":""REJECT"",""final_outcome"":""APPROVE"",""primary_reason_code"":""BUSINESS_INACTIVE"",""secondary_reason_codes"":[""BUSINESS_INACTIVE"",""HUMAN_REVIEW_COMPLETED""],""human_review_required"":false,""target_queue"":""ORDER_READINESS"",""next_action"":""Proceed to the next controlled operational step. No production write-back has been performed."",""customer_safe_summary"":""A human reviewer approved the request after reviewing the available evidence."",""communication_template_id"":""TPL-APPROVE"",""human_review"":{""review_id"":""REV-AUTH-004-1"",""reviewer_name"":""Demo"",""reviewer_decision"":""APPROVE"",""reviewer_comments"":""Demo"",""override_reason"":""Demo"",""completed_at"":""2026-09-26T17:33:59.570Z""},""prototype_data"":true,""production_write_performed"":false}",873
EVT-AUTH-008-V1--1790491323756,AUTH-008-V1,1,2026-09-25T20:08:50.000Z,,UTILITY_CHECK_COMPLETED,DOCUMENT_EXTRACTION,,,,,documents/AUTH-008-V1,"{""result_id"":""RES-AUTH-008-V1-1"",""case_run_id"":""AUTH-008-V1"",""submission_version"":1,""sequence"":null,""agent_id"":null,""utility_name"":null,""check_type"":""DOCUMENT_EXTRACTION"",""status"":null,""findings_json"":""{\""documents_expected\"":3,\""documents_present\"":3,\""missing\"":[],\""all_readable\"":true}"",""reason_codes"":"""",""evidence_references"":""documents/AUTH-008-V1"",""confidence"":null,""human_review_required"":false,""recommended_next_step"":null,""rule_ids"":"""",""rule_status_used"":null,""created_at"":""2026-09-25T20:06:02.000Z"",""superseded"":false,""id"":1,""createdAt"":""2026-09-25T16:35:48.629Z"",""updatedAt"":""2026-09-27T06:42:03.687Z""}",894
EVT-AUTH-008-V1--1790491324124,AUTH-008-V1,1,2026-09-25T20:08:50.000Z,,UTILITY_CHECK_COMPLETED,BUSINESS_VALIDATION,,,,B,Business_Register row for AU-DEMO-BIZ-1005,"{""result_id"":""RES-AUTH-008-V1-2"",""case_run_id"":""AUTH-008-V1"",""submission_version"":1,""sequence"":null,""agent_id"":null,""utility_name"":null,""check_type"":""BUSINESS_VALIDATION"",""status"":null,""findings_json"":""{\""lookup_status\"":\""SUCCESS\"",\""registration_status\"":\""ACTIVE\"",\""name_match\"":true,\""identifier_match\"":true}"",""reason_codes"":""BUSINESS_ACTIVE"",""evidence_references"":""Business_Register row for AU-DEMO-BIZ-1005"",""confidence"":null,""human_review_required"":false,""recommended_next_step"":null,""rule_ids"":""REG-001"",""rule_status_used"":null,""created_at"":""2026-09-25T20:06:02.000Z"",""superseded"":false,""id"":1,""createdAt"":""2026-09-25T16:35:48.629Z"",""updatedAt"":""2026-09-27T06:42:04.042Z""}",895
EVT-AUTH-008-V1--1790491324438,AUTH-008-V1,1,2026-09-25T20:08:50.000Z,,UTILITY_CHECK_COMPLETED,IDENTITY_VALIDATION,,,,I,documents/AUTH-008-V1/AUTH-008-V1_Identity_Profile.pdf,"{""result_id"":""RES-AUTH-008-V1-3"",""case_run_id"":""AUTH-008-V1"",""submission_version"":1,""sequence"":null,""agent_id"":null,""utility_name"":null,""check_type"":""IDENTITY_VALIDATION"",""status"":null,""findings_json"":""{\""name_match\"":true,\""identity_status\"":\""VALID_SYNTHETIC\"",\""expired\"":false}"",""reason_codes"":""IDENTITY_VERIFIED"",""evidence_references"":""documents/AUTH-008-V1/AUTH-008-V1_Identity_Profile.pdf"",""confidence"":null,""human_review_required"":false,""recommended_next_step"":null,""rule_ids"":""ID-001"",""rule_status_used"":null,""created_at"":""2026-09-25T20:06:02.000Z"",""superseded"":false,""id"":1,""createdAt"":""2026-09-25T16:35:48.629Z"",""updatedAt"":""2026-09-27T06:42:04.385Z""}",896
EVT-AUTH-008-V1--1790491324795,AUTH-008-V1,1,2026-09-25T20:08:50.000Z,,UTILITY_CHECK_COMPLETED,AUTHORITY_VALIDATION,,,,A,documents/AUTH-008-V1/AUTH-008-V1_AUTHORITY_LETTER_V1.pdf,"{""result_id"":""RES-AUTH-008-V1-4"",""case_run_id"":""AUTH-008-V1"",""submission_version"":1,""sequence"":null,""agent_id"":null,""utility_name"":null,""check_type"":""AUTHORITY_VALIDATION"",""status"":null,""findings_json"":""{\""representative_named\"":true,\""information_access\"":true,\""service_ordering\"":false,\""contract_signing\"":false,\""scope\"":\""INSUFFICIENT_BUT_REMEDIABLE\""}"",""reason_codes"":""AUTHORITY_SCOPE_INSUFFICIENT"",""evidence_references"":""documents/AUTH-008-V1/AUTH-008-V1_AUTHORITY_LETTER_V1.pdf"",""confidence"":null,""human_review_required"":false,""recommended_next_step"":null,""rule_ids"":""AUTH-005"",""rule_status_used"":null,""created_at"":""2026-09-25T20:06:02.000Z"",""superseded"":false,""id"":1,""createdAt"":""2026-09-25T16:35:48.629Z"",""updatedAt"":""2026-09-27T06:42:04.737Z""}",897
EVT-AUTH-003--1790491404233,AUTH-003,1,2026-09-25T20:08:50.000Z,,UTILITY_CHECK_COMPLETED,DOCUMENT_EXTRACTION,,,,,documents/AUTH-003,"{""result_id"":""RES-AUTH-003-1"",""case_run_id"":""AUTH-003"",""submission_version"":1,""sequence"":null,""agent_id"":null,""utility_name"":null,""check_type"":""DOCUMENT_EXTRACTION"",""status"":null,""findings_json"":""{\""documents_expected\"":3,\""documents_present\"":3,\""missing\"":[],\""all_readable\"":true}"",""reason_codes"":"""",""evidence_references"":""documents/AUTH-003"",""confidence"":null,""human_review_required"":false,""recommended_next_step"":null,""rule_ids"":"""",""rule_status_used"":null,""created_at"":""2026-09-25T20:06:02.000Z"",""superseded"":false,""id"":1,""createdAt"":""2026-09-25T16:35:48.629Z"",""updatedAt"":""2026-09-27T06:43:24.145Z""}",901
EVT-AUTH-003--1790491404567,AUTH-003,1,2026-09-25T20:08:50.000Z,,UTILITY_CHECK_COMPLETED,BUSINESS_VALIDATION,,,,B,Business_Register row for AU-DEMO-BIZ-1002,"{""result_id"":""RES-AUTH-003-2"",""case_run_id"":""AUTH-003"",""submission_version"":1,""sequence"":null,""agent_id"":null,""utility_name"":null,""check_type"":""BUSINESS_VALIDATION"",""status"":null,""findings_json"":""{\""lookup_status\"":\""SUCCESS\"",\""registration_status\"":\""ACTIVE\"",\""name_match\"":true,\""identifier_match\"":true}"",""reason_codes"":""BUSINESS_ACTIVE"",""evidence_references"":""Business_Register row for AU-DEMO-BIZ-1002"",""confidence"":null,""human_review_required"":false,""recommended_next_step"":null,""rule_ids"":""REG-001"",""rule_status_used"":null,""created_at"":""2026-09-25T20:06:02.000Z"",""superseded"":false,""id"":1,""createdAt"":""2026-09-25T16:35:48.629Z"",""updatedAt"":""2026-09-27T06:43:24.507Z""}",902
EVT-AUTH-003--1790491404977,AUTH-003,1,2026-09-25T20:08:50.000Z,,UTILITY_CHECK_COMPLETED,IDENTITY_VALIDATION,,,,I,documents/AUTH-003/AUTH-003_Identity_Profile.pdf,"{""result_id"":""RES-AUTH-003-3"",""case_run_id"":""AUTH-003"",""submission_version"":1,""sequence"":null,""agent_id"":null,""utility_name"":null,""check_type"":""IDENTITY_VALIDATION"",""status"":null,""findings_json"":""{\""name_match\"":true,\""identity_status\"":\""VALID_SYNTHETIC\"",\""expired\"":false}"",""reason_codes"":""IDENTITY_VERIFIED"",""evidence_references"":""documents/AUTH-003/AUTH-003_Identity_Profile.pdf"",""confidence"":null,""human_review_required"":false,""recommended_next_step"":null,""rule_ids"":""ID-001"",""rule_status_used"":null,""created_at"":""2026-09-25T20:06:02.000Z"",""superseded"":false,""id"":1,""createdAt"":""2026-09-25T16:35:48.629Z"",""updatedAt"":""2026-09-27T06:43:24.857Z""}",903
EVT-AUTH-003--1790491405370,AUTH-003,1,2026-09-25T20:08:50.000Z,,UTILITY_CHECK_COMPLETED,AUTHORITY_VALIDATION,,,,A,documents/AUTH-003/AUTH-003_AUTHORITY_LETTER.pdf,"{""result_id"":""RES-AUTH-003-4"",""case_run_id"":""AUTH-003"",""submission_version"":1,""sequence"":null,""agent_id"":null,""utility_name"":null,""check_type"":""AUTHORITY_VALIDATION"",""status"":null,""findings_json"":""{\""representative_named\"":true,\""account_enquiries\"":true,\""service_ordering\"":false,\""contract_signing\"":false,\""scope\"":\""AMBIGUOUS\""}"",""reason_codes"":""AUTHORITY_SCOPE_AMBIGUOUS"",""evidence_references"":""documents/AUTH-003/AUTH-003_AUTHORITY_LETTER.pdf"",""confidence"":null,""human_review_required"":false,""recommended_next_step"":null,""rule_ids"":""AUTH-004"",""rule_status_used"":null,""created_at"":""2026-09-25T20:06:02.000Z"",""superseded"":false,""id"":1,""createdAt"":""2026-09-25T16:35:48.629Z"",""updatedAt"":""2026-09-27T06:43:25.304Z""}",904
EVT-AUTH-003--1790491507448,AUTH-003,1,2026-09-25T20:08:50.000Z,,UTILITY_CHECK_COMPLETED,DOCUMENT_EXTRACTION,,,,,documents/AUTH-003,"{""result_id"":""RES-AUTH-003-1"",""case_run_id"":""AUTH-003"",""submission_version"":1,""sequence"":null,""agent_id"":null,""utility_name"":null,""check_type"":""DOCUMENT_EXTRACTION"",""status"":null,""findings_json"":""{\""documents_expected\"":3,\""documents_present\"":3,\""missing\"":[],\""all_readable\"":true}"",""reason_codes"":"""",""evidence_references"":""documents/AUTH-003"",""confidence"":null,""human_review_required"":false,""recommended_next_step"":null,""rule_ids"":"""",""rule_status_used"":null,""created_at"":""2026-09-25T20:06:02.000Z"",""superseded"":false,""id"":1,""createdAt"":""2026-09-25T16:35:48.629Z"",""updatedAt"":""2026-09-27T06:45:07.380Z""}",911
EVT-AUTH-003--1790491507811,AUTH-003,1,2026-09-25T20:08:50.000Z,,UTILITY_CHECK_COMPLETED,BUSINESS_VALIDATION,,,,B,Business_Register row for AU-DEMO-BIZ-1002,"{""result_id"":""RES-AUTH-003-2"",""case_run_id"":""AUTH-003"",""submission_version"":1,""sequence"":null,""agent_id"":null,""utility_name"":null,""check_type"":""BUSINESS_VALIDATION"",""status"":null,""findings_json"":""{\""lookup_status\"":\""SUCCESS\"",\""registration_status\"":\""ACTIVE\"",\""name_match\"":true,\""identifier_match\"":true}"",""reason_codes"":""BUSINESS_ACTIVE"",""evidence_references"":""Business_Register row for AU-DEMO-BIZ-1002"",""confidence"":null,""human_review_required"":false,""recommended_next_step"":null,""rule_ids"":""REG-001"",""rule_status_used"":null,""created_at"":""2026-09-25T20:06:02.000Z"",""superseded"":false,""id"":1,""createdAt"":""2026-09-25T16:35:48.629Z"",""updatedAt"":""2026-09-27T06:45:07.738Z""}",912
EVT-AUTH-003--1790491508195,AUTH-003,1,2026-09-25T20:08:50.000Z,,UTILITY_CHECK_COMPLETED,IDENTITY_VALIDATION,,,,I,documents/AUTH-003/AUTH-003_Identity_Profile.pdf,"{""result_id"":""RES-AUTH-003-3"",""case_run_id"":""AUTH-003"",""submission_version"":1,""sequence"":null,""agent_id"":null,""utility_name"":null,""check_type"":""IDENTITY_VALIDATION"",""status"":null,""findings_json"":""{\""name_match\"":true,\""identity_status\"":\""VALID_SYNTHETIC\"",\""expired\"":false}"",""reason_codes"":""IDENTITY_VERIFIED"",""evidence_references"":""documents/AUTH-003/AUTH-003_Identity_Profile.pdf"",""confidence"":null,""human_review_required"":false,""recommended_next_step"":null,""rule_ids"":""ID-001"",""rule_status_used"":null,""created_at"":""2026-09-25T20:06:02.000Z"",""superseded"":false,""id"":1,""createdAt"":""2026-09-25T16:35:48.629Z"",""updatedAt"":""2026-09-27T06:45:08.123Z""}",913
EVT-AUTH-003--1790491508589,AUTH-003,1,2026-09-25T20:08:50.000Z,,UTILITY_CHECK_COMPLETED,AUTHORITY_VALIDATION,,,,A,documents/AUTH-003/AUTH-003_AUTHORITY_LETTER.pdf,"{""result_id"":""RES-AUTH-003-4"",""case_run_id"":""AUTH-003"",""submission_version"":1,""sequence"":null,""agent_id"":null,""utility_name"":null,""check_type"":""AUTHORITY_VALIDATION"",""status"":null,""findings_json"":""{\""representative_named\"":true,\""account_enquiries\"":true,\""service_ordering\"":false,\""contract_signing\"":false,\""scope\"":\""AMBIGUOUS\""}"",""reason_codes"":""AUTHORITY_SCOPE_AMBIGUOUS"",""evidence_references"":""documents/AUTH-003/AUTH-003_AUTHORITY_LETTER.pdf"",""confidence"":null,""human_review_required"":false,""recommended_next_step"":null,""rule_ids"":""AUTH-004"",""rule_status_used"":null,""created_at"":""2026-09-25T20:06:02.000Z"",""superseded"":false,""id"":1,""createdAt"":""2026-09-25T16:35:48.629Z"",""updatedAt"":""2026-09-27T06:45:08.504Z""}",914
EVT-AUTH-003--1790491554675,AUTH-003,1,2026-09-25T20:08:50.000Z,,UTILITY_CHECK_COMPLETED,DOCUMENT_EXTRACTION,,,,,documents/AUTH-003,"{""result_id"":""RES-AUTH-003-1"",""case_run_id"":""AUTH-003"",""submission_version"":1,""sequence"":null,""agent_id"":null,""utility_name"":null,""check_type"":""DOCUMENT_EXTRACTION"",""status"":null,""findings_json"":""{\""documents_expected\"":3,\""documents_present\"":3,\""missing\"":[],\""all_readable\"":true}"",""reason_codes"":"""",""evidence_references"":""documents/AUTH-003"",""confidence"":null,""human_review_required"":false,""recommended_next_step"":null,""rule_ids"":"""",""rule_status_used"":null,""created_at"":""2026-09-25T20:06:02.000Z"",""superseded"":false,""id"":1,""createdAt"":""2026-09-25T16:35:48.629Z"",""updatedAt"":""2026-09-27T06:45:54.590Z""}",918
EVT-AUTH-003--1790491555035,AUTH-003,1,2026-09-25T20:08:50.000Z,,UTILITY_CHECK_COMPLETED,BUSINESS_VALIDATION,,,,B,Business_Register row for AU-DEMO-BIZ-1002,"{""result_id"":""RES-AUTH-003-2"",""case_run_id"":""AUTH-003"",""submission_version"":1,""sequence"":null,""agent_id"":null,""utility_name"":null,""check_type"":""BUSINESS_VALIDATION"",""status"":null,""findings_json"":""{\""lookup_status\"":\""SUCCESS\"",\""registration_status\"":\""ACTIVE\"",\""name_match\"":true,\""identifier_match\"":true}"",""reason_codes"":""BUSINESS_ACTIVE"",""evidence_references"":""Business_Register row for AU-DEMO-BIZ-1002"",""confidence"":null,""human_review_required"":false,""recommended_next_step"":null,""rule_ids"":""REG-001"",""rule_status_used"":null,""created_at"":""2026-09-25T20:06:02.000Z"",""superseded"":false,""id"":1,""createdAt"":""2026-09-25T16:35:48.629Z"",""updatedAt"":""2026-09-27T06:45:54.969Z""}",919
EVT-AUTH-003--1790491555414,AUTH-003,1,2026-09-25T20:08:50.000Z,,UTILITY_CHECK_COMPLETED,IDENTITY_VALIDATION,,,,I,documents/AUTH-003/AUTH-003_Identity_Profile.pdf,"{""result_id"":""RES-AUTH-003-3"",""case_run_id"":""AUTH-003"",""submission_version"":1,""sequence"":null,""agent_id"":null,""utility_name"":null,""check_type"":""IDENTITY_VALIDATION"",""status"":null,""findings_json"":""{\""name_match\"":true,\""identity_status\"":\""VALID_SYNTHETIC\"",\""expired\"":false}"",""reason_codes"":""IDENTITY_VERIFIED"",""evidence_references"":""documents/AUTH-003/AUTH-003_Identity_Profile.pdf"",""confidence"":null,""human_review_required"":false,""recommended_next_step"":null,""rule_ids"":""ID-001"",""rule_status_used"":null,""created_at"":""2026-09-25T20:06:02.000Z"",""superseded"":false,""id"":1,""createdAt"":""2026-09-25T16:35:48.629Z"",""updatedAt"":""2026-09-27T06:45:55.347Z""}",920
EVT-AUTH-003--1790491555732,AUTH-003,1,2026-09-25T20:08:50.000Z,,UTILITY_CHECK_COMPLETED,AUTHORITY_VALIDATION,,,,A,documents/AUTH-003/AUTH-003_AUTHORITY_LETTER.pdf,"{""result_id"":""RES-AUTH-003-4"",""case_run_id"":""AUTH-003"",""submission_version"":1,""sequence"":null,""agent_id"":null,""utility_name"":null,""check_type"":""AUTHORITY_VALIDATION"",""status"":null,""findings_json"":""{\""representative_named\"":true,\""account_enquiries\"":true,\""service_ordering\"":false,\""contract_signing\"":false,\""scope\"":\""AMBIGUOUS\""}"",""reason_codes"":""AUTHORITY_SCOPE_AMBIGUOUS"",""evidence_references"":""documents/AUTH-003/AUTH-003_AUTHORITY_LETTER.pdf"",""confidence"":null,""human_review_required"":false,""recommended_next_step"":null,""rule_ids"":""AUTH-004"",""rule_status_used"":null,""created_at"":""2026-09-25T20:06:02.000Z"",""superseded"":false,""id"":1,""createdAt"":""2026-09-25T16:35:48.629Z"",""updatedAt"":""2026-09-27T06:45:55.677Z""}",921
EVT-AUTH-008-V1--1790491577780,AUTH-008-V1,1,2026-09-25T20:08:50.000Z,,UTILITY_CHECK_COMPLETED,DOCUMENT_EXTRACTION,,,,,documents/AUTH-008-V1,"{""result_id"":""RES-AUTH-008-V1-1"",""case_run_id"":""AUTH-008-V1"",""submission_version"":1,""sequence"":null,""agent_id"":null,""utility_name"":null,""check_type"":""DOCUMENT_EXTRACTION"",""status"":null,""findings_json"":""{\""documents_expected\"":3,\""documents_present\"":3,\""missing\"":[],\""all_readable\"":true}"",""reason_codes"":"""",""evidence_references"":""documents/AUTH-008-V1"",""confidence"":null,""human_review_required"":false,""recommended_next_step"":null,""rule_ids"":"""",""rule_status_used"":null,""created_at"":""2026-09-25T20:06:02.000Z"",""superseded"":false,""id"":1,""createdAt"":""2026-09-25T16:35:48.629Z"",""updatedAt"":""2026-09-27T06:46:17.722Z""}",925
EVT-AUTH-008-V1--1790491578106,AUTH-008-V1,1,2026-09-25T20:08:50.000Z,,UTILITY_CHECK_COMPLETED,BUSINESS_VALIDATION,,,,B,Business_Register row for AU-DEMO-BIZ-1005,"{""result_id"":""RES-AUTH-008-V1-2"",""case_run_id"":""AUTH-008-V1"",""submission_version"":1,""sequence"":null,""agent_id"":null,""utility_name"":null,""check_type"":""BUSINESS_VALIDATION"",""status"":null,""findings_json"":""{\""lookup_status\"":\""SUCCESS\"",\""registration_status\"":\""ACTIVE\"",\""name_match\"":true,\""identifier_match\"":true}"",""reason_codes"":""BUSINESS_ACTIVE"",""evidence_references"":""Business_Register row for AU-DEMO-BIZ-1005"",""confidence"":null,""human_review_required"":false,""recommended_next_step"":null,""rule_ids"":""REG-001"",""rule_status_used"":null,""created_at"":""2026-09-25T20:06:02.000Z"",""superseded"":false,""id"":1,""createdAt"":""2026-09-25T16:35:48.629Z"",""updatedAt"":""2026-09-27T06:46:18.029Z""}",926
EVT-AUTH-008-V1--1790491578490,AUTH-008-V1,1,2026-09-25T20:08:50.000Z,,UTILITY_CHECK_COMPLETED,IDENTITY_VALIDATION,,,,I,documents/AUTH-008-V1/AUTH-008-V1_Identity_Profile.pdf,"{""result_id"":""RES-AUTH-008-V1-3"",""case_run_id"":""AUTH-008-V1"",""submission_version"":1,""sequence"":null,""agent_id"":null,""utility_name"":null,""check_type"":""IDENTITY_VALIDATION"",""status"":null,""findings_json"":""{\""name_match\"":true,\""identity_status\"":\""VALID_SYNTHETIC\"",\""expired\"":false}"",""reason_codes"":""IDENTITY_VERIFIED"",""evidence_references"":""documents/AUTH-008-V1/AUTH-008-V1_Identity_Profile.pdf"",""confidence"":null,""human_review_required"":false,""recommended_next_step"":null,""rule_ids"":""ID-001"",""rule_status_used"":null,""created_at"":""2026-09-25T20:06:02.000Z"",""superseded"":false,""id"":1,""createdAt"":""2026-09-25T16:35:48.629Z"",""updatedAt"":""2026-09-27T06:46:18.424Z""}",927
EVT-AUTH-008-V1--1790491578817,AUTH-008-V1,1,2026-09-25T20:08:50.000Z,,UTILITY_CHECK_COMPLETED,AUTHORITY_VALIDATION,,,,A,documents/AUTH-008-V1/AUTH-008-V1_AUTHORITY_LETTER_V1.pdf,"{""result_id"":""RES-AUTH-008-V1-4"",""case_run_id"":""AUTH-008-V1"",""submission_version"":1,""sequence"":null,""agent_id"":null,""utility_name"":null,""check_type"":""AUTHORITY_VALIDATION"",""status"":null,""findings_json"":""{\""representative_named\"":true,\""information_access\"":true,\""service_ordering\"":false,\""contract_signing\"":false,\""scope\"":\""INSUFFICIENT_BUT_REMEDIABLE\""}"",""reason_codes"":""AUTHORITY_SCOPE_INSUFFICIENT"",""evidence_references"":""documents/AUTH-008-V1/AUTH-008-V1_AUTHORITY_LETTER_V1.pdf"",""confidence"":null,""human_review_required"":false,""recommended_next_step"":null,""rule_ids"":""AUTH-005"",""rule_status_used"":null,""created_at"":""2026-09-25T20:06:02.000Z"",""superseded"":false,""id"":1,""createdAt"":""2026-09-25T16:35:48.629Z"",""updatedAt"":""2026-09-27T06:46:18.764Z""}",928
EVT-AUTH-008-V2--1790491640710,AUTH-008-V2,1,2026-09-25T20:08:50.000Z,,UTILITY_CHECK_COMPLETED,DOCUMENT_EXTRACTION,,,,,documents/AUTH-008-V2,"{""result_id"":""RES-AUTH-008-V2-1"",""case_run_id"":""AUTH-008-V2"",""submission_version"":1,""sequence"":null,""agent_id"":null,""utility_name"":null,""check_type"":""DOCUMENT_EXTRACTION"",""status"":null,""findings_json"":""{\""documents_expected\"":3,\""documents_present\"":3,\""missing\"":[],\""all_readable\"":true}"",""reason_codes"":"""",""evidence_references"":""documents/AUTH-008-V2"",""confidence"":null,""human_review_required"":false,""recommended_next_step"":null,""rule_ids"":"""",""rule_status_used"":null,""created_at"":""2026-09-25T20:06:02.000Z"",""superseded"":false,""id"":1,""createdAt"":""2026-09-25T16:35:48.629Z"",""updatedAt"":""2026-09-27T06:47:20.630Z""}",932
EVT-AUTH-008-V2--1790491641127,AUTH-008-V2,1,2026-09-25T20:08:50.000Z,,UTILITY_CHECK_COMPLETED,BUSINESS_VALIDATION,,,,B,Business_Register row for AU-DEMO-BIZ-1005,"{""result_id"":""RES-AUTH-008-V2-2"",""case_run_id"":""AUTH-008-V2"",""submission_version"":1,""sequence"":null,""agent_id"":null,""utility_name"":null,""check_type"":""BUSINESS_VALIDATION"",""status"":null,""findings_json"":""{\""lookup_status\"":\""SUCCESS\"",\""registration_status\"":\""ACTIVE\"",\""name_match\"":true,\""identifier_match\"":true}"",""reason_codes"":""BUSINESS_ACTIVE"",""evidence_references"":""Business_Register row for AU-DEMO-BIZ-1005"",""confidence"":null,""human_review_required"":false,""recommended_next_step"":null,""rule_ids"":""REG-001"",""rule_status_used"":null,""created_at"":""2026-09-25T20:06:02.000Z"",""superseded"":false,""id"":1,""createdAt"":""2026-09-25T16:35:48.629Z"",""updatedAt"":""2026-09-27T06:47:21.002Z""}",933
EVT-AUTH-008-V2--1790491641492,AUTH-008-V2,1,2026-09-25T20:08:50.000Z,,UTILITY_CHECK_COMPLETED,IDENTITY_VALIDATION,,,,I,documents/AUTH-008-V2/AUTH-008-V2_Identity_Profile.pdf,"{""result_id"":""RES-AUTH-008-V2-3"",""case_run_id"":""AUTH-008-V2"",""submission_version"":1,""sequence"":null,""agent_id"":null,""utility_name"":null,""check_type"":""IDENTITY_VALIDATION"",""status"":null,""findings_json"":""{\""name_match\"":true,\""identity_status\"":\""VALID_SYNTHETIC\"",\""expired\"":false}"",""reason_codes"":""IDENTITY_VERIFIED"",""evidence_references"":""documents/AUTH-008-V2/AUTH-008-V2_Identity_Profile.pdf"",""confidence"":null,""human_review_required"":false,""recommended_next_step"":null,""rule_ids"":""ID-001"",""rule_status_used"":null,""created_at"":""2026-09-25T20:06:02.000Z"",""superseded"":false,""id"":1,""createdAt"":""2026-09-25T16:35:48.629Z"",""updatedAt"":""2026-09-27T06:47:21.429Z""}",934
EVT-AUTH-008-V2--1790491641824,AUTH-008-V2,1,2026-09-25T20:08:50.000Z,,UTILITY_CHECK_COMPLETED,AUTHORITY_VALIDATION,,,,A,documents/AUTH-008-V2/AUTH-008-V2_AUTHORITY_LETTER_V2.pdf,"{""result_id"":""RES-AUTH-008-V2-4"",""case_run_id"":""AUTH-008-V2"",""submission_version"":1,""sequence"":null,""agent_id"":null,""utility_name"":null,""check_type"":""AUTHORITY_VALIDATION"",""status"":null,""findings_json"":""{\""representative_named\"":true,\""account_management\"":true,\""service_ordering\"":true,\""contract_signing\"":true,\""scope\"":\""CLEAR\""}"",""reason_codes"":""AUTHORITY_SCOPE_CLEAR"",""evidence_references"":""documents/AUTH-008-V2/AUTH-008-V2_AUTHORITY_LETTER_V2.pdf"",""confidence"":null,""human_review_required"":false,""recommended_next_step"":null,""rule_ids"":""AUTH-003"",""rule_status_used"":null,""created_at"":""2026-09-25T20:06:02.000Z"",""superseded"":false,""id"":1,""createdAt"":""2026-09-25T16:35:48.629Z"",""updatedAt"":""2026-09-27T06:47:21.764Z""}",935
EVT-AUTH-008-V2--1790491642187,AUTH-008-V2,1,2026-09-25T20:08:50.000Z,,UTILITY_CHECK_COMPLETED,SYSTEM_DATA_CHECK,,,,,CRM_Accounts record for CUST-DEMO-AU-1005,"{""result_id"":""RES-AUTH-008-V2-5"",""case_run_id"":""AUTH-008-V2"",""submission_version"":1,""sequence"":null,""agent_id"":null,""utility_name"":null,""check_type"":""SYSTEM_DATA_CHECK"",""status"":null,""findings_json"":""{\""pid_count\"":1,\""legal_name_consistent\"":true,\""open_duplicate_request\"":false}"",""reason_codes"":"""",""evidence_references"":""CRM_Accounts record for CUST-DEMO-AU-1005"",""confidence"":null,""human_review_required"":false,""recommended_next_step"":null,""rule_ids"":"""",""rule_status_used"":null,""created_at"":""2026-09-25T20:06:02.000Z"",""superseded"":false,""id"":1,""createdAt"":""2026-09-25T16:35:48.629Z"",""updatedAt"":""2026-09-27T06:47:22.118Z""}",936
EVT-AUTH-008-V2--1790491642558,AUTH-008-V2,1,2026-09-25T20:08:50.000Z,,UTILITY_CHECK_COMPLETED,FINANCIAL_CHECK,,,,F,Financial_Records record(s) for CUST-DEMO-AU-1005,"{""result_id"":""RES-AUTH-008-V2-6"",""case_run_id"":""AUTH-008-V2"",""submission_version"":1,""sequence"":null,""agent_id"":null,""utility_name"":null,""check_type"":""FINANCIAL_CHECK"",""status"":null,""findings_json"":""{\""credit_hold\"":false,\""total_outstanding\"":0,\""policy_exception\"":false}"",""reason_codes"":""FINANCIAL_CHECK_CLEAR"",""evidence_references"":""Financial_Records record(s) for CUST-DEMO-AU-1005"",""confidence"":null,""human_review_required"":false,""recommended_next_step"":null,""rule_ids"":""FIN-001"",""rule_status_used"":null,""created_at"":""2026-09-25T20:06:02.000Z"",""superseded"":false,""id"":1,""createdAt"":""2026-09-25T16:35:48.629Z"",""updatedAt"":""2026-09-27T06:47:22.501Z""}",937
EVT-AUTH-008-V2--1790491642912,AUTH-008-V2,1,2026-09-25T20:08:50.000Z,,UTILITY_CHECK_COMPLETED,FINAL_VERIFICATION,,,,F,Mock final verification result for AUTH-008-V2,"{""result_id"":""RES-AUTH-008-V2-7"",""case_run_id"":""AUTH-008-V2"",""submission_version"":1,""sequence"":null,""agent_id"":null,""utility_name"":null,""check_type"":""FINAL_VERIFICATION"",""status"":null,""findings_json"":""{\""status\"":\""SUCCESSFUL\"",\""fraud_flag\"":false,\""manual_verification_required\"":false}"",""reason_codes"":""FINAL_VERIFICATION_SUCCESSFUL"",""evidence_references"":""Mock final verification result for AUTH-008-V2"",""confidence"":null,""human_review_required"":false,""recommended_next_step"":null,""rule_ids"":""CMP-001"",""rule_status_used"":null,""created_at"":""2026-09-25T20:06:02.000Z"",""superseded"":false,""id"":1,""createdAt"":""2026-09-25T16:35:48.629Z"",""updatedAt"":""2026-09-27T06:47:22.851Z""}",938
EVT-AUTH-008-V1-RESUBMISSION-1790492080410,AUTH-008-V1,1,2026-09-27T06:54:40.426Z,CUSTOMER_SYNTHETIC,CASE_RESUBMITTED,RESUBMISSION,WAITING_FOR_INFORMATION,RESUBMITTED,,REVISED_EVIDENCE_SUBMITTED,AUTH-008-V2,"{""original_case_run_id"":""AUTH-008-V1"",""revised_case_run_id"":""AUTH-008-V2"",""original_version"":1,""revised_version"":2,""comments"":""Demo""}",940
EVT-AUTH-008-V2--1790492528982,AUTH-008-V2,1,2026-09-25T20:08:50.000Z,,UTILITY_CHECK_COMPLETED,DOCUMENT_EXTRACTION,,,,,documents/AUTH-008-V2,"{""result_id"":""RES-AUTH-008-V2-1"",""case_run_id"":""AUTH-008-V2"",""submission_version"":1,""sequence"":null,""agent_id"":null,""utility_name"":null,""check_type"":""DOCUMENT_EXTRACTION"",""status"":null,""findings_json"":""{\""documents_expected\"":3,\""documents_present\"":3,\""missing\"":[],\""all_readable\"":true}"",""reason_codes"":"""",""evidence_references"":""documents/AUTH-008-V2"",""confidence"":null,""human_review_required"":false,""recommended_next_step"":null,""rule_ids"":"""",""rule_status_used"":null,""created_at"":""2026-09-25T20:06:02.000Z"",""superseded"":false,""id"":1,""createdAt"":""2026-09-25T16:35:48.629Z"",""updatedAt"":""2026-09-27T07:02:08.923Z""}",946
EVT-AUTH-008-V2--1790492529317,AUTH-008-V2,1,2026-09-25T20:08:50.000Z,,UTILITY_CHECK_COMPLETED,BUSINESS_VALIDATION,,,,B,Business_Register row for AU-DEMO-BIZ-1005,"{""result_id"":""RES-AUTH-008-V2-2"",""case_run_id"":""AUTH-008-V2"",""submission_version"":1,""sequence"":null,""agent_id"":null,""utility_name"":null,""check_type"":""BUSINESS_VALIDATION"",""status"":null,""findings_json"":""{\""lookup_status\"":\""SUCCESS\"",\""registration_status\"":\""ACTIVE\"",\""name_match\"":true,\""identifier_match\"":true}"",""reason_codes"":""BUSINESS_ACTIVE"",""evidence_references"":""Business_Register row for AU-DEMO-BIZ-1005"",""confidence"":null,""human_review_required"":false,""recommended_next_step"":null,""rule_ids"":""REG-001"",""rule_status_used"":null,""created_at"":""2026-09-25T20:06:02.000Z"",""superseded"":false,""id"":1,""createdAt"":""2026-09-25T16:35:48.629Z"",""updatedAt"":""2026-09-27T07:02:09.260Z""}",947
EVT-AUTH-008-V2--1790492529653,AUTH-008-V2,1,2026-09-25T20:08:50.000Z,,UTILITY_CHECK_COMPLETED,IDENTITY_VALIDATION,,,,I,documents/AUTH-008-V2/AUTH-008-V2_Identity_Profile.pdf,"{""result_id"":""RES-AUTH-008-V2-3"",""case_run_id"":""AUTH-008-V2"",""submission_version"":1,""sequence"":null,""agent_id"":null,""utility_name"":null,""check_type"":""IDENTITY_VALIDATION"",""status"":null,""findings_json"":""{\""name_match\"":true,\""identity_status\"":\""VALID_SYNTHETIC\"",\""expired\"":false}"",""reason_codes"":""IDENTITY_VERIFIED"",""evidence_references"":""documents/AUTH-008-V2/AUTH-008-V2_Identity_Profile.pdf"",""confidence"":null,""human_review_required"":false,""recommended_next_step"":null,""rule_ids"":""ID-001"",""rule_status_used"":null,""created_at"":""2026-09-25T20:06:02.000Z"",""superseded"":false,""id"":1,""createdAt"":""2026-09-25T16:35:48.629Z"",""updatedAt"":""2026-09-27T07:02:09.596Z""}",948
EVT-AUTH-008-V2--1790492529961,AUTH-008-V2,1,2026-09-25T20:08:50.000Z,,UTILITY_CHECK_COMPLETED,AUTHORITY_VALIDATION,,,,A,documents/AUTH-008-V2/AUTH-008-V2_AUTHORITY_LETTER_V2.pdf,"{""result_id"":""RES-AUTH-008-V2-4"",""case_run_id"":""AUTH-008-V2"",""submission_version"":1,""sequence"":null,""agent_id"":null,""utility_name"":null,""check_type"":""AUTHORITY_VALIDATION"",""status"":null,""findings_json"":""{\""representative_named\"":true,\""account_management\"":true,\""service_ordering\"":true,\""contract_signing\"":true,\""scope\"":\""CLEAR\""}"",""reason_codes"":""AUTHORITY_SCOPE_CLEAR"",""evidence_references"":""documents/AUTH-008-V2/AUTH-008-V2_AUTHORITY_LETTER_V2.pdf"",""confidence"":null,""human_review_required"":false,""recommended_next_step"":null,""rule_ids"":""AUTH-003"",""rule_status_used"":null,""created_at"":""2026-09-25T20:06:02.000Z"",""superseded"":false,""id"":1,""createdAt"":""2026-09-25T16:35:48.629Z"",""updatedAt"":""2026-09-27T07:02:09.906Z""}",949
EVT-AUTH-008-V2--1790492530877,AUTH-008-V2,1,2026-09-25T20:08:50.000Z,,UTILITY_CHECK_COMPLETED,SYSTEM_DATA_CHECK,,,,,CRM_Accounts record for CUST-DEMO-AU-1005,"{""result_id"":""RES-AUTH-008-V2-5"",""case_run_id"":""AUTH-008-V2"",""submission_version"":1,""sequence"":null,""agent_id"":null,""utility_name"":null,""check_type"":""SYSTEM_DATA_CHECK"",""status"":null,""findings_json"":""{\""pid_count\"":1,\""legal_name_consistent\"":true,\""open_duplicate_request\"":false}"",""reason_codes"":"""",""evidence_references"":""CRM_Accounts record for CUST-DEMO-AU-1005"",""confidence"":null,""human_review_required"":false,""recommended_next_step"":null,""rule_ids"":"""",""rule_status_used"":null,""created_at"":""2026-09-25T20:06:02.000Z"",""superseded"":false,""id"":1,""createdAt"":""2026-09-25T16:35:48.629Z"",""updatedAt"":""2026-09-27T07:02:10.812Z""}",950
EVT-AUTH-008-V2--1790492531203,AUTH-008-V2,1,2026-09-25T20:08:50.000Z,,UTILITY_CHECK_COMPLETED,FINANCIAL_CHECK,,,,F,Financial_Records record(s) for CUST-DEMO-AU-1005,"{""result_id"":""RES-AUTH-008-V2-6"",""case_run_id"":""AUTH-008-V2"",""submission_version"":1,""sequence"":null,""agent_id"":null,""utility_name"":null,""check_type"":""FINANCIAL_CHECK"",""status"":null,""findings_json"":""{\""credit_hold\"":false,\""total_outstanding\"":0,\""policy_exception\"":false}"",""reason_codes"":""FINANCIAL_CHECK_CLEAR"",""evidence_references"":""Financial_Records record(s) for CUST-DEMO-AU-1005"",""confidence"":null,""human_review_required"":false,""recommended_next_step"":null,""rule_ids"":""FIN-001"",""rule_status_used"":null,""created_at"":""2026-09-25T20:06:02.000Z"",""superseded"":false,""id"":1,""createdAt"":""2026-09-25T16:35:48.629Z"",""updatedAt"":""2026-09-27T07:02:11.152Z""}",951
EVT-AUTH-008-V2--1790492531592,AUTH-008-V2,1,2026-09-25T20:08:50.000Z,,UTILITY_CHECK_COMPLETED,FINAL_VERIFICATION,,,,F,Mock final verification result for AUTH-008-V2,"{""result_id"":""RES-AUTH-008-V2-7"",""case_run_id"":""AUTH-008-V2"",""submission_version"":1,""sequence"":null,""agent_id"":null,""utility_name"":null,""check_type"":""FINAL_VERIFICATION"",""status"":null,""findings_json"":""{\""status\"":\""SUCCESSFUL\"",\""fraud_flag\"":false,\""manual_verification_required\"":false}"",""reason_codes"":""FINAL_VERIFICATION_SUCCESSFUL"",""evidence_references"":""Mock final verification result for AUTH-008-V2"",""confidence"":null,""human_review_required"":false,""recommended_next_step"":null,""rule_ids"":""CMP-001"",""rule_status_used"":null,""created_at"":""2026-09-25T20:06:02.000Z"",""superseded"":false,""id"":1,""createdAt"":""2026-09-25T16:35:48.629Z"",""updatedAt"":""2026-09-27T07:02:11.456Z""}",952
EVT-AUTH-008-V1-RESUBMISSION-1790492532033,AUTH-008-V1,1,2026-09-27T07:02:12.035Z,CUSTOMER_SYNTHETIC,CASE_RESUBMITTED,RESUBMISSION,WAITING_FOR_INFORMATION,RESUBMITTED,,REVISED_EVIDENCE_SUBMITTED,AUTH-008-V2,"{""original_case_run_id"":""AUTH-008-V1"",""revised_case_run_id"":""AUTH-008-V2"",""original_version"":1,""revised_version"":2,""comments"":""Demo""}",944
EVT-AUTH-008-V2--1790492602045,AUTH-008-V2,1,2026-09-25T20:08:50.000Z,,UTILITY_CHECK_COMPLETED,DOCUMENT_EXTRACTION,,,,,documents/AUTH-008-V2,"{""result_id"":""RES-AUTH-008-V2-1"",""case_run_id"":""AUTH-008-V2"",""submission_version"":1,""sequence"":null,""agent_id"":null,""utility_name"":null,""check_type"":""DOCUMENT_EXTRACTION"",""status"":null,""findings_json"":""{\""documents_expected\"":3,\""documents_present\"":3,\""missing\"":[],\""all_readable\"":true}"",""reason_codes"":"""",""evidence_references"":""documents/AUTH-008-V2"",""confidence"":null,""human_review_required"":false,""recommended_next_step"":null,""rule_ids"":"""",""rule_status_used"":null,""created_at"":""2026-09-25T20:06:02.000Z"",""superseded"":false,""id"":1,""createdAt"":""2026-09-25T16:35:48.629Z"",""updatedAt"":""2026-09-27T07:03:21.992Z""}",956
EVT-AUTH-008-V2--1790492602364,AUTH-008-V2,1,2026-09-25T20:08:50.000Z,,UTILITY_CHECK_COMPLETED,BUSINESS_VALIDATION,,,,B,Business_Register row for AU-DEMO-BIZ-1005,"{""result_id"":""RES-AUTH-008-V2-2"",""case_run_id"":""AUTH-008-V2"",""submission_version"":1,""sequence"":null,""agent_id"":null,""utility_name"":null,""check_type"":""BUSINESS_VALIDATION"",""status"":null,""findings_json"":""{\""lookup_status\"":\""SUCCESS\"",\""registration_status\"":\""ACTIVE\"",\""name_match\"":true,\""identifier_match\"":true}"",""reason_codes"":""BUSINESS_ACTIVE"",""evidence_references"":""Business_Register row for AU-DEMO-BIZ-1005"",""confidence"":null,""human_review_required"":false,""recommended_next_step"":null,""rule_ids"":""REG-001"",""rule_status_used"":null,""created_at"":""2026-09-25T20:06:02.000Z"",""superseded"":false,""id"":1,""createdAt"":""2026-09-25T16:35:48.629Z"",""updatedAt"":""2026-09-27T07:03:22.308Z""}",957
EVT-AUTH-008-V2--1790492602669,AUTH-008-V2,1,2026-09-25T20:08:50.000Z,,UTILITY_CHECK_COMPLETED,IDENTITY_VALIDATION,,,,I,documents/AUTH-008-V2/AUTH-008-V2_Identity_Profile.pdf,"{""result_id"":""RES-AUTH-008-V2-3"",""case_run_id"":""AUTH-008-V2"",""submission_version"":1,""sequence"":null,""agent_id"":null,""utility_name"":null,""check_type"":""IDENTITY_VALIDATION"",""status"":null,""findings_json"":""{\""name_match\"":true,\""identity_status\"":\""VALID_SYNTHETIC\"",\""expired\"":false}"",""reason_codes"":""IDENTITY_VERIFIED"",""evidence_references"":""documents/AUTH-008-V2/AUTH-008-V2_Identity_Profile.pdf"",""confidence"":null,""human_review_required"":false,""recommended_next_step"":null,""rule_ids"":""ID-001"",""rule_status_used"":null,""created_at"":""2026-09-25T20:06:02.000Z"",""superseded"":false,""id"":1,""createdAt"":""2026-09-25T16:35:48.629Z"",""updatedAt"":""2026-09-27T07:03:22.596Z""}",958
EVT-AUTH-008-V2--1790492603044,AUTH-008-V2,1,2026-09-25T20:08:50.000Z,,UTILITY_CHECK_COMPLETED,AUTHORITY_VALIDATION,,,,A,documents/AUTH-008-V2/AUTH-008-V2_AUTHORITY_LETTER_V2.pdf,"{""result_id"":""RES-AUTH-008-V2-4"",""case_run_id"":""AUTH-008-V2"",""submission_version"":1,""sequence"":null,""agent_id"":null,""utility_name"":null,""check_type"":""AUTHORITY_VALIDATION"",""status"":null,""findings_json"":""{\""representative_named\"":true,\""account_management\"":true,\""service_ordering\"":true,\""contract_signing\"":true,\""scope\"":\""CLEAR\""}"",""reason_codes"":""AUTHORITY_SCOPE_CLEAR"",""evidence_references"":""documents/AUTH-008-V2/AUTH-008-V2_AUTHORITY_LETTER_V2.pdf"",""confidence"":null,""human_review_required"":false,""recommended_next_step"":null,""rule_ids"":""AUTH-003"",""rule_status_used"":null,""created_at"":""2026-09-25T20:06:02.000Z"",""superseded"":false,""id"":1,""createdAt"":""2026-09-25T16:35:48.629Z"",""updatedAt"":""2026-09-27T07:03:22.987Z""}",959
EVT-AUTH-008-V2--1790492603339,AUTH-008-V2,1,2026-09-25T20:08:50.000Z,,UTILITY_CHECK_COMPLETED,SYSTEM_DATA_CHECK,,,,,CRM_Accounts record for CUST-DEMO-AU-1005,"{""result_id"":""RES-AUTH-008-V2-5"",""case_run_id"":""AUTH-008-V2"",""submission_version"":1,""sequence"":null,""agent_id"":null,""utility_name"":null,""check_type"":""SYSTEM_DATA_CHECK"",""status"":null,""findings_json"":""{\""pid_count\"":1,\""legal_name_consistent\"":true,\""open_duplicate_request\"":false}"",""reason_codes"":"""",""evidence_references"":""CRM_Accounts record for CUST-DEMO-AU-1005"",""confidence"":null,""human_review_required"":false,""recommended_next_step"":null,""rule_ids"":"""",""rule_status_used"":null,""created_at"":""2026-09-25T20:06:02.000Z"",""superseded"":false,""id"":1,""createdAt"":""2026-09-25T16:35:48.629Z"",""updatedAt"":""2026-09-27T07:03:23.283Z""}",960
EVT-AUTH-008-V2--1790492603621,AUTH-008-V2,1,2026-09-25T20:08:50.000Z,,UTILITY_CHECK_COMPLETED,FINANCIAL_CHECK,,,,F,Financial_Records record(s) for CUST-DEMO-AU-1005,"{""result_id"":""RES-AUTH-008-V2-6"",""case_run_id"":""AUTH-008-V2"",""submission_version"":1,""sequence"":null,""agent_id"":null,""utility_name"":null,""check_type"":""FINANCIAL_CHECK"",""status"":null,""findings_json"":""{\""credit_hold\"":false,\""total_outstanding\"":0,\""policy_exception\"":false}"",""reason_codes"":""FINANCIAL_CHECK_CLEAR"",""evidence_references"":""Financial_Records record(s) for CUST-DEMO-AU-1005"",""confidence"":null,""human_review_required"":false,""recommended_next_step"":null,""rule_ids"":""FIN-001"",""rule_status_used"":null,""created_at"":""2026-09-25T20:06:02.000Z"",""superseded"":false,""id"":1,""createdAt"":""2026-09-25T16:35:48.629Z"",""updatedAt"":""2026-09-27T07:03:23.572Z""}",961
EVT-AUTH-008-V2--1790492603926,AUTH-008-V2,1,2026-09-25T20:08:50.000Z,,UTILITY_CHECK_COMPLETED,FINAL_VERIFICATION,,,,F,Mock final verification result for AUTH-008-V2,"{""result_id"":""RES-AUTH-008-V2-7"",""case_run_id"":""AUTH-008-V2"",""submission_version"":1,""sequence"":null,""agent_id"":null,""utility_name"":null,""check_type"":""FINAL_VERIFICATION"",""status"":null,""findings_json"":""{\""status\"":\""SUCCESSFUL\"",\""fraud_flag\"":false,\""manual_verification_required\"":false}"",""reason_codes"":""FINAL_VERIFICATION_SUCCESSFUL"",""evidence_references"":""Mock final verification result for AUTH-008-V2"",""confidence"":null,""human_review_required"":false,""recommended_next_step"":null,""rule_ids"":""CMP-001"",""rule_status_used"":null,""created_at"":""2026-09-25T20:06:02.000Z"",""superseded"":false,""id"":1,""createdAt"":""2026-09-25T16:35:48.629Z"",""updatedAt"":""2026-09-27T07:03:23.868Z""}",962
EVT-AUTH-008-V2--1790492724548,AUTH-008-V2,1,2026-09-25T20:08:50.000Z,,UTILITY_CHECK_COMPLETED,DOCUMENT_EXTRACTION,,,,,documents/AUTH-008-V2,"{""result_id"":""RES-AUTH-008-V2-1"",""case_run_id"":""AUTH-008-V2"",""submission_version"":1,""sequence"":null,""agent_id"":null,""utility_name"":null,""check_type"":""DOCUMENT_EXTRACTION"",""status"":null,""findings_json"":""{\""documents_expected\"":3,\""documents_present\"":3,\""missing\"":[],\""all_readable\"":true}"",""reason_codes"":"""",""evidence_references"":""documents/AUTH-008-V2"",""confidence"":null,""human_review_required"":false,""recommended_next_step"":null,""rule_ids"":"""",""rule_status_used"":null,""created_at"":""2026-09-25T20:06:02.000Z"",""superseded"":false,""id"":1,""createdAt"":""2026-09-25T16:35:48.629Z"",""updatedAt"":""2026-09-27T07:05:24.484Z""}",966
EVT-AUTH-008-V2--1790492724896,AUTH-008-V2,1,2026-09-25T20:08:50.000Z,,UTILITY_CHECK_COMPLETED,BUSINESS_VALIDATION,,,,B,Business_Register row for AU-DEMO-BIZ-1005,"{""result_id"":""RES-AUTH-008-V2-2"",""case_run_id"":""AUTH-008-V2"",""submission_version"":1,""sequence"":null,""agent_id"":null,""utility_name"":null,""check_type"":""BUSINESS_VALIDATION"",""status"":null,""findings_json"":""{\""lookup_status\"":\""SUCCESS\"",\""registration_status\"":\""ACTIVE\"",\""name_match\"":true,\""identifier_match\"":true}"",""reason_codes"":""BUSINESS_ACTIVE"",""evidence_references"":""Business_Register row for AU-DEMO-BIZ-1005"",""confidence"":null,""human_review_required"":false,""recommended_next_step"":null,""rule_ids"":""REG-001"",""rule_status_used"":null,""created_at"":""2026-09-25T20:06:02.000Z"",""superseded"":false,""id"":1,""createdAt"":""2026-09-25T16:35:48.629Z"",""updatedAt"":""2026-09-27T07:05:24.834Z""}",967
EVT-AUTH-008-V2--1790492725266,AUTH-008-V2,1,2026-09-25T20:08:50.000Z,,UTILITY_CHECK_COMPLETED,IDENTITY_VALIDATION,,,,I,documents/AUTH-008-V2/AUTH-008-V2_Identity_Profile.pdf,"{""result_id"":""RES-AUTH-008-V2-3"",""case_run_id"":""AUTH-008-V2"",""submission_version"":1,""sequence"":null,""agent_id"":null,""utility_name"":null,""check_type"":""IDENTITY_VALIDATION"",""status"":null,""findings_json"":""{\""name_match\"":true,\""identity_status\"":\""VALID_SYNTHETIC\"",\""expired\"":false}"",""reason_codes"":""IDENTITY_VERIFIED"",""evidence_references"":""documents/AUTH-008-V2/AUTH-008-V2_Identity_Profile.pdf"",""confidence"":null,""human_review_required"":false,""recommended_next_step"":null,""rule_ids"":""ID-001"",""rule_status_used"":null,""created_at"":""2026-09-25T20:06:02.000Z"",""superseded"":false,""id"":1,""createdAt"":""2026-09-25T16:35:48.629Z"",""updatedAt"":""2026-09-27T07:05:25.194Z""}",968
EVT-AUTH-008-V2--1790492725584,AUTH-008-V2,1,2026-09-25T20:08:50.000Z,,UTILITY_CHECK_COMPLETED,AUTHORITY_VALIDATION,,,,A,documents/AUTH-008-V2/AUTH-008-V2_AUTHORITY_LETTER_V2.pdf,"{""result_id"":""RES-AUTH-008-V2-4"",""case_run_id"":""AUTH-008-V2"",""submission_version"":1,""sequence"":null,""agent_id"":null,""utility_name"":null,""check_type"":""AUTHORITY_VALIDATION"",""status"":null,""findings_json"":""{\""representative_named\"":true,\""account_management\"":true,\""service_ordering\"":true,\""contract_signing\"":true,\""scope\"":\""CLEAR\""}"",""reason_codes"":""AUTHORITY_SCOPE_CLEAR"",""evidence_references"":""documents/AUTH-008-V2/AUTH-008-V2_AUTHORITY_LETTER_V2.pdf"",""confidence"":null,""human_review_required"":false,""recommended_next_step"":null,""rule_ids"":""AUTH-003"",""rule_status_used"":null,""created_at"":""2026-09-25T20:06:02.000Z"",""superseded"":false,""id"":1,""createdAt"":""2026-09-25T16:35:48.629Z"",""updatedAt"":""2026-09-27T07:05:25.533Z""}",969
EVT-AUTH-008-V2--1790492725912,AUTH-008-V2,1,2026-09-25T20:08:50.000Z,,UTILITY_CHECK_COMPLETED,SYSTEM_DATA_CHECK,,,,,CRM_Accounts record for CUST-DEMO-AU-1005,"{""result_id"":""RES-AUTH-008-V2-5"",""case_run_id"":""AUTH-008-V2"",""submission_version"":1,""sequence"":null,""agent_id"":null,""utility_name"":null,""check_type"":""SYSTEM_DATA_CHECK"",""status"":null,""findings_json"":""{\""pid_count\"":1,\""legal_name_consistent\"":true,\""open_duplicate_request\"":false}"",""reason_codes"":"""",""evidence_references"":""CRM_Accounts record for CUST-DEMO-AU-1005"",""confidence"":null,""human_review_required"":false,""recommended_next_step"":null,""rule_ids"":"""",""rule_status_used"":null,""created_at"":""2026-09-25T20:06:02.000Z"",""superseded"":false,""id"":1,""createdAt"":""2026-09-25T16:35:48.629Z"",""updatedAt"":""2026-09-27T07:05:25.849Z""}",970
EVT-AUTH-008-V2--1790492726255,AUTH-008-V2,1,2026-09-25T20:08:50.000Z,,UTILITY_CHECK_COMPLETED,FINANCIAL_CHECK,,,,F,Financial_Records record(s) for CUST-DEMO-AU-1005,"{""result_id"":""RES-AUTH-008-V2-6"",""case_run_id"":""AUTH-008-V2"",""submission_version"":1,""sequence"":null,""agent_id"":null,""utility_name"":null,""check_type"":""FINANCIAL_CHECK"",""status"":null,""findings_json"":""{\""credit_hold\"":false,\""total_outstanding\"":0,\""policy_exception\"":false}"",""reason_codes"":""FINANCIAL_CHECK_CLEAR"",""evidence_references"":""Financial_Records record(s) for CUST-DEMO-AU-1005"",""confidence"":null,""human_review_required"":false,""recommended_next_step"":null,""rule_ids"":""FIN-001"",""rule_status_used"":null,""created_at"":""2026-09-25T20:06:02.000Z"",""superseded"":false,""id"":1,""createdAt"":""2026-09-25T16:35:48.629Z"",""updatedAt"":""2026-09-27T07:05:26.199Z""}",971
EVT-AUTH-008-V2--1790492726571,AUTH-008-V2,1,2026-09-25T20:08:50.000Z,,UTILITY_CHECK_COMPLETED,FINAL_VERIFICATION,,,,F,Mock final verification result for AUTH-008-V2,"{""result_id"":""RES-AUTH-008-V2-7"",""case_run_id"":""AUTH-008-V2"",""submission_version"":1,""sequence"":null,""agent_id"":null,""utility_name"":null,""check_type"":""FINAL_VERIFICATION"",""status"":null,""findings_json"":""{\""status\"":\""SUCCESSFUL\"",\""fraud_flag\"":false,\""manual_verification_required\"":false}"",""reason_codes"":""FINAL_VERIFICATION_SUCCESSFUL"",""evidence_references"":""Mock final verification result for AUTH-008-V2"",""confidence"":null,""human_review_required"":false,""recommended_next_step"":null,""rule_ids"":""CMP-001"",""rule_status_used"":null,""created_at"":""2026-09-25T20:06:02.000Z"",""superseded"":false,""id"":1,""createdAt"":""2026-09-25T16:35:48.629Z"",""updatedAt"":""2026-09-27T07:05:26.522Z""}",972
EVT-AUTH-008-V2--1790492776810,AUTH-008-V2,1,2026-09-25T20:08:50.000Z,,UTILITY_CHECK_COMPLETED,DOCUMENT_EXTRACTION,,,,,documents/AUTH-008-V2,"{""result_id"":""RES-AUTH-008-V2-1"",""case_run_id"":""AUTH-008-V2"",""submission_version"":1,""sequence"":null,""agent_id"":null,""utility_name"":null,""check_type"":""DOCUMENT_EXTRACTION"",""status"":null,""findings_json"":""{\""documents_expected\"":3,\""documents_present\"":3,\""missing\"":[],\""all_readable\"":true}"",""reason_codes"":"""",""evidence_references"":""documents/AUTH-008-V2"",""confidence"":null,""human_review_required"":false,""recommended_next_step"":null,""rule_ids"":"""",""rule_status_used"":null,""created_at"":""2026-09-25T20:06:02.000Z"",""superseded"":false,""id"":1,""createdAt"":""2026-09-25T16:35:48.629Z"",""updatedAt"":""2026-09-27T07:06:16.739Z""}",976
EVT-AUTH-008-V2--1790492777154,AUTH-008-V2,1,2026-09-25T20:08:50.000Z,,UTILITY_CHECK_COMPLETED,BUSINESS_VALIDATION,,,,B,Business_Register row for AU-DEMO-BIZ-1005,"{""result_id"":""RES-AUTH-008-V2-2"",""case_run_id"":""AUTH-008-V2"",""submission_version"":1,""sequence"":null,""agent_id"":null,""utility_name"":null,""check_type"":""BUSINESS_VALIDATION"",""status"":null,""findings_json"":""{\""lookup_status\"":\""SUCCESS\"",\""registration_status\"":\""ACTIVE\"",\""name_match\"":true,\""identifier_match\"":true}"",""reason_codes"":""BUSINESS_ACTIVE"",""evidence_references"":""Business_Register row for AU-DEMO-BIZ-1005"",""confidence"":null,""human_review_required"":false,""recommended_next_step"":null,""rule_ids"":""REG-001"",""rule_status_used"":null,""created_at"":""2026-09-25T20:06:02.000Z"",""superseded"":false,""id"":1,""createdAt"":""2026-09-25T16:35:48.629Z"",""updatedAt"":""2026-09-27T07:06:17.093Z""}",977
EVT-AUTH-008-V2--1790492777460,AUTH-008-V2,1,2026-09-25T20:08:50.000Z,,UTILITY_CHECK_COMPLETED,IDENTITY_VALIDATION,,,,I,documents/AUTH-008-V2/AUTH-008-V2_Identity_Profile.pdf,"{""result_id"":""RES-AUTH-008-V2-3"",""case_run_id"":""AUTH-008-V2"",""submission_version"":1,""sequence"":null,""agent_id"":null,""utility_name"":null,""check_type"":""IDENTITY_VALIDATION"",""status"":null,""findings_json"":""{\""name_match\"":true,\""identity_status\"":\""VALID_SYNTHETIC\"",\""expired\"":false}"",""reason_codes"":""IDENTITY_VERIFIED"",""evidence_references"":""documents/AUTH-008-V2/AUTH-008-V2_Identity_Profile.pdf"",""confidence"":null,""human_review_required"":false,""recommended_next_step"":null,""rule_ids"":""ID-001"",""rule_status_used"":null,""created_at"":""2026-09-25T20:06:02.000Z"",""superseded"":false,""id"":1,""createdAt"":""2026-09-25T16:35:48.629Z"",""updatedAt"":""2026-09-27T07:06:17.392Z""}",978
EVT-AUTH-008-V2--1790492777799,AUTH-008-V2,1,2026-09-25T20:08:50.000Z,,UTILITY_CHECK_COMPLETED,AUTHORITY_VALIDATION,,,,A,documents/AUTH-008-V2/AUTH-008-V2_AUTHORITY_LETTER_V2.pdf,"{""result_id"":""RES-AUTH-008-V2-4"",""case_run_id"":""AUTH-008-V2"",""submission_version"":1,""sequence"":null,""agent_id"":null,""utility_name"":null,""check_type"":""AUTHORITY_VALIDATION"",""status"":null,""findings_json"":""{\""representative_named\"":true,\""account_management\"":true,\""service_ordering\"":true,\""contract_signing\"":true,\""scope\"":\""CLEAR\""}"",""reason_codes"":""AUTHORITY_SCOPE_CLEAR"",""evidence_references"":""documents/AUTH-008-V2/AUTH-008-V2_AUTHORITY_LETTER_V2.pdf"",""confidence"":null,""human_review_required"":false,""recommended_next_step"":null,""rule_ids"":""AUTH-003"",""rule_status_used"":null,""created_at"":""2026-09-25T20:06:02.000Z"",""superseded"":false,""id"":1,""createdAt"":""2026-09-25T16:35:48.629Z"",""updatedAt"":""2026-09-27T07:06:17.703Z""}",979
EVT-AUTH-008-V2--1790492778091,AUTH-008-V2,1,2026-09-25T20:08:50.000Z,,UTILITY_CHECK_COMPLETED,SYSTEM_DATA_CHECK,,,,,CRM_Accounts record for CUST-DEMO-AU-1005,"{""result_id"":""RES-AUTH-008-V2-5"",""case_run_id"":""AUTH-008-V2"",""submission_version"":1,""sequence"":null,""agent_id"":null,""utility_name"":null,""check_type"":""SYSTEM_DATA_CHECK"",""status"":null,""findings_json"":""{\""pid_count\"":1,\""legal_name_consistent\"":true,\""open_duplicate_request\"":false}"",""reason_codes"":"""",""evidence_references"":""CRM_Accounts record for CUST-DEMO-AU-1005"",""confidence"":null,""human_review_required"":false,""recommended_next_step"":null,""rule_ids"":"""",""rule_status_used"":null,""created_at"":""2026-09-25T20:06:02.000Z"",""superseded"":false,""id"":1,""createdAt"":""2026-09-25T16:35:48.629Z"",""updatedAt"":""2026-09-27T07:06:18.029Z""}",980
EVT-AUTH-008-V2--1790492778434,AUTH-008-V2,1,2026-09-25T20:08:50.000Z,,UTILITY_CHECK_COMPLETED,FINANCIAL_CHECK,,,,F,Financial_Records record(s) for CUST-DEMO-AU-1005,"{""result_id"":""RES-AUTH-008-V2-6"",""case_run_id"":""AUTH-008-V2"",""submission_version"":1,""sequence"":null,""agent_id"":null,""utility_name"":null,""check_type"":""FINANCIAL_CHECK"",""status"":null,""findings_json"":""{\""credit_hold\"":false,\""total_outstanding\"":0,\""policy_exception\"":false}"",""reason_codes"":""FINANCIAL_CHECK_CLEAR"",""evidence_references"":""Financial_Records record(s) for CUST-DEMO-AU-1005"",""confidence"":null,""human_review_required"":false,""recommended_next_step"":null,""rule_ids"":""FIN-001"",""rule_status_used"":null,""created_at"":""2026-09-25T20:06:02.000Z"",""superseded"":false,""id"":1,""createdAt"":""2026-09-25T16:35:48.629Z"",""updatedAt"":""2026-09-27T07:06:18.385Z""}",981
EVT-AUTH-008-V2--1790492778742,AUTH-008-V2,1,2026-09-25T20:08:50.000Z,,UTILITY_CHECK_COMPLETED,FINAL_VERIFICATION,,,,F,Mock final verification result for AUTH-008-V2,"{""result_id"":""RES-AUTH-008-V2-7"",""case_run_id"":""AUTH-008-V2"",""submission_version"":1,""sequence"":null,""agent_id"":null,""utility_name"":null,""check_type"":""FINAL_VERIFICATION"",""status"":null,""findings_json"":""{\""status\"":\""SUCCESSFUL\"",\""fraud_flag\"":false,\""manual_verification_required\"":false}"",""reason_codes"":""FINAL_VERIFICATION_SUCCESSFUL"",""evidence_references"":""Mock final verification result for AUTH-008-V2"",""confidence"":null,""human_review_required"":false,""recommended_next_step"":null,""rule_ids"":""CMP-001"",""rule_status_used"":null,""created_at"":""2026-09-25T20:06:02.000Z"",""superseded"":false,""id"":1,""createdAt"":""2026-09-25T16:35:48.629Z"",""updatedAt"":""2026-09-27T07:06:18.694Z""}",982
EVT-AUTH-008-V1--1790492939145,AUTH-008-V1,1,2026-09-25T20:08:50.000Z,,UTILITY_CHECK_COMPLETED,DOCUMENT_EXTRACTION,,,,,documents/AUTH-008-V1,"{""result_id"":""RES-AUTH-008-V1-1"",""case_run_id"":""AUTH-008-V1"",""submission_version"":1,""sequence"":null,""agent_id"":null,""utility_name"":null,""check_type"":""DOCUMENT_EXTRACTION"",""status"":null,""findings_json"":""{\""documents_expected\"":3,\""documents_present\"":3,\""missing\"":[],\""all_readable\"":true}"",""reason_codes"":"""",""evidence_references"":""documents/AUTH-008-V1"",""confidence"":null,""human_review_required"":false,""recommended_next_step"":null,""rule_ids"":"""",""rule_status_used"":null,""created_at"":""2026-09-25T20:06:02.000Z"",""superseded"":false,""id"":1,""createdAt"":""2026-09-25T16:35:48.629Z"",""updatedAt"":""2026-09-27T07:08:59.059Z""}",987
EVT-AUTH-008-V1--1790492939511,AUTH-008-V1,1,2026-09-25T20:08:50.000Z,,UTILITY_CHECK_COMPLETED,BUSINESS_VALIDATION,,,,B,Business_Register row for AU-DEMO-BIZ-1005,"{""result_id"":""RES-AUTH-008-V1-2"",""case_run_id"":""AUTH-008-V1"",""submission_version"":1,""sequence"":null,""agent_id"":null,""utility_name"":null,""check_type"":""BUSINESS_VALIDATION"",""status"":null,""findings_json"":""{\""lookup_status\"":\""SUCCESS\"",\""registration_status\"":\""ACTIVE\"",\""name_match\"":true,\""identifier_match\"":true}"",""reason_codes"":""BUSINESS_ACTIVE"",""evidence_references"":""Business_Register row for AU-DEMO-BIZ-1005"",""confidence"":null,""human_review_required"":false,""recommended_next_step"":null,""rule_ids"":""REG-001"",""rule_status_used"":null,""created_at"":""2026-09-25T20:06:02.000Z"",""superseded"":false,""id"":1,""createdAt"":""2026-09-25T16:35:48.629Z"",""updatedAt"":""2026-09-27T07:08:59.450Z""}",988
EVT-AUTH-008-V1--1790492939859,AUTH-008-V1,1,2026-09-25T20:08:50.000Z,,UTILITY_CHECK_COMPLETED,IDENTITY_VALIDATION,,,,I,documents/AUTH-008-V1/AUTH-008-V1_Identity_Profile.pdf,"{""result_id"":""RES-AUTH-008-V1-3"",""case_run_id"":""AUTH-008-V1"",""submission_version"":1,""sequence"":null,""agent_id"":null,""utility_name"":null,""check_type"":""IDENTITY_VALIDATION"",""status"":null,""findings_json"":""{\""name_match\"":true,\""identity_status\"":\""VALID_SYNTHETIC\"",\""expired\"":false}"",""reason_codes"":""IDENTITY_VERIFIED"",""evidence_references"":""documents/AUTH-008-V1/AUTH-008-V1_Identity_Profile.pdf"",""confidence"":null,""human_review_required"":false,""recommended_next_step"":null,""rule_ids"":""ID-001"",""rule_status_used"":null,""created_at"":""2026-09-25T20:06:02.000Z"",""superseded"":false,""id"":1,""createdAt"":""2026-09-25T16:35:48.629Z"",""updatedAt"":""2026-09-27T07:08:59.797Z""}",989
EVT-AUTH-008-V1--1790492940177,AUTH-008-V1,1,2026-09-25T20:08:50.000Z,,UTILITY_CHECK_COMPLETED,AUTHORITY_VALIDATION,,,,A,documents/AUTH-008-V1/AUTH-008-V1_AUTHORITY_LETTER_V1.pdf,"{""result_id"":""RES-AUTH-008-V1-4"",""case_run_id"":""AUTH-008-V1"",""submission_version"":1,""sequence"":null,""agent_id"":null,""utility_name"":null,""check_type"":""AUTHORITY_VALIDATION"",""status"":null,""findings_json"":""{\""representative_named\"":true,\""information_access\"":true,\""service_ordering\"":false,\""contract_signing\"":false,\""scope\"":\""INSUFFICIENT_BUT_REMEDIABLE\""}"",""reason_codes"":""AUTHORITY_SCOPE_INSUFFICIENT"",""evidence_references"":""documents/AUTH-008-V1/AUTH-008-V1_AUTHORITY_LETTER_V1.pdf"",""confidence"":null,""human_review_required"":false,""recommended_next_step"":null,""rule_ids"":""AUTH-005"",""rule_status_used"":null,""created_at"":""2026-09-25T20:06:02.000Z"",""superseded"":false,""id"":1,""createdAt"":""2026-09-25T16:35:48.629Z"",""updatedAt"":""2026-09-27T07:09:00.108Z""}",990
EVT-AUTH-008-V2--1790492961157,AUTH-008-V2,1,2026-09-25T20:08:50.000Z,,UTILITY_CHECK_COMPLETED,DOCUMENT_EXTRACTION,,,,,documents/AUTH-008-V2,"{""result_id"":""RES-AUTH-008-V2-1"",""case_run_id"":""AUTH-008-V2"",""submission_version"":1,""sequence"":null,""agent_id"":null,""utility_name"":null,""check_type"":""DOCUMENT_EXTRACTION"",""status"":null,""findings_json"":""{\""documents_expected\"":3,\""documents_present\"":3,\""missing\"":[],\""all_readable\"":true}"",""reason_codes"":"""",""evidence_references"":""documents/AUTH-008-V2"",""confidence"":null,""human_review_required"":false,""recommended_next_step"":null,""rule_ids"":"""",""rule_status_used"":null,""created_at"":""2026-09-25T20:06:02.000Z"",""superseded"":false,""id"":1,""createdAt"":""2026-09-25T16:35:48.629Z"",""updatedAt"":""2026-09-27T07:09:21.109Z""}",994
EVT-AUTH-008-V2--1790492961528,AUTH-008-V2,1,2026-09-25T20:08:50.000Z,,UTILITY_CHECK_COMPLETED,BUSINESS_VALIDATION,,,,B,Business_Register row for AU-DEMO-BIZ-1005,"{""result_id"":""RES-AUTH-008-V2-2"",""case_run_id"":""AUTH-008-V2"",""submission_version"":1,""sequence"":null,""agent_id"":null,""utility_name"":null,""check_type"":""BUSINESS_VALIDATION"",""status"":null,""findings_json"":""{\""lookup_status\"":\""SUCCESS\"",\""registration_status\"":\""ACTIVE\"",\""name_match\"":true,\""identifier_match\"":true}"",""reason_codes"":""BUSINESS_ACTIVE"",""evidence_references"":""Business_Register row for AU-DEMO-BIZ-1005"",""confidence"":null,""human_review_required"":false,""recommended_next_step"":null,""rule_ids"":""REG-001"",""rule_status_used"":null,""created_at"":""2026-09-25T20:06:02.000Z"",""superseded"":false,""id"":1,""createdAt"":""2026-09-25T16:35:48.629Z"",""updatedAt"":""2026-09-27T07:09:21.469Z""}",995
EVT-AUTH-008-V2--1790492961863,AUTH-008-V2,1,2026-09-25T20:08:50.000Z,,UTILITY_CHECK_COMPLETED,IDENTITY_VALIDATION,,,,I,documents/AUTH-008-V2/AUTH-008-V2_Identity_Profile.pdf,"{""result_id"":""RES-AUTH-008-V2-3"",""case_run_id"":""AUTH-008-V2"",""submission_version"":1,""sequence"":null,""agent_id"":null,""utility_name"":null,""check_type"":""IDENTITY_VALIDATION"",""status"":null,""findings_json"":""{\""name_match\"":true,\""identity_status\"":\""VALID_SYNTHETIC\"",\""expired\"":false}"",""reason_codes"":""IDENTITY_VERIFIED"",""evidence_references"":""documents/AUTH-008-V2/AUTH-008-V2_Identity_Profile.pdf"",""confidence"":null,""human_review_required"":false,""recommended_next_step"":null,""rule_ids"":""ID-001"",""rule_status_used"":null,""created_at"":""2026-09-25T20:06:02.000Z"",""superseded"":false,""id"":1,""createdAt"":""2026-09-25T16:35:48.629Z"",""updatedAt"":""2026-09-27T07:09:21.799Z""}",996
EVT-AUTH-008-V2--1790492962184,AUTH-008-V2,1,2026-09-25T20:08:50.000Z,,UTILITY_CHECK_COMPLETED,AUTHORITY_VALIDATION,,,,A,documents/AUTH-008-V2/AUTH-008-V2_AUTHORITY_LETTER_V2.pdf,"{""result_id"":""RES-AUTH-008-V2-4"",""case_run_id"":""AUTH-008-V2"",""submission_version"":1,""sequence"":null,""agent_id"":null,""utility_name"":null,""check_type"":""AUTHORITY_VALIDATION"",""status"":null,""findings_json"":""{\""representative_named\"":true,\""account_management\"":true,\""service_ordering\"":true,\""contract_signing\"":true,\""scope\"":\""CLEAR\""}"",""reason_codes"":""AUTHORITY_SCOPE_CLEAR"",""evidence_references"":""documents/AUTH-008-V2/AUTH-008-V2_AUTHORITY_LETTER_V2.pdf"",""confidence"":null,""human_review_required"":false,""recommended_next_step"":null,""rule_ids"":""AUTH-003"",""rule_status_used"":null,""created_at"":""2026-09-25T20:06:02.000Z"",""superseded"":false,""id"":1,""createdAt"":""2026-09-25T16:35:48.629Z"",""updatedAt"":""2026-09-27T07:09:22.124Z""}",997
EVT-AUTH-008-V2--1790492962546,AUTH-008-V2,1,2026-09-25T20:08:50.000Z,,UTILITY_CHECK_COMPLETED,SYSTEM_DATA_CHECK,,,,,CRM_Accounts record for CUST-DEMO-AU-1005,"{""result_id"":""RES-AUTH-008-V2-5"",""case_run_id"":""AUTH-008-V2"",""submission_version"":1,""sequence"":null,""agent_id"":null,""utility_name"":null,""check_type"":""SYSTEM_DATA_CHECK"",""status"":null,""findings_json"":""{\""pid_count\"":1,\""legal_name_consistent\"":true,\""open_duplicate_request\"":false}"",""reason_codes"":"""",""evidence_references"":""CRM_Accounts record for CUST-DEMO-AU-1005"",""confidence"":null,""human_review_required"":false,""recommended_next_step"":null,""rule_ids"":"""",""rule_status_used"":null,""created_at"":""2026-09-25T20:06:02.000Z"",""superseded"":false,""id"":1,""createdAt"":""2026-09-25T16:35:48.629Z"",""updatedAt"":""2026-09-27T07:09:22.485Z""}",998
EVT-AUTH-008-V2--1790492962895,AUTH-008-V2,1,2026-09-25T20:08:50.000Z,,UTILITY_CHECK_COMPLETED,FINANCIAL_CHECK,,,,F,Financial_Records record(s) for CUST-DEMO-AU-1005,"{""result_id"":""RES-AUTH-008-V2-6"",""case_run_id"":""AUTH-008-V2"",""submission_version"":1,""sequence"":null,""agent_id"":null,""utility_name"":null,""check_type"":""FINANCIAL_CHECK"",""status"":null,""findings_json"":""{\""credit_hold\"":false,\""total_outstanding\"":0,\""policy_exception\"":false}"",""reason_codes"":""FINANCIAL_CHECK_CLEAR"",""evidence_references"":""Financial_Records record(s) for CUST-DEMO-AU-1005"",""confidence"":null,""human_review_required"":false,""recommended_next_step"":null,""rule_ids"":""FIN-001"",""rule_status_used"":null,""created_at"":""2026-09-25T20:06:02.000Z"",""superseded"":false,""id"":1,""createdAt"":""2026-09-25T16:35:48.629Z"",""updatedAt"":""2026-09-27T07:09:22.826Z""}",999
EVT-AUTH-008-V2--1790492963240,AUTH-008-V2,1,2026-09-25T20:08:50.000Z,,UTILITY_CHECK_COMPLETED,FINAL_VERIFICATION,,,,F,Mock final verification result for AUTH-008-V2,"{""result_id"":""RES-AUTH-008-V2-7"",""case_run_id"":""AUTH-008-V2"",""submission_version"":1,""sequence"":null,""agent_id"":null,""utility_name"":null,""check_type"":""FINAL_VERIFICATION"",""status"":null,""findings_json"":""{\""status\"":\""SUCCESSFUL\"",\""fraud_flag\"":false,\""manual_verification_required\"":false}"",""reason_codes"":""FINAL_VERIFICATION_SUCCESSFUL"",""evidence_references"":""Mock final verification result for AUTH-008-V2"",""confidence"":null,""human_review_required"":false,""recommended_next_step"":null,""rule_ids"":""CMP-001"",""rule_status_used"":null,""created_at"":""2026-09-25T20:06:02.000Z"",""superseded"":false,""id"":1,""createdAt"":""2026-09-25T16:35:48.629Z"",""updatedAt"":""2026-09-27T07:09:23.187Z""}",1000
EVT-AUTH-008-V1-RESUBMISSION-1790492963650,AUTH-008-V1,1,2026-09-27T07:09:23.652Z,CUSTOMER_SYNTHETIC,CASE_RESUBMITTED,RESUBMISSION,WAITING_FOR_INFORMATION,RESUBMITTED,,REVISED_EVIDENCE_SUBMITTED,AUTH-008-V2,"{""original_case_run_id"":""AUTH-008-V1"",""revised_case_run_id"":""AUTH-008-V2"",""original_version"":1,""revised_version"":2,""comments"":""Demo""}",992
EVT-AUTH-003--1790493025110,AUTH-003,1,2026-09-25T20:08:50.000Z,,UTILITY_CHECK_COMPLETED,DOCUMENT_EXTRACTION,,,,,documents/AUTH-003,"{""result_id"":""RES-AUTH-003-1"",""case_run_id"":""AUTH-003"",""submission_version"":1,""sequence"":null,""agent_id"":null,""utility_name"":null,""check_type"":""DOCUMENT_EXTRACTION"",""status"":null,""findings_json"":""{\""documents_expected\"":3,\""documents_present\"":3,\""missing\"":[],\""all_readable\"":true}"",""reason_codes"":"""",""evidence_references"":""documents/AUTH-003"",""confidence"":null,""human_review_required"":false,""recommended_next_step"":null,""rule_ids"":"""",""rule_status_used"":null,""created_at"":""2026-09-25T20:06:02.000Z"",""superseded"":false,""id"":1,""createdAt"":""2026-09-25T16:35:48.629Z"",""updatedAt"":""2026-09-27T07:10:25.026Z""}",1004
EVT-AUTH-003--1790493025466,AUTH-003,1,2026-09-25T20:08:50.000Z,,UTILITY_CHECK_COMPLETED,BUSINESS_VALIDATION,,,,B,Business_Register row for AU-DEMO-BIZ-1002,"{""result_id"":""RES-AUTH-003-2"",""case_run_id"":""AUTH-003"",""submission_version"":1,""sequence"":null,""agent_id"":null,""utility_name"":null,""check_type"":""BUSINESS_VALIDATION"",""status"":null,""findings_json"":""{\""lookup_status\"":\""SUCCESS\"",\""registration_status\"":\""ACTIVE\"",\""name_match\"":true,\""identifier_match\"":true}"",""reason_codes"":""BUSINESS_ACTIVE"",""evidence_references"":""Business_Register row for AU-DEMO-BIZ-1002"",""confidence"":null,""human_review_required"":false,""recommended_next_step"":null,""rule_ids"":""REG-001"",""rule_status_used"":null,""created_at"":""2026-09-25T20:06:02.000Z"",""superseded"":false,""id"":1,""createdAt"":""2026-09-25T16:35:48.629Z"",""updatedAt"":""2026-09-27T07:10:25.402Z""}",1005
EVT-AUTH-003--1790493025820,AUTH-003,1,2026-09-25T20:08:50.000Z,,UTILITY_CHECK_COMPLETED,IDENTITY_VALIDATION,,,,I,documents/AUTH-003/AUTH-003_Identity_Profile.pdf,"{""result_id"":""RES-AUTH-003-3"",""case_run_id"":""AUTH-003"",""submission_version"":1,""sequence"":null,""agent_id"":null,""utility_name"":null,""check_type"":""IDENTITY_VALIDATION"",""status"":null,""findings_json"":""{\""name_match\"":true,\""identity_status\"":\""VALID_SYNTHETIC\"",\""expired\"":false}"",""reason_codes"":""IDENTITY_VERIFIED"",""evidence_references"":""documents/AUTH-003/AUTH-003_Identity_Profile.pdf"",""confidence"":null,""human_review_required"":false,""recommended_next_step"":null,""rule_ids"":""ID-001"",""rule_status_used"":null,""created_at"":""2026-09-25T20:06:02.000Z"",""superseded"":false,""id"":1,""createdAt"":""2026-09-25T16:35:48.629Z"",""updatedAt"":""2026-09-27T07:10:25.754Z""}",1006
EVT-AUTH-003--1790493026263,AUTH-003,1,2026-09-25T20:08:50.000Z,,UTILITY_CHECK_COMPLETED,AUTHORITY_VALIDATION,,,,A,documents/AUTH-003/AUTH-003_AUTHORITY_LETTER.pdf,"{""result_id"":""RES-AUTH-003-4"",""case_run_id"":""AUTH-003"",""submission_version"":1,""sequence"":null,""agent_id"":null,""utility_name"":null,""check_type"":""AUTHORITY_VALIDATION"",""status"":null,""findings_json"":""{\""representative_named\"":true,\""account_enquiries\"":true,\""service_ordering\"":false,\""contract_signing\"":false,\""scope\"":\""AMBIGUOUS\""}"",""reason_codes"":""AUTHORITY_SCOPE_AMBIGUOUS"",""evidence_references"":""documents/AUTH-003/AUTH-003_AUTHORITY_LETTER.pdf"",""confidence"":null,""human_review_required"":false,""recommended_next_step"":null,""rule_ids"":""AUTH-004"",""rule_status_used"":null,""created_at"":""2026-09-25T20:06:02.000Z"",""superseded"":false,""id"":1,""createdAt"":""2026-09-25T16:35:48.629Z"",""updatedAt"":""2026-09-27T07:10:26.189Z""}",1007
EVT-AUTH-008-V2--1790493058689,AUTH-008-V2,1,2026-09-25T20:08:50.000Z,,UTILITY_CHECK_COMPLETED,DOCUMENT_EXTRACTION,,,,,documents/AUTH-008-V2,"{""result_id"":""RES-AUTH-008-V2-1"",""case_run_id"":""AUTH-008-V2"",""submission_version"":1,""sequence"":null,""agent_id"":null,""utility_name"":null,""check_type"":""DOCUMENT_EXTRACTION"",""status"":null,""findings_json"":""{\""documents_expected\"":3,\""documents_present\"":3,\""missing\"":[],\""all_readable\"":true}"",""reason_codes"":"""",""evidence_references"":""documents/AUTH-008-V2"",""confidence"":null,""human_review_required"":false,""recommended_next_step"":null,""rule_ids"":"""",""rule_status_used"":null,""created_at"":""2026-09-25T20:06:02.000Z"",""superseded"":false,""id"":1,""createdAt"":""2026-09-25T16:35:48.629Z"",""updatedAt"":""2026-09-27T07:10:58.627Z""}",1011
EVT-AUTH-008-V2--1790493059016,AUTH-008-V2,1,2026-09-25T20:08:50.000Z,,UTILITY_CHECK_COMPLETED,BUSINESS_VALIDATION,,,,B,Business_Register row for AU-DEMO-BIZ-1005,"{""result_id"":""RES-AUTH-008-V2-2"",""case_run_id"":""AUTH-008-V2"",""submission_version"":1,""sequence"":null,""agent_id"":null,""utility_name"":null,""check_type"":""BUSINESS_VALIDATION"",""status"":null,""findings_json"":""{\""lookup_status\"":\""SUCCESS\"",\""registration_status\"":\""ACTIVE\"",\""name_match\"":true,\""identifier_match\"":true}"",""reason_codes"":""BUSINESS_ACTIVE"",""evidence_references"":""Business_Register row for AU-DEMO-BIZ-1005"",""confidence"":null,""human_review_required"":false,""recommended_next_step"":null,""rule_ids"":""REG-001"",""rule_status_used"":null,""created_at"":""2026-09-25T20:06:02.000Z"",""superseded"":false,""id"":1,""createdAt"":""2026-09-25T16:35:48.629Z"",""updatedAt"":""2026-09-27T07:10:58.956Z""}",1012
EVT-AUTH-008-V2--1790493059370,AUTH-008-V2,1,2026-09-25T20:08:50.000Z,,UTILITY_CHECK_COMPLETED,IDENTITY_VALIDATION,,,,I,documents/AUTH-008-V2/AUTH-008-V2_Identity_Profile.pdf,"{""result_id"":""RES-AUTH-008-V2-3"",""case_run_id"":""AUTH-008-V2"",""submission_version"":1,""sequence"":null,""agent_id"":null,""utility_name"":null,""check_type"":""IDENTITY_VALIDATION"",""status"":null,""findings_json"":""{\""name_match\"":true,\""identity_status\"":\""VALID_SYNTHETIC\"",\""expired\"":false}"",""reason_codes"":""IDENTITY_VERIFIED"",""evidence_references"":""documents/AUTH-008-V2/AUTH-008-V2_Identity_Profile.pdf"",""confidence"":null,""human_review_required"":false,""recommended_next_step"":null,""rule_ids"":""ID-001"",""rule_status_used"":null,""created_at"":""2026-09-25T20:06:02.000Z"",""superseded"":false,""id"":1,""createdAt"":""2026-09-25T16:35:48.629Z"",""updatedAt"":""2026-09-27T07:10:59.303Z""}",1013
EVT-AUTH-008-V2--1790493059699,AUTH-008-V2,1,2026-09-25T20:08:50.000Z,,UTILITY_CHECK_COMPLETED,AUTHORITY_VALIDATION,,,,A,documents/AUTH-008-V2/AUTH-008-V2_AUTHORITY_LETTER_V2.pdf,"{""result_id"":""RES-AUTH-008-V2-4"",""case_run_id"":""AUTH-008-V2"",""submission_version"":1,""sequence"":null,""agent_id"":null,""utility_name"":null,""check_type"":""AUTHORITY_VALIDATION"",""status"":null,""findings_json"":""{\""representative_named\"":true,\""account_management\"":true,\""service_ordering\"":true,\""contract_signing\"":true,\""scope\"":\""CLEAR\""}"",""reason_codes"":""AUTHORITY_SCOPE_CLEAR"",""evidence_references"":""documents/AUTH-008-V2/AUTH-008-V2_AUTHORITY_LETTER_V2.pdf"",""confidence"":null,""human_review_required"":false,""recommended_next_step"":null,""rule_ids"":""AUTH-003"",""rule_status_used"":null,""created_at"":""2026-09-25T20:06:02.000Z"",""superseded"":false,""id"":1,""createdAt"":""2026-09-25T16:35:48.629Z"",""updatedAt"":""2026-09-27T07:10:59.647Z""}",1014
EVT-AUTH-008-V2--1790493060005,AUTH-008-V2,1,2026-09-25T20:08:50.000Z,,UTILITY_CHECK_COMPLETED,SYSTEM_DATA_CHECK,,,,,CRM_Accounts record for CUST-DEMO-AU-1005,"{""result_id"":""RES-AUTH-008-V2-5"",""case_run_id"":""AUTH-008-V2"",""submission_version"":1,""sequence"":null,""agent_id"":null,""utility_name"":null,""check_type"":""SYSTEM_DATA_CHECK"",""status"":null,""findings_json"":""{\""pid_count\"":1,\""legal_name_consistent\"":true,\""open_duplicate_request\"":false}"",""reason_codes"":"""",""evidence_references"":""CRM_Accounts record for CUST-DEMO-AU-1005"",""confidence"":null,""human_review_required"":false,""recommended_next_step"":null,""rule_ids"":"""",""rule_status_used"":null,""created_at"":""2026-09-25T20:06:02.000Z"",""superseded"":false,""id"":1,""createdAt"":""2026-09-25T16:35:48.629Z"",""updatedAt"":""2026-09-27T07:10:59.945Z""}",1015
EVT-AUTH-008-V2--1790493060378,AUTH-008-V2,1,2026-09-25T20:08:50.000Z,,UTILITY_CHECK_COMPLETED,FINANCIAL_CHECK,,,,F,Financial_Records record(s) for CUST-DEMO-AU-1005,"{""result_id"":""RES-AUTH-008-V2-6"",""case_run_id"":""AUTH-008-V2"",""submission_version"":1,""sequence"":null,""agent_id"":null,""utility_name"":null,""check_type"":""FINANCIAL_CHECK"",""status"":null,""findings_json"":""{\""credit_hold\"":false,\""total_outstanding\"":0,\""policy_exception\"":false}"",""reason_codes"":""FINANCIAL_CHECK_CLEAR"",""evidence_references"":""Financial_Records record(s) for CUST-DEMO-AU-1005"",""confidence"":null,""human_review_required"":false,""recommended_next_step"":null,""rule_ids"":""FIN-001"",""rule_status_used"":null,""created_at"":""2026-09-25T20:06:02.000Z"",""superseded"":false,""id"":1,""createdAt"":""2026-09-25T16:35:48.629Z"",""updatedAt"":""2026-09-27T07:11:00.307Z""}",1016
EVT-AUTH-008-V2--1790493060710,AUTH-008-V2,1,2026-09-25T20:08:50.000Z,,UTILITY_CHECK_COMPLETED,FINAL_VERIFICATION,,,,F,Mock final verification result for AUTH-008-V2,"{""result_id"":""RES-AUTH-008-V2-7"",""case_run_id"":""AUTH-008-V2"",""submission_version"":1,""sequence"":null,""agent_id"":null,""utility_name"":null,""check_type"":""FINAL_VERIFICATION"",""status"":null,""findings_json"":""{\""status\"":\""SUCCESSFUL\"",\""fraud_flag\"":false,\""manual_verification_required\"":false}"",""reason_codes"":""FINAL_VERIFICATION_SUCCESSFUL"",""evidence_references"":""Mock final verification result for AUTH-008-V2"",""confidence"":null,""human_review_required"":false,""recommended_next_step"":null,""rule_ids"":""CMP-001"",""rule_status_used"":null,""created_at"":""2026-09-25T20:06:02.000Z"",""superseded"":false,""id"":1,""createdAt"":""2026-09-25T16:35:48.629Z"",""updatedAt"":""2026-09-27T07:11:00.646Z""}",1017
EVT-AUTH-008-V2--1790493409754,AUTH-008-V2,1,2026-09-25T20:08:50.000Z,,UTILITY_CHECK_COMPLETED,DOCUMENT_EXTRACTION,,,,,documents/AUTH-008-V2,"{""result_id"":""RES-AUTH-008-V2-1"",""case_run_id"":""AUTH-008-V2"",""submission_version"":1,""sequence"":null,""agent_id"":null,""utility_name"":null,""check_type"":""DOCUMENT_EXTRACTION"",""status"":null,""findings_json"":""{\""documents_expected\"":3,\""documents_present\"":3,\""missing\"":[],\""all_readable\"":true}"",""reason_codes"":"""",""evidence_references"":""documents/AUTH-008-V2"",""confidence"":null,""human_review_required"":false,""recommended_next_step"":null,""rule_ids"":"""",""rule_status_used"":null,""created_at"":""2026-09-25T20:06:02.000Z"",""superseded"":false,""id"":1,""createdAt"":""2026-09-25T16:35:48.629Z"",""updatedAt"":""2026-09-27T07:16:49.705Z""}",1022
EVT-AUTH-008-V2--1790493410077,AUTH-008-V2,1,2026-09-25T20:08:50.000Z,,UTILITY_CHECK_COMPLETED,BUSINESS_VALIDATION,,,,B,Business_Register row for AU-DEMO-BIZ-1005,"{""result_id"":""RES-AUTH-008-V2-2"",""case_run_id"":""AUTH-008-V2"",""submission_version"":1,""sequence"":null,""agent_id"":null,""utility_name"":null,""check_type"":""BUSINESS_VALIDATION"",""status"":null,""findings_json"":""{\""lookup_status\"":\""SUCCESS\"",\""registration_status\"":\""ACTIVE\"",\""name_match\"":true,\""identifier_match\"":true}"",""reason_codes"":""BUSINESS_ACTIVE"",""evidence_references"":""Business_Register row for AU-DEMO-BIZ-1005"",""confidence"":null,""human_review_required"":false,""recommended_next_step"":null,""rule_ids"":""REG-001"",""rule_status_used"":null,""created_at"":""2026-09-25T20:06:02.000Z"",""superseded"":false,""id"":1,""createdAt"":""2026-09-25T16:35:48.629Z"",""updatedAt"":""2026-09-27T07:16:50.017Z""}",1023
EVT-AUTH-008-V2--1790493410461,AUTH-008-V2,1,2026-09-25T20:08:50.000Z,,UTILITY_CHECK_COMPLETED,IDENTITY_VALIDATION,,,,I,documents/AUTH-008-V2/AUTH-008-V2_Identity_Profile.pdf,"{""result_id"":""RES-AUTH-008-V2-3"",""case_run_id"":""AUTH-008-V2"",""submission_version"":1,""sequence"":null,""agent_id"":null,""utility_name"":null,""check_type"":""IDENTITY_VALIDATION"",""status"":null,""findings_json"":""{\""name_match\"":true,\""identity_status\"":\""VALID_SYNTHETIC\"",\""expired\"":false}"",""reason_codes"":""IDENTITY_VERIFIED"",""evidence_references"":""documents/AUTH-008-V2/AUTH-008-V2_Identity_Profile.pdf"",""confidence"":null,""human_review_required"":false,""recommended_next_step"":null,""rule_ids"":""ID-001"",""rule_status_used"":null,""created_at"":""2026-09-25T20:06:02.000Z"",""superseded"":false,""id"":1,""createdAt"":""2026-09-25T16:35:48.629Z"",""updatedAt"":""2026-09-27T07:16:50.389Z""}",1024
EVT-AUTH-008-V2--1790493410823,AUTH-008-V2,1,2026-09-25T20:08:50.000Z,,UTILITY_CHECK_COMPLETED,AUTHORITY_VALIDATION,,,,A,documents/AUTH-008-V2/AUTH-008-V2_AUTHORITY_LETTER_V2.pdf,"{""result_id"":""RES-AUTH-008-V2-4"",""case_run_id"":""AUTH-008-V2"",""submission_version"":1,""sequence"":null,""agent_id"":null,""utility_name"":null,""check_type"":""AUTHORITY_VALIDATION"",""status"":null,""findings_json"":""{\""representative_named\"":true,\""account_management\"":true,\""service_ordering\"":true,\""contract_signing\"":true,\""scope\"":\""CLEAR\""}"",""reason_codes"":""AUTHORITY_SCOPE_CLEAR"",""evidence_references"":""documents/AUTH-008-V2/AUTH-008-V2_AUTHORITY_LETTER_V2.pdf"",""confidence"":null,""human_review_required"":false,""recommended_next_step"":null,""rule_ids"":""AUTH-003"",""rule_status_used"":null,""created_at"":""2026-09-25T20:06:02.000Z"",""superseded"":false,""id"":1,""createdAt"":""2026-09-25T16:35:48.629Z"",""updatedAt"":""2026-09-27T07:16:50.761Z""}",1025
EVT-AUTH-008-V2--1790493411202,AUTH-008-V2,1,2026-09-25T20:08:50.000Z,,UTILITY_CHECK_COMPLETED,SYSTEM_DATA_CHECK,,,,,CRM_Accounts record for CUST-DEMO-AU-1005,"{""result_id"":""RES-AUTH-008-V2-5"",""case_run_id"":""AUTH-008-V2"",""submission_version"":1,""sequence"":null,""agent_id"":null,""utility_name"":null,""check_type"":""SYSTEM_DATA_CHECK"",""status"":null,""findings_json"":""{\""pid_count\"":1,\""legal_name_consistent\"":true,\""open_duplicate_request\"":false}"",""reason_codes"":"""",""evidence_references"":""CRM_Accounts record for CUST-DEMO-AU-1005"",""confidence"":null,""human_review_required"":false,""recommended_next_step"":null,""rule_ids"":"""",""rule_status_used"":null,""created_at"":""2026-09-25T20:06:02.000Z"",""superseded"":false,""id"":1,""createdAt"":""2026-09-25T16:35:48.629Z"",""updatedAt"":""2026-09-27T07:16:51.138Z""}",1026
EVT-AUTH-008-V2--1790493411660,AUTH-008-V2,1,2026-09-25T20:08:50.000Z,,UTILITY_CHECK_COMPLETED,FINANCIAL_CHECK,,,,F,Financial_Records record(s) for CUST-DEMO-AU-1005,"{""result_id"":""RES-AUTH-008-V2-6"",""case_run_id"":""AUTH-008-V2"",""submission_version"":1,""sequence"":null,""agent_id"":null,""utility_name"":null,""check_type"":""FINANCIAL_CHECK"",""status"":null,""findings_json"":""{\""credit_hold\"":false,\""total_outstanding\"":0,\""policy_exception\"":false}"",""reason_codes"":""FINANCIAL_CHECK_CLEAR"",""evidence_references"":""Financial_Records record(s) for CUST-DEMO-AU-1005"",""confidence"":null,""human_review_required"":false,""recommended_next_step"":null,""rule_ids"":""FIN-001"",""rule_status_used"":null,""created_at"":""2026-09-25T20:06:02.000Z"",""superseded"":false,""id"":1,""createdAt"":""2026-09-25T16:35:48.629Z"",""updatedAt"":""2026-09-27T07:16:51.598Z""}",1027
EVT-AUTH-008-V2--1790493411973,AUTH-008-V2,1,2026-09-25T20:08:50.000Z,,UTILITY_CHECK_COMPLETED,FINAL_VERIFICATION,,,,F,Mock final verification result for AUTH-008-V2,"{""result_id"":""RES-AUTH-008-V2-7"",""case_run_id"":""AUTH-008-V2"",""submission_version"":1,""sequence"":null,""agent_id"":null,""utility_name"":null,""check_type"":""FINAL_VERIFICATION"",""status"":null,""findings_json"":""{\""status\"":\""SUCCESSFUL\"",\""fraud_flag\"":false,\""manual_verification_required\"":false}"",""reason_codes"":""FINAL_VERIFICATION_SUCCESSFUL"",""evidence_references"":""Mock final verification result for AUTH-008-V2"",""confidence"":null,""human_review_required"":false,""recommended_next_step"":null,""rule_ids"":""CMP-001"",""rule_status_used"":null,""created_at"":""2026-09-25T20:06:02.000Z"",""superseded"":false,""id"":1,""createdAt"":""2026-09-25T16:35:48.629Z"",""updatedAt"":""2026-09-27T07:16:51.917Z""}",1028
EVT-AUTH-008-V1-RESUBMISSION-1790493412739,AUTH-008-V1,1,2026-09-27T07:16:52.741Z,CUSTOMER_SYNTHETIC,CASE_RESUBMITTED,RESUBMISSION,WAITING_FOR_INFORMATION,RESUBMITTED,,REVISED_EVIDENCE_SUBMITTED,AUTH-008-V2,"{""original_case_run_id"":""AUTH-008-V1"",""revised_case_run_id"":""AUTH-008-V2"",""original_version"":1,""revised_version"":2,""revised_outcome"":""APPROVE"",""comments"":""Demo""}",1020
EVT-SYSTEM-ERROR-1790498706583,SYSTEM,0,2026-09-27T08:45:06.583Z,N8N,WORKFLOW_ERROR,Example Workflow,,ERROR,,WORKFLOW_EXECUTION_ERROR,https://pocagents.app.n8n.cloud/execution/workflow/1/231,"{""workflow_id"":""1"",""workflow_name"":""Example Workflow"",""execution_id"":""231"",""execution_mode"":""manual"",""retry_of"":""34"",""last_node_executed"":""Node With Error"",""error_message"":""Example Error Message"",""error_stack"":""Stacktrace"",""trigger_error"":false}",231
EVT-AUTH-001--1790501823680,AUTH-001,1,2026-09-25T20:08:50.000Z,,UTILITY_CHECK_COMPLETED,DOCUMENT_EXTRACTION,,,,,documents/AUTH-001,"{""result_id"":""RES-AUTH-001-1"",""case_run_id"":""AUTH-001"",""submission_version"":1,""sequence"":null,""agent_id"":null,""utility_name"":null,""check_type"":""DOCUMENT_EXTRACTION"",""status"":null,""findings_json"":""{\""documents_expected\"":3,\""documents_present\"":3,\""missing\"":[],\""all_readable\"":true}"",""reason_codes"":"""",""evidence_references"":""documents/AUTH-001"",""confidence"":null,""human_review_required"":false,""recommended_next_step"":null,""rule_ids"":"""",""rule_status_used"":null,""created_at"":""2026-09-25T20:06:02.000Z"",""superseded"":false,""id"":1,""createdAt"":""2026-09-25T16:35:48.629Z"",""updatedAt"":""2026-09-27T09:37:03.623Z""}",1075
EVT-AUTH-001--1790501824042,AUTH-001,1,2026-09-25T20:08:50.000Z,,UTILITY_CHECK_COMPLETED,BUSINESS_VALIDATION,,,,B,Business_Register row for AU-DEMO-BIZ-1001,"{""result_id"":""RES-AUTH-001-2"",""case_run_id"":""AUTH-001"",""submission_version"":1,""sequence"":null,""agent_id"":null,""utility_name"":null,""check_type"":""BUSINESS_VALIDATION"",""status"":null,""findings_json"":""{\""lookup_status\"":\""SUCCESS\"",\""registration_status\"":\""ACTIVE\"",\""name_match\"":true,\""identifier_match\"":true}"",""reason_codes"":""BUSINESS_ACTIVE"",""evidence_references"":""Business_Register row for AU-DEMO-BIZ-1001"",""confidence"":null,""human_review_required"":false,""recommended_next_step"":null,""rule_ids"":""REG-001"",""rule_status_used"":null,""created_at"":""2026-09-25T20:06:02.000Z"",""superseded"":false,""id"":1,""createdAt"":""2026-09-25T16:35:48.629Z"",""updatedAt"":""2026-09-27T09:37:03.961Z""}",1076
EVT-AUTH-001--1790501824402,AUTH-001,1,2026-09-25T20:08:50.000Z,,UTILITY_CHECK_COMPLETED,IDENTITY_VALIDATION,,,,I,documents/AUTH-001/AUTH-001_Identity_Profile.pdf,"{""result_id"":""RES-AUTH-001-3"",""case_run_id"":""AUTH-001"",""submission_version"":1,""sequence"":null,""agent_id"":null,""utility_name"":null,""check_type"":""IDENTITY_VALIDATION"",""status"":null,""findings_json"":""{\""name_match\"":true,\""identity_status\"":\""VALID_SYNTHETIC\"",\""expired\"":false}"",""reason_codes"":""IDENTITY_VERIFIED"",""evidence_references"":""documents/AUTH-001/AUTH-001_Identity_Profile.pdf"",""confidence"":null,""human_review_required"":false,""recommended_next_step"":null,""rule_ids"":""ID-001"",""rule_status_used"":null,""created_at"":""2026-09-25T20:06:02.000Z"",""superseded"":false,""id"":1,""createdAt"":""2026-09-25T16:35:48.629Z"",""updatedAt"":""2026-09-27T09:37:04.336Z""}",1077
EVT-AUTH-001--1790501824814,AUTH-001,1,2026-09-25T20:08:50.000Z,,UTILITY_CHECK_COMPLETED,AUTHORITY_VALIDATION,,,,A,documents/AUTH-001/AUTH-001_AUTHORITY_LETTER.pdf,"{""result_id"":""RES-AUTH-001-4"",""case_run_id"":""AUTH-001"",""submission_version"":1,""sequence"":null,""agent_id"":null,""utility_name"":null,""check_type"":""AUTHORITY_VALIDATION"",""status"":null,""findings_json"":""{\""representative_named\"":true,\""account_management\"":true,\""service_ordering\"":true,\""contract_signing\"":true,\""scope\"":\""CLEAR\""}"",""reason_codes"":""AUTHORITY_SCOPE_CLEAR"",""evidence_references"":""documents/AUTH-001/AUTH-001_AUTHORITY_LETTER.pdf"",""confidence"":null,""human_review_required"":false,""recommended_next_step"":null,""rule_ids"":""AUTH-003"",""rule_status_used"":null,""created_at"":""2026-09-25T20:06:02.000Z"",""superseded"":false,""id"":1,""createdAt"":""2026-09-25T16:35:48.629Z"",""updatedAt"":""2026-09-27T09:37:04.732Z""}",1078
EVT-AUTH-001--1790501825190,AUTH-001,1,2026-09-25T20:08:50.000Z,,UTILITY_CHECK_COMPLETED,SYSTEM_DATA_CHECK,,,,,CRM_Accounts record for CUST-DEMO-AU-1001,"{""result_id"":""RES-AUTH-001-5"",""case_run_id"":""AUTH-001"",""submission_version"":1,""sequence"":null,""agent_id"":null,""utility_name"":null,""check_type"":""SYSTEM_DATA_CHECK"",""status"":null,""findings_json"":""{\""pid_count\"":1,\""legal_name_consistent\"":true,\""open_duplicate_request\"":false}"",""reason_codes"":"""",""evidence_references"":""CRM_Accounts record for CUST-DEMO-AU-1001"",""confidence"":null,""human_review_required"":false,""recommended_next_step"":null,""rule_ids"":"""",""rule_status_used"":null,""created_at"":""2026-09-25T20:06:02.000Z"",""superseded"":false,""id"":1,""createdAt"":""2026-09-25T16:35:48.629Z"",""updatedAt"":""2026-09-27T09:37:05.134Z""}",1079
EVT-AUTH-001--1790501825567,AUTH-001,1,2026-09-25T20:08:50.000Z,,UTILITY_CHECK_COMPLETED,FINANCIAL_CHECK,,,,F,Financial_Records record(s) for CUST-DEMO-AU-1001,"{""result_id"":""RES-AUTH-001-6"",""case_run_id"":""AUTH-001"",""submission_version"":1,""sequence"":null,""agent_id"":null,""utility_name"":null,""check_type"":""FINANCIAL_CHECK"",""status"":null,""findings_json"":""{\""credit_hold\"":false,\""total_outstanding\"":0,\""policy_exception\"":false}"",""reason_codes"":""FINANCIAL_CHECK_CLEAR"",""evidence_references"":""Financial_Records record(s) for CUST-DEMO-AU-1001"",""confidence"":null,""human_review_required"":false,""recommended_next_step"":null,""rule_ids"":""FIN-001"",""rule_status_used"":null,""created_at"":""2026-09-25T20:06:02.000Z"",""superseded"":false,""id"":1,""createdAt"":""2026-09-25T16:35:48.629Z"",""updatedAt"":""2026-09-27T09:37:05.477Z""}",1080
EVT-AUTH-001--1790501825949,AUTH-001,1,2026-09-25T20:08:50.000Z,,UTILITY_CHECK_COMPLETED,FINAL_VERIFICATION,,,,F,Mock final verification result for AUTH-001,"{""result_id"":""RES-AUTH-001-7"",""case_run_id"":""AUTH-001"",""submission_version"":1,""sequence"":null,""agent_id"":null,""utility_name"":null,""check_type"":""FINAL_VERIFICATION"",""status"":null,""findings_json"":""{\""status\"":\""SUCCESSFUL\"",\""fraud_flag\"":false,\""manual_verification_required\"":false}"",""reason_codes"":""FINAL_VERIFICATION_SUCCESSFUL"",""evidence_references"":""Mock final verification result for AUTH-001"",""confidence"":null,""human_review_required"":false,""recommended_next_step"":null,""rule_ids"":""CMP-001"",""rule_status_used"":null,""created_at"":""2026-09-25T20:06:02.000Z"",""superseded"":false,""id"":1,""createdAt"":""2026-09-25T16:35:48.629Z"",""updatedAt"":""2026-09-27T09:37:05.888Z""}",1081
EVT-AUTH-001--1790502042446,AUTH-001,1,2026-09-25T20:08:50.000Z,,UTILITY_CHECK_COMPLETED,DOCUMENT_EXTRACTION,,,,,documents/AUTH-001,"{""result_id"":""RES-AUTH-001-1"",""case_run_id"":""AUTH-001"",""submission_version"":1,""sequence"":null,""agent_id"":null,""utility_name"":null,""check_type"":""DOCUMENT_EXTRACTION"",""status"":null,""findings_json"":""{\""documents_expected\"":3,\""documents_present\"":3,\""missing\"":[],\""all_readable\"":true}"",""reason_codes"":"""",""evidence_references"":""documents/AUTH-001"",""confidence"":null,""human_review_required"":false,""recommended_next_step"":null,""rule_ids"":"""",""rule_status_used"":null,""created_at"":""2026-09-25T20:06:02.000Z"",""superseded"":false,""id"":1,""createdAt"":""2026-09-25T16:35:48.629Z"",""updatedAt"":""2026-09-27T09:40:42.384Z""}",1088
EVT-AUTH-001--1790502042822,AUTH-001,1,2026-09-25T20:08:50.000Z,,UTILITY_CHECK_COMPLETED,BUSINESS_VALIDATION,,,,B,Business_Register row for AU-DEMO-BIZ-1001,"{""result_id"":""RES-AUTH-001-2"",""case_run_id"":""AUTH-001"",""submission_version"":1,""sequence"":null,""agent_id"":null,""utility_name"":null,""check_type"":""BUSINESS_VALIDATION"",""status"":null,""findings_json"":""{\""lookup_status\"":\""SUCCESS\"",\""registration_status\"":\""ACTIVE\"",\""name_match\"":true,\""identifier_match\"":true}"",""reason_codes"":""BUSINESS_ACTIVE"",""evidence_references"":""Business_Register row for AU-DEMO-BIZ-1001"",""confidence"":null,""human_review_required"":false,""recommended_next_step"":null,""rule_ids"":""REG-001"",""rule_status_used"":null,""created_at"":""2026-09-25T20:06:02.000Z"",""superseded"":false,""id"":1,""createdAt"":""2026-09-25T16:35:48.629Z"",""updatedAt"":""2026-09-27T09:40:42.761Z""}",1089
EVT-AUTH-001--1790502043203,AUTH-001,1,2026-09-25T20:08:50.000Z,,UTILITY_CHECK_COMPLETED,IDENTITY_VALIDATION,,,,I,documents/AUTH-001/AUTH-001_Identity_Profile.pdf,"{""result_id"":""RES-AUTH-001-3"",""case_run_id"":""AUTH-001"",""submission_version"":1,""sequence"":null,""agent_id"":null,""utility_name"":null,""check_type"":""IDENTITY_VALIDATION"",""status"":null,""findings_json"":""{\""name_match\"":true,\""identity_status\"":\""VALID_SYNTHETIC\"",\""expired\"":false}"",""reason_codes"":""IDENTITY_VERIFIED"",""evidence_references"":""documents/AUTH-001/AUTH-001_Identity_Profile.pdf"",""confidence"":null,""human_review_required"":false,""recommended_next_step"":null,""rule_ids"":""ID-001"",""rule_status_used"":null,""created_at"":""2026-09-25T20:06:02.000Z"",""superseded"":false,""id"":1,""createdAt"":""2026-09-25T16:35:48.629Z"",""updatedAt"":""2026-09-27T09:40:43.127Z""}",1090
EVT-AUTH-001--1790502043566,AUTH-001,1,2026-09-25T20:08:50.000Z,,UTILITY_CHECK_COMPLETED,AUTHORITY_VALIDATION,,,,A,documents/AUTH-001/AUTH-001_AUTHORITY_LETTER.pdf,"{""result_id"":""RES-AUTH-001-4"",""case_run_id"":""AUTH-001"",""submission_version"":1,""sequence"":null,""agent_id"":null,""utility_name"":null,""check_type"":""AUTHORITY_VALIDATION"",""status"":null,""findings_json"":""{\""representative_named\"":true,\""account_management\"":true,\""service_ordering\"":true,\""contract_signing\"":true,\""scope\"":\""CLEAR\""}"",""reason_codes"":""AUTHORITY_SCOPE_CLEAR"",""evidence_references"":""documents/AUTH-001/AUTH-001_AUTHORITY_LETTER.pdf"",""confidence"":null,""human_review_required"":false,""recommended_next_step"":null,""rule_ids"":""AUTH-003"",""rule_status_used"":null,""created_at"":""2026-09-25T20:06:02.000Z"",""superseded"":false,""id"":1,""createdAt"":""2026-09-25T16:35:48.629Z"",""updatedAt"":""2026-09-27T09:40:43.488Z""}",1091
EVT-AUTH-001--1790502043895,AUTH-001,1,2026-09-25T20:08:50.000Z,,UTILITY_CHECK_COMPLETED,SYSTEM_DATA_CHECK,,,,,CRM_Accounts record for CUST-DEMO-AU-1001,"{""result_id"":""RES-AUTH-001-5"",""case_run_id"":""AUTH-001"",""submission_version"":1,""sequence"":null,""agent_id"":null,""utility_name"":null,""check_type"":""SYSTEM_DATA_CHECK"",""status"":null,""findings_json"":""{\""pid_count\"":1,\""legal_name_consistent\"":true,\""open_duplicate_request\"":false}"",""reason_codes"":"""",""evidence_references"":""CRM_Accounts record for CUST-DEMO-AU-1001"",""confidence"":null,""human_review_required"":false,""recommended_next_step"":null,""rule_ids"":"""",""rule_status_used"":null,""created_at"":""2026-09-25T20:06:02.000Z"",""superseded"":false,""id"":1,""createdAt"":""2026-09-25T16:35:48.629Z"",""updatedAt"":""2026-09-27T09:40:43.830Z""}",1092
EVT-AUTH-001--1790502044261,AUTH-001,1,2026-09-25T20:08:50.000Z,,UTILITY_CHECK_COMPLETED,FINANCIAL_CHECK,,,,F,Financial_Records record(s) for CUST-DEMO-AU-1001,"{""result_id"":""RES-AUTH-001-6"",""case_run_id"":""AUTH-001"",""submission_version"":1,""sequence"":null,""agent_id"":null,""utility_name"":null,""check_type"":""FINANCIAL_CHECK"",""status"":null,""findings_json"":""{\""credit_hold\"":false,\""total_outstanding\"":0,\""policy_exception\"":false}"",""reason_codes"":""FINANCIAL_CHECK_CLEAR"",""evidence_references"":""Financial_Records record(s) for CUST-DEMO-AU-1001"",""confidence"":null,""human_review_required"":false,""recommended_next_step"":null,""rule_ids"":""FIN-001"",""rule_status_used"":null,""created_at"":""2026-09-25T20:06:02.000Z"",""superseded"":false,""id"":1,""createdAt"":""2026-09-25T16:35:48.629Z"",""updatedAt"":""2026-09-27T09:40:44.178Z""}",1093
EVT-AUTH-001--1790502044623,AUTH-001,1,2026-09-25T20:08:50.000Z,,UTILITY_CHECK_COMPLETED,FINAL_VERIFICATION,,,,F,Mock final verification result for AUTH-001,"{""result_id"":""RES-AUTH-001-7"",""case_run_id"":""AUTH-001"",""submission_version"":1,""sequence"":null,""agent_id"":null,""utility_name"":null,""check_type"":""FINAL_VERIFICATION"",""status"":null,""findings_json"":""{\""status\"":\""SUCCESSFUL\"",\""fraud_flag\"":false,\""manual_verification_required\"":false}"",""reason_codes"":""FINAL_VERIFICATION_SUCCESSFUL"",""evidence_references"":""Mock final verification result for AUTH-001"",""confidence"":null,""human_review_required"":false,""recommended_next_step"":null,""rule_ids"":""CMP-001"",""rule_status_used"":null,""created_at"":""2026-09-25T20:06:02.000Z"",""superseded"":false,""id"":1,""createdAt"":""2026-09-25T16:35:48.629Z"",""updatedAt"":""2026-09-27T09:40:44.554Z""}",1094
EVT-AUTH-008-V2--1790502275756,AUTH-008-V2,1,2026-09-25T20:08:50.000Z,,UTILITY_CHECK_COMPLETED,DOCUMENT_EXTRACTION,,,,,documents/AUTH-008-V2,"{""result_id"":""RES-AUTH-008-V2-1"",""case_run_id"":""AUTH-008-V2"",""submission_version"":1,""sequence"":null,""agent_id"":null,""utility_name"":null,""check_type"":""DOCUMENT_EXTRACTION"",""status"":null,""findings_json"":""{\""documents_expected\"":3,\""documents_present\"":3,\""missing\"":[],\""all_readable\"":true}"",""reason_codes"":"""",""evidence_references"":""documents/AUTH-008-V2"",""confidence"":null,""human_review_required"":false,""recommended_next_step"":null,""rule_ids"":"""",""rule_status_used"":null,""created_at"":""2026-09-25T20:06:02.000Z"",""superseded"":false,""id"":1,""createdAt"":""2026-09-25T16:35:48.629Z"",""updatedAt"":""2026-09-27T09:44:35.702Z""}",1101
EVT-AUTH-008-V2--1790502276084,AUTH-008-V2,1,2026-09-25T20:08:50.000Z,,UTILITY_CHECK_COMPLETED,BUSINESS_VALIDATION,,,,B,Business_Register row for AU-DEMO-BIZ-1005,"{""result_id"":""RES-AUTH-008-V2-2"",""case_run_id"":""AUTH-008-V2"",""submission_version"":1,""sequence"":null,""agent_id"":null,""utility_name"":null,""check_type"":""BUSINESS_VALIDATION"",""status"":null,""findings_json"":""{\""lookup_status\"":\""SUCCESS\"",\""registration_status\"":\""ACTIVE\"",\""name_match\"":true,\""identifier_match\"":true}"",""reason_codes"":""BUSINESS_ACTIVE"",""evidence_references"":""Business_Register row for AU-DEMO-BIZ-1005"",""confidence"":null,""human_review_required"":false,""recommended_next_step"":null,""rule_ids"":""REG-001"",""rule_status_used"":null,""created_at"":""2026-09-25T20:06:02.000Z"",""superseded"":false,""id"":1,""createdAt"":""2026-09-25T16:35:48.629Z"",""updatedAt"":""2026-09-27T09:44:36.029Z""}",1102
EVT-AUTH-008-V2--1790502276378,AUTH-008-V2,1,2026-09-25T20:08:50.000Z,,UTILITY_CHECK_COMPLETED,IDENTITY_VALIDATION,,,,I,documents/AUTH-008-V2/AUTH-008-V2_Identity_Profile.pdf,"{""result_id"":""RES-AUTH-008-V2-3"",""case_run_id"":""AUTH-008-V2"",""submission_version"":1,""sequence"":null,""agent_id"":null,""utility_name"":null,""check_type"":""IDENTITY_VALIDATION"",""status"":null,""findings_json"":""{\""name_match\"":true,\""identity_status\"":\""VALID_SYNTHETIC\"",\""expired\"":false}"",""reason_codes"":""IDENTITY_VERIFIED"",""evidence_references"":""documents/AUTH-008-V2/AUTH-008-V2_Identity_Profile.pdf"",""confidence"":null,""human_review_required"":false,""recommended_next_step"":null,""rule_ids"":""ID-001"",""rule_status_used"":null,""created_at"":""2026-09-25T20:06:02.000Z"",""superseded"":false,""id"":1,""createdAt"":""2026-09-25T16:35:48.629Z"",""updatedAt"":""2026-09-27T09:44:36.328Z""}",1103
EVT-AUTH-008-V2--1790502276735,AUTH-008-V2,1,2026-09-25T20:08:50.000Z,,UTILITY_CHECK_COMPLETED,AUTHORITY_VALIDATION,,,,A,documents/AUTH-008-V2/AUTH-008-V2_AUTHORITY_LETTER_V2.pdf,"{""result_id"":""RES-AUTH-008-V2-4"",""case_run_id"":""AUTH-008-V2"",""submission_version"":1,""sequence"":null,""agent_id"":null,""utility_name"":null,""check_type"":""AUTHORITY_VALIDATION"",""status"":null,""findings_json"":""{\""representative_named\"":true,\""account_management\"":true,\""service_ordering\"":true,\""contract_signing\"":true,\""scope\"":\""CLEAR\""}"",""reason_codes"":""AUTHORITY_SCOPE_CLEAR"",""evidence_references"":""documents/AUTH-008-V2/AUTH-008-V2_AUTHORITY_LETTER_V2.pdf"",""confidence"":null,""human_review_required"":false,""recommended_next_step"":null,""rule_ids"":""AUTH-003"",""rule_status_used"":null,""created_at"":""2026-09-25T20:06:02.000Z"",""superseded"":false,""id"":1,""createdAt"":""2026-09-25T16:35:48.629Z"",""updatedAt"":""2026-09-27T09:44:36.683Z""}",1104
EVT-AUTH-008-V2--1790502277087,AUTH-008-V2,1,2026-09-25T20:08:50.000Z,,UTILITY_CHECK_COMPLETED,SYSTEM_DATA_CHECK,,,,,CRM_Accounts record for CUST-DEMO-AU-1005,"{""result_id"":""RES-AUTH-008-V2-5"",""case_run_id"":""AUTH-008-V2"",""submission_version"":1,""sequence"":null,""agent_id"":null,""utility_name"":null,""check_type"":""SYSTEM_DATA_CHECK"",""status"":null,""findings_json"":""{\""pid_count\"":1,\""legal_name_consistent\"":true,\""open_duplicate_request\"":false}"",""reason_codes"":"""",""evidence_references"":""CRM_Accounts record for CUST-DEMO-AU-1005"",""confidence"":null,""human_review_required"":false,""recommended_next_step"":null,""rule_ids"":"""",""rule_status_used"":null,""created_at"":""2026-09-25T20:06:02.000Z"",""superseded"":false,""id"":1,""createdAt"":""2026-09-25T16:35:48.629Z"",""updatedAt"":""2026-09-27T09:44:37.014Z""}",1105
EVT-AUTH-008-V2--1790502277399,AUTH-008-V2,1,2026-09-25T20:08:50.000Z,,UTILITY_CHECK_COMPLETED,FINANCIAL_CHECK,,,,F,Financial_Records record(s) for CUST-DEMO-AU-1005,"{""result_id"":""RES-AUTH-008-V2-6"",""case_run_id"":""AUTH-008-V2"",""submission_version"":1,""sequence"":null,""agent_id"":null,""utility_name"":null,""check_type"":""FINANCIAL_CHECK"",""status"":null,""findings_json"":""{\""credit_hold\"":false,\""total_outstanding\"":0,\""policy_exception\"":false}"",""reason_codes"":""FINANCIAL_CHECK_CLEAR"",""evidence_references"":""Financial_Records record(s) for CUST-DEMO-AU-1005"",""confidence"":null,""human_review_required"":false,""recommended_next_step"":null,""rule_ids"":""FIN-001"",""rule_status_used"":null,""created_at"":""2026-09-25T20:06:02.000Z"",""superseded"":false,""id"":1,""createdAt"":""2026-09-25T16:35:48.629Z"",""updatedAt"":""2026-09-27T09:44:37.348Z""}",1106
EVT-AUTH-008-V2--1790502277749,AUTH-008-V2,1,2026-09-25T20:08:50.000Z,,UTILITY_CHECK_COMPLETED,FINAL_VERIFICATION,,,,F,Mock final verification result for AUTH-008-V2,"{""result_id"":""RES-AUTH-008-V2-7"",""case_run_id"":""AUTH-008-V2"",""submission_version"":1,""sequence"":null,""agent_id"":null,""utility_name"":null,""check_type"":""FINAL_VERIFICATION"",""status"":null,""findings_json"":""{\""status\"":\""SUCCESSFUL\"",\""fraud_flag\"":false,\""manual_verification_required\"":false}"",""reason_codes"":""FINAL_VERIFICATION_SUCCESSFUL"",""evidence_references"":""Mock final verification result for AUTH-008-V2"",""confidence"":null,""human_review_required"":false,""recommended_next_step"":null,""rule_ids"":""CMP-001"",""rule_status_used"":null,""created_at"":""2026-09-25T20:06:02.000Z"",""superseded"":false,""id"":1,""createdAt"":""2026-09-25T16:35:48.629Z"",""updatedAt"":""2026-09-27T09:44:37.684Z""}",1107
EVT-AUTH-001-1-1790510912500,AUTH-001,1,2026-09-25T20:08:50.000Z,SBO.05,UTILITY_CHECK_COMPLETED,DOCUMENT_EXTRACTION,,PASS,,,documents/AUTH-001,"{""result_id"":""RES-AUTH-001-1"",""case_run_id"":""AUTH-001"",""submission_version"":1,""sequence"":""1"",""agent_id"":""SBO.05"",""utility_name"":""Document Extraction Agent"",""check_type"":""DOCUMENT_EXTRACTION"",""status"":""PASS"",""findings_json"":""{\""documents_expected\"":3,\""documents_present\"":3,\""missing\"":[],\""all_readable\"":true}"",""reason_codes"":"""",""evidence_references"":""documents/AUTH-001"",""confidence"":""0.98"",""human_review_required"":false,""recommended_next_step"":""Continue to business validation"",""rule_ids"":"""",""rule_status_used"":""CONFIRMED_POC"",""created_at"":""2026-09-27T12:08:32.411Z"",""superseded"":false,""id"":1,""createdAt"":""2026-09-25T16:35:48.629Z"",""updatedAt"":""2026-09-27T12:08:32.438Z""}",1141
EVT-AUTH-001-2-1790510915361,AUTH-001,1,2026-09-25T20:08:50.000Z,SBO.06,UTILITY_CHECK_COMPLETED,BUSINESS_VALIDATION,,PASS,,B,Business_Register row for AU-DEMO-BIZ-1001,"{""result_id"":""RES-AUTH-001-2"",""case_run_id"":""AUTH-001"",""submission_version"":1,""sequence"":""2"",""agent_id"":""SBO.06"",""utility_name"":""Business Validation Utility"",""check_type"":""BUSINESS_VALIDATION"",""status"":""PASS"",""findings_json"":""{\""lookup_status\"":\""SUCCESS\"",\""registration_status\"":\""ACTIVE\"",\""name_match\"":true,\""identifier_match\"":true}"",""reason_codes"":""BUSINESS_ACTIVE"",""evidence_references"":""Business_Register row for AU-DEMO-BIZ-1001"",""confidence"":""1"",""human_review_required"":false,""recommended_next_step"":""Continue to identity validation"",""rule_ids"":""REG-001"",""rule_status_used"":""CONFIRMED_POC"",""created_at"":""2026-09-27T12:08:35.260Z"",""superseded"":false,""id"":1,""createdAt"":""2026-09-25T16:35:48.629Z"",""updatedAt"":""2026-09-27T12:08:35.275Z""}",1142
EVT-AUTH-001-3-1790510917630,AUTH-001,1,2026-09-25T20:08:50.000Z,SBO.07,UTILITY_CHECK_COMPLETED,IDENTITY_VALIDATION,,PASS,,I,documents/AUTH-001/AUTH-001_Identity_Profile.pdf,"{""result_id"":""RES-AUTH-001-3"",""case_run_id"":""AUTH-001"",""submission_version"":1,""sequence"":""3"",""agent_id"":""SBO.07"",""utility_name"":""Identity & Authority Agent"",""check_type"":""IDENTITY_VALIDATION"",""status"":""PASS"",""findings_json"":""{\""name_match\"":true,\""identity_status\"":\""VALID_SYNTHETIC\"",\""expired\"":false}"",""reason_codes"":""IDENTITY_VERIFIED"",""evidence_references"":""documents/AUTH-001/AUTH-001_Identity_Profile.pdf"",""confidence"":""0.97"",""human_review_required"":false,""recommended_next_step"":""Continue to authority validation"",""rule_ids"":""ID-001"",""rule_status_used"":""CONFIRMED_POC"",""created_at"":""2026-09-27T12:08:37.541Z"",""superseded"":false,""id"":1,""createdAt"":""2026-09-25T16:35:48.629Z"",""updatedAt"":""2026-09-27T12:08:37.558Z""}",1143
EVT-AUTH-001-4-1790510920092,AUTH-001,1,2026-09-25T20:08:50.000Z,SBO.07,UTILITY_CHECK_COMPLETED,AUTHORITY_VALIDATION,,PASS,,A,documents/AUTH-001/AUTH-001_AUTHORITY_LETTER.pdf,"{""result_id"":""RES-AUTH-001-4"",""case_run_id"":""AUTH-001"",""submission_version"":1,""sequence"":""4"",""agent_id"":""SBO.07"",""utility_name"":""Identity & Authority Agent"",""check_type"":""AUTHORITY_VALIDATION"",""status"":""PASS"",""findings_json"":""{\""representative_named\"":true,\""account_management\"":true,\""service_ordering\"":true,\""contract_signing\"":true,\""scope\"":\""CLEAR\""}"",""reason_codes"":""AUTHORITY_SCOPE_CLEAR"",""evidence_references"":""documents/AUTH-001/AUTH-001_AUTHORITY_LETTER.pdf"",""confidence"":""0.97"",""human_review_required"":false,""recommended_next_step"":""Continue to system-data check"",""rule_ids"":""AUTH-003"",""rule_status_used"":""CONFIRMED_POC"",""created_at"":""2026-09-27T12:08:40.000Z"",""superseded"":false,""id"":1,""createdAt"":""2026-09-25T16:35:48.629Z"",""updatedAt"":""2026-09-27T12:08:40.016Z""}",1144
EVT-AUTH-001-5-1790510922298,AUTH-001,1,2026-09-25T20:08:50.000Z,SBO.12,UTILITY_CHECK_COMPLETED,SYSTEM_DATA_CHECK,,PASS,,,CRM_Accounts record for CUST-DEMO-AU-1001,"{""result_id"":""RES-AUTH-001-5"",""case_run_id"":""AUTH-001"",""submission_version"":1,""sequence"":""5"",""agent_id"":""SBO.12"",""utility_name"":""System Data Check Agent"",""check_type"":""SYSTEM_DATA_CHECK"",""status"":""PASS"",""findings_json"":""{\""pid_count\"":1,\""legal_name_consistent\"":true,\""open_duplicate_request\"":false}"",""reason_codes"":"""",""evidence_references"":""CRM_Accounts record for CUST-DEMO-AU-1001"",""confidence"":""1"",""human_review_required"":false,""recommended_next_step"":""Continue to financial check"",""rule_ids"":"""",""rule_status_used"":""CONFIRMED_POC"",""created_at"":""2026-09-27T12:08:42.209Z"",""superseded"":false,""id"":1,""createdAt"":""2026-09-25T16:35:48.629Z"",""updatedAt"":""2026-09-27T12:08:42.225Z""}",1145
EVT-AUTH-001-6-1790510924877,AUTH-001,1,2026-09-25T20:08:50.000Z,SBO.09,UTILITY_CHECK_COMPLETED,FINANCIAL_CHECK,,PASS,,F,Financial_Records record(s) for CUST-DEMO-AU-1001,"{""result_id"":""RES-AUTH-001-6"",""case_run_id"":""AUTH-001"",""submission_version"":1,""sequence"":""6"",""agent_id"":""SBO.09"",""utility_name"":""Financial Checks Agent"",""check_type"":""FINANCIAL_CHECK"",""status"":""PASS"",""findings_json"":""{\""credit_hold\"":false,\""total_outstanding\"":0,\""policy_exception\"":false}"",""reason_codes"":""FINANCIAL_CHECK_CLEAR"",""evidence_references"":""Financial_Records record(s) for CUST-DEMO-AU-1001"",""confidence"":""1"",""human_review_required"":false,""recommended_next_step"":""Continue to final verification"",""rule_ids"":""FIN-001"",""rule_status_used"":""CONFIRMED_POC"",""created_at"":""2026-09-27T12:08:44.795Z"",""superseded"":false,""id"":1,""createdAt"":""2026-09-25T16:35:48.629Z"",""updatedAt"":""2026-09-27T12:08:44.811Z""}",1146
EVT-AUTH-001-7-1790510926511,AUTH-001,1,2026-09-25T20:08:50.000Z,SBO.10,UTILITY_CHECK_COMPLETED,FINAL_VERIFICATION,,PASS,,F,Mock final verification result for AUTH-001,"{""result_id"":""RES-AUTH-001-7"",""case_run_id"":""AUTH-001"",""submission_version"":1,""sequence"":""7"",""agent_id"":""SBO.10"",""utility_name"":""Compliance Agent"",""check_type"":""FINAL_VERIFICATION"",""status"":""PASS"",""findings_json"":""{\""status\"":\""SUCCESSFUL\"",\""fraud_flag\"":false,\""manual_verification_required\"":false}"",""reason_codes"":""FINAL_VERIFICATION_SUCCESSFUL"",""evidence_references"":""Mock final verification result for AUTH-001"",""confidence"":""1"",""human_review_required"":false,""recommended_next_step"":""Apply final approval rule"",""rule_ids"":""CMP-001"",""rule_status_used"":""CONFIRMED_POC"",""created_at"":""2026-09-27T12:08:46.432Z"",""superseded"":false,""id"":1,""createdAt"":""2026-09-25T16:35:48.629Z"",""updatedAt"":""2026-09-27T12:08:46.455Z""}",1147
EVT-AUTH-001-1-1790511357937,AUTH-001,1,2026-09-25T20:08:50.000Z,SBO.05,UTILITY_CHECK_COMPLETED,DOCUMENT_EXTRACTION,,PASS,,,documents/AUTH-001,"{""result_id"":""RES-AUTH-001-1"",""case_run_id"":""AUTH-001"",""submission_version"":1,""sequence"":""1"",""agent_id"":""SBO.05"",""utility_name"":""Document Extraction Agent"",""check_type"":""DOCUMENT_EXTRACTION"",""status"":""PASS"",""findings_json"":""{\""documents_expected\"":3,\""documents_present\"":3,\""missing\"":[],\""all_readable\"":true}"",""reason_codes"":"""",""evidence_references"":""documents/AUTH-001"",""confidence"":""0.98"",""human_review_required"":false,""recommended_next_step"":""Continue to business validation"",""rule_ids"":"""",""rule_status_used"":""CONFIRMED_POC"",""created_at"":""2026-09-27T12:15:57.864Z"",""superseded"":false,""id"":1,""createdAt"":""2026-09-27T12:15:57.882Z"",""updatedAt"":""2026-09-27T12:15:57.882Z""}",1149
EVT-AUTH-001-2-1790511361004,AUTH-001,1,2026-09-25T20:08:50.000Z,SBO.06,UTILITY_CHECK_COMPLETED,BUSINESS_VALIDATION,,PASS,,B,Business_Register row for AU-DEMO-BIZ-1001,"{""result_id"":""RES-AUTH-001-2"",""case_run_id"":""AUTH-001"",""submission_version"":1,""sequence"":""2"",""agent_id"":""SBO.06"",""utility_name"":""Business Validation Utility"",""check_type"":""BUSINESS_VALIDATION"",""status"":""PASS"",""findings_json"":""{\""lookup_status\"":\""SUCCESS\"",\""registration_status\"":\""ACTIVE\"",\""name_match\"":true,\""identifier_match\"":true}"",""reason_codes"":""BUSINESS_ACTIVE"",""evidence_references"":""Business_Register row for AU-DEMO-BIZ-1001"",""confidence"":""1"",""human_review_required"":false,""recommended_next_step"":""Continue to identity validation"",""rule_ids"":""REG-001"",""rule_status_used"":""CONFIRMED_POC"",""created_at"":""2026-09-27T12:16:00.921Z"",""superseded"":false,""id"":1,""createdAt"":""2026-09-27T12:15:57.882Z"",""updatedAt"":""2026-09-27T12:16:00.941Z""}",1150
EVT-AUTH-001-3-1790511362958,AUTH-001,1,2026-09-25T20:08:50.000Z,SBO.07,UTILITY_CHECK_COMPLETED,IDENTITY_VALIDATION,,PASS,,I,documents/AUTH-001/AUTH-001_Identity_Profile.pdf,"{""result_id"":""RES-AUTH-001-3"",""case_run_id"":""AUTH-001"",""submission_version"":1,""sequence"":""3"",""agent_id"":""SBO.07"",""utility_name"":""Identity & Authority Agent"",""check_type"":""IDENTITY_VALIDATION"",""status"":""PASS"",""findings_json"":""{\""name_match\"":true,\""identity_status\"":\""VALID_SYNTHETIC\"",\""expired\"":false}"",""reason_codes"":""IDENTITY_VERIFIED"",""evidence_references"":""documents/AUTH-001/AUTH-001_Identity_Profile.pdf"",""confidence"":""0.97"",""human_review_required"":false,""recommended_next_step"":""Continue to authority validation"",""rule_ids"":""ID-001"",""rule_status_used"":""CONFIRMED_POC"",""created_at"":""2026-09-27T12:16:02.868Z"",""superseded"":false,""id"":1,""createdAt"":""2026-09-27T12:15:57.882Z"",""updatedAt"":""2026-09-27T12:16:02.891Z""}",1151
EVT-AUTH-001-4-1790511365947,AUTH-001,1,2026-09-25T20:08:50.000Z,SBO.07,UTILITY_CHECK_COMPLETED,AUTHORITY_VALIDATION,,PASS,,A,documents/AUTH-001/AUTH-001_AUTHORITY_LETTER.pdf,"{""result_id"":""RES-AUTH-001-4"",""case_run_id"":""AUTH-001"",""submission_version"":1,""sequence"":""4"",""agent_id"":""SBO.07"",""utility_name"":""Identity & Authority Agent"",""check_type"":""AUTHORITY_VALIDATION"",""status"":""PASS"",""findings_json"":""{\""representative_named\"":true,\""account_management\"":true,\""service_ordering\"":true,\""contract_signing\"":true,\""scope\"":\""CLEAR\""}"",""reason_codes"":""AUTHORITY_SCOPE_CLEAR"",""evidence_references"":""documents/AUTH-001/AUTH-001_AUTHORITY_LETTER.pdf"",""confidence"":""0.97"",""human_review_required"":false,""recommended_next_step"":""Continue to system-data check"",""rule_ids"":""AUTH-003"",""rule_status_used"":""CONFIRMED_POC"",""created_at"":""2026-09-27T12:16:05.871Z"",""superseded"":false,""id"":1,""createdAt"":""2026-09-27T12:15:57.882Z"",""updatedAt"":""2026-09-27T12:16:05.889Z""}",1152
EVT-AUTH-001-5-1790511368232,AUTH-001,1,2026-09-25T20:08:50.000Z,SBO.12,UTILITY_CHECK_COMPLETED,SYSTEM_DATA_CHECK,,PASS,,,CRM_Accounts record for CUST-DEMO-AU-1001,"{""result_id"":""RES-AUTH-001-5"",""case_run_id"":""AUTH-001"",""submission_version"":1,""sequence"":""5"",""agent_id"":""SBO.12"",""utility_name"":""System Data Check Agent"",""check_type"":""SYSTEM_DATA_CHECK"",""status"":""PASS"",""findings_json"":""{\""pid_count\"":1,\""legal_name_consistent\"":true,\""open_duplicate_request\"":false}"",""reason_codes"":"""",""evidence_references"":""CRM_Accounts record for CUST-DEMO-AU-1001"",""confidence"":""1"",""human_review_required"":false,""recommended_next_step"":""Continue to financial check"",""rule_ids"":"""",""rule_status_used"":""CONFIRMED_POC"",""created_at"":""2026-09-27T12:16:08.138Z"",""superseded"":false,""id"":1,""createdAt"":""2026-09-27T12:15:57.882Z"",""updatedAt"":""2026-09-27T12:16:08.156Z""}",1153
EVT-AUTH-001-6-1790511370376,AUTH-001,1,2026-09-25T20:08:50.000Z,SBO.09,UTILITY_CHECK_COMPLETED,FINANCIAL_CHECK,,PASS,,F,Financial_Records record(s) for CUST-DEMO-AU-1001,"{""result_id"":""RES-AUTH-001-6"",""case_run_id"":""AUTH-001"",""submission_version"":1,""sequence"":""6"",""agent_id"":""SBO.09"",""utility_name"":""Financial Checks Agent"",""check_type"":""FINANCIAL_CHECK"",""status"":""PASS"",""findings_json"":""{\""credit_hold\"":false,\""total_outstanding\"":0,\""policy_exception\"":false}"",""reason_codes"":""FINANCIAL_CHECK_CLEAR"",""evidence_references"":""Financial_Records record(s) for CUST-DEMO-AU-1001"",""confidence"":""1"",""human_review_required"":false,""recommended_next_step"":""Continue to final verification"",""rule_ids"":""FIN-001"",""rule_status_used"":""CONFIRMED_POC"",""created_at"":""2026-09-27T12:16:10.297Z"",""superseded"":false,""id"":1,""createdAt"":""2026-09-27T12:15:57.882Z"",""updatedAt"":""2026-09-27T12:16:10.316Z""}",1154
EVT-AUTH-001-7-1790511372071,AUTH-001,1,2026-09-25T20:08:50.000Z,SBO.10,UTILITY_CHECK_COMPLETED,FINAL_VERIFICATION,,PASS,,F,Mock final verification result for AUTH-001,"{""result_id"":""RES-AUTH-001-7"",""case_run_id"":""AUTH-001"",""submission_version"":1,""sequence"":""7"",""agent_id"":""SBO.10"",""utility_name"":""Compliance Agent"",""check_type"":""FINAL_VERIFICATION"",""status"":""PASS"",""findings_json"":""{\""status\"":\""SUCCESSFUL\"",\""fraud_flag\"":false,\""manual_verification_required\"":false}"",""reason_codes"":""FINAL_VERIFICATION_SUCCESSFUL"",""evidence_references"":""Mock final verification result for AUTH-001"",""confidence"":""1"",""human_review_required"":false,""recommended_next_step"":""Apply final approval rule"",""rule_ids"":""CMP-001"",""rule_status_used"":""CONFIRMED_POC"",""created_at"":""2026-09-27T12:16:11.975Z"",""superseded"":false,""id"":1,""createdAt"":""2026-09-27T12:15:57.882Z"",""updatedAt"":""2026-09-27T12:16:11.995Z""}",1155
EVT-AUTH-001-1-1790511480895,AUTH-001,1,2026-09-25T20:08:50.000Z,SBO.05,UTILITY_CHECK_COMPLETED,DOCUMENT_EXTRACTION,,PASS,,,documents/AUTH-001,"{""result_id"":""RES-AUTH-001-1"",""case_run_id"":""AUTH-001"",""submission_version"":1,""sequence"":""1"",""agent_id"":""SBO.05"",""utility_name"":""Document Extraction Agent"",""check_type"":""DOCUMENT_EXTRACTION"",""status"":""PASS"",""findings_json"":""{\""documents_expected\"":3,\""documents_present\"":3,\""missing\"":[],\""all_readable\"":true}"",""reason_codes"":"""",""evidence_references"":""documents/AUTH-001"",""confidence"":""0.98"",""human_review_required"":false,""recommended_next_step"":""Continue to business validation"",""rule_ids"":"""",""rule_status_used"":""CONFIRMED_POC"",""created_at"":""2026-09-27T12:18:00.805Z"",""superseded"":false,""id"":1,""createdAt"":""2026-09-27T12:18:00.826Z"",""updatedAt"":""2026-09-27T12:18:00.826Z""}",1161
EVT-AUTH-001-2-1790511483009,AUTH-001,1,2026-09-25T20:08:50.000Z,SBO.06,UTILITY_CHECK_COMPLETED,BUSINESS_VALIDATION,,PASS,,B,Business_Register row for AU-DEMO-BIZ-1001,"{""result_id"":""RES-AUTH-001-2"",""case_run_id"":""AUTH-001"",""submission_version"":1,""sequence"":""2"",""agent_id"":""SBO.06"",""utility_name"":""Business Validation Utility"",""check_type"":""BUSINESS_VALIDATION"",""status"":""PASS"",""findings_json"":""{\""lookup_status\"":\""SUCCESS\"",\""registration_status\"":\""ACTIVE\"",\""name_match\"":true,\""identifier_match\"":true}"",""reason_codes"":""BUSINESS_ACTIVE"",""evidence_references"":""Business_Register row for AU-DEMO-BIZ-1001"",""confidence"":""1"",""human_review_required"":false,""recommended_next_step"":""Continue to identity validation"",""rule_ids"":""REG-001"",""rule_status_used"":""CONFIRMED_POC"",""created_at"":""2026-09-27T12:18:02.932Z"",""superseded"":false,""id"":1,""createdAt"":""2026-09-27T12:18:00.826Z"",""updatedAt"":""2026-09-27T12:18:02.949Z""}",1162
EVT-AUTH-001-3-1790511486708,AUTH-001,1,2026-09-25T20:08:50.000Z,SBO.07,UTILITY_CHECK_COMPLETED,IDENTITY_VALIDATION,,PASS,,I,documents/AUTH-001/AUTH-001_Identity_Profile.pdf,"{""result_id"":""RES-AUTH-001-3"",""case_run_id"":""AUTH-001"",""submission_version"":1,""sequence"":""3"",""agent_id"":""SBO.07"",""utility_name"":""Identity & Authority Agent"",""check_type"":""IDENTITY_VALIDATION"",""status"":""PASS"",""findings_json"":""{\""name_match\"":true,\""identity_status\"":\""VALID_SYNTHETIC\"",\""expired\"":false}"",""reason_codes"":""IDENTITY_VERIFIED"",""evidence_references"":""documents/AUTH-001/AUTH-001_Identity_Profile.pdf"",""confidence"":""0.97"",""human_review_required"":false,""recommended_next_step"":""Continue to authority validation"",""rule_ids"":""ID-001"",""rule_status_used"":""CONFIRMED_POC"",""created_at"":""2026-09-27T12:18:06.623Z"",""superseded"":false,""id"":1,""createdAt"":""2026-09-27T12:18:00.826Z"",""updatedAt"":""2026-09-27T12:18:06.644Z""}",1163
EVT-AUTH-001-4-1790511490711,AUTH-001,1,2026-09-25T20:08:50.000Z,SBO.07,UTILITY_CHECK_COMPLETED,AUTHORITY_VALIDATION,,PASS,,A,documents/AUTH-001/AUTH-001_AUTHORITY_LETTER.pdf,"{""result_id"":""RES-AUTH-001-4"",""case_run_id"":""AUTH-001"",""submission_version"":1,""sequence"":""4"",""agent_id"":""SBO.07"",""utility_name"":""Identity & Authority Agent"",""check_type"":""AUTHORITY_VALIDATION"",""status"":""PASS"",""findings_json"":""{\""representative_named\"":true,\""account_management\"":true,\""service_ordering\"":true,\""contract_signing\"":true,\""scope\"":\""CLEAR\""}"",""reason_codes"":""AUTHORITY_SCOPE_CLEAR"",""evidence_references"":""documents/AUTH-001/AUTH-001_AUTHORITY_LETTER.pdf"",""confidence"":""0.97"",""human_review_required"":false,""recommended_next_step"":""Continue to system-data check"",""rule_ids"":""AUTH-003"",""rule_status_used"":""CONFIRMED_POC"",""created_at"":""2026-09-27T12:18:10.622Z"",""superseded"":false,""id"":1,""createdAt"":""2026-09-27T12:18:00.826Z"",""updatedAt"":""2026-09-27T12:18:10.643Z""}",1164
EVT-AUTH-001-5-1790511493055,AUTH-001,1,2026-09-25T20:08:50.000Z,SBO.12,UTILITY_CHECK_COMPLETED,SYSTEM_DATA_CHECK,,PASS,,,CRM_Accounts record for CUST-DEMO-AU-1001,"{""result_id"":""RES-AUTH-001-5"",""case_run_id"":""AUTH-001"",""submission_version"":1,""sequence"":""5"",""agent_id"":""SBO.12"",""utility_name"":""System Data Check Agent"",""check_type"":""SYSTEM_DATA_CHECK"",""status"":""PASS"",""findings_json"":""{\""pid_count\"":1,\""legal_name_consistent\"":true,\""open_duplicate_request\"":false}"",""reason_codes"":"""",""evidence_references"":""CRM_Accounts record for CUST-DEMO-AU-1001"",""confidence"":""1"",""human_review_required"":false,""recommended_next_step"":""Continue to financial check"",""rule_ids"":"""",""rule_status_used"":""CONFIRMED_POC"",""created_at"":""2026-09-27T12:18:12.965Z"",""superseded"":false,""id"":1,""createdAt"":""2026-09-27T12:18:00.826Z"",""updatedAt"":""2026-09-27T12:18:12.983Z""}",1165
EVT-AUTH-001-6-1790511495054,AUTH-001,1,2026-09-25T20:08:50.000Z,SBO.09,UTILITY_CHECK_COMPLETED,FINANCIAL_CHECK,,PASS,,F,Financial_Records record(s) for CUST-DEMO-AU-1001,"{""result_id"":""RES-AUTH-001-6"",""case_run_id"":""AUTH-001"",""submission_version"":1,""sequence"":""6"",""agent_id"":""SBO.09"",""utility_name"":""Financial Checks Agent"",""check_type"":""FINANCIAL_CHECK"",""status"":""PASS"",""findings_json"":""{\""credit_hold\"":false,\""total_outstanding\"":0,\""policy_exception\"":false}"",""reason_codes"":""FINANCIAL_CHECK_CLEAR"",""evidence_references"":""Financial_Records record(s) for CUST-DEMO-AU-1001"",""confidence"":""1"",""human_review_required"":false,""recommended_next_step"":""Continue to final verification"",""rule_ids"":""FIN-001"",""rule_status_used"":""CONFIRMED_POC"",""created_at"":""2026-09-27T12:18:14.938Z"",""superseded"":false,""id"":1,""createdAt"":""2026-09-27T12:18:00.826Z"",""updatedAt"":""2026-09-27T12:18:14.974Z""}",1166
EVT-AUTH-001-7-1790511497552,AUTH-001,1,2026-09-25T20:08:50.000Z,SBO.10,UTILITY_CHECK_COMPLETED,FINAL_VERIFICATION,,PASS,,F,Mock final verification result for AUTH-001,"{""result_id"":""RES-AUTH-001-7"",""case_run_id"":""AUTH-001"",""submission_version"":1,""sequence"":""7"",""agent_id"":""SBO.10"",""utility_name"":""Compliance Agent"",""check_type"":""FINAL_VERIFICATION"",""status"":""PASS"",""findings_json"":""{\""status\"":\""SUCCESSFUL\"",\""fraud_flag\"":false,\""manual_verification_required\"":false}"",""reason_codes"":""FINAL_VERIFICATION_SUCCESSFUL"",""evidence_references"":""Mock final verification result for AUTH-001"",""confidence"":""1"",""human_review_required"":false,""recommended_next_step"":""Apply final approval rule"",""rule_ids"":""CMP-001"",""rule_status_used"":""CONFIRMED_POC"",""created_at"":""2026-09-27T12:18:17.479Z"",""superseded"":false,""id"":1,""createdAt"":""2026-09-27T12:18:00.826Z"",""updatedAt"":""2026-09-27T12:18:17.496Z""}",1167
EVT-AUTH-003-1-1790511721359,AUTH-003,1,2026-09-25T20:08:50.000Z,SBO.05,UTILITY_CHECK_COMPLETED,DOCUMENT_EXTRACTION,,PASS,,,documents/AUTH-003,"{""result_id"":""RES-AUTH-003-1"",""case_run_id"":""AUTH-003"",""submission_version"":1,""sequence"":""1"",""agent_id"":""SBO.05"",""utility_name"":""Document Extraction Agent"",""check_type"":""DOCUMENT_EXTRACTION"",""status"":""PASS"",""findings_json"":""{\""documents_expected\"":3,\""documents_present\"":3,\""missing\"":[],\""all_readable\"":true}"",""reason_codes"":"""",""evidence_references"":""documents/AUTH-003"",""confidence"":""0.98"",""human_review_required"":false,""recommended_next_step"":""Continue to business validation"",""rule_ids"":"""",""rule_status_used"":""CONFIRMED_POC"",""created_at"":""2026-09-27T12:22:01.266Z"",""superseded"":false,""id"":1,""createdAt"":""2026-09-27T12:18:00.826Z"",""updatedAt"":""2026-09-27T12:22:01.286Z""}",1170
EVT-AUTH-003-2-1790511724064,AUTH-003,1,2026-09-25T20:08:50.000Z,SBO.06,UTILITY_CHECK_COMPLETED,BUSINESS_VALIDATION,,PASS,,B,Business_Register row for AU-DEMO-BIZ-1002,"{""result_id"":""RES-AUTH-003-2"",""case_run_id"":""AUTH-003"",""submission_version"":1,""sequence"":""2"",""agent_id"":""SBO.06"",""utility_name"":""Business Validation Utility"",""check_type"":""BUSINESS_VALIDATION"",""status"":""PASS"",""findings_json"":""{\""lookup_status\"":\""SUCCESS\"",\""registration_status\"":\""ACTIVE\"",\""name_match\"":true,\""identifier_match\"":true}"",""reason_codes"":""BUSINESS_ACTIVE"",""evidence_references"":""Business_Register row for AU-DEMO-BIZ-1002"",""confidence"":""1"",""human_review_required"":false,""recommended_next_step"":""Continue to identity validation"",""rule_ids"":""REG-001"",""rule_status_used"":""CONFIRMED_POC"",""created_at"":""2026-09-27T12:22:03.969Z"",""superseded"":false,""id"":1,""createdAt"":""2026-09-27T12:18:00.826Z"",""updatedAt"":""2026-09-27T12:22:03.986Z""}",1171
EVT-AUTH-003-3-1790511727740,AUTH-003,1,2026-09-25T20:08:50.000Z,SBO.07,UTILITY_CHECK_COMPLETED,IDENTITY_VALIDATION,,PASS,,I,documents/AUTH-003/AUTH-003_Identity_Profile.pdf,"{""result_id"":""RES-AUTH-003-3"",""case_run_id"":""AUTH-003"",""submission_version"":1,""sequence"":""3"",""agent_id"":""SBO.07"",""utility_name"":""Identity & Authority Agent"",""check_type"":""IDENTITY_VALIDATION"",""status"":""PASS"",""findings_json"":""{\""name_match\"":true,\""identity_status\"":\""VALID_SYNTHETIC\"",\""expired\"":false}"",""reason_codes"":""IDENTITY_VERIFIED"",""evidence_references"":""documents/AUTH-003/AUTH-003_Identity_Profile.pdf"",""confidence"":""0.97"",""human_review_required"":false,""recommended_next_step"":""Continue to authority validation"",""rule_ids"":""ID-001"",""rule_status_used"":""CONFIRMED_POC"",""created_at"":""2026-09-27T12:22:07.657Z"",""superseded"":false,""id"":1,""createdAt"":""2026-09-27T12:18:00.826Z"",""updatedAt"":""2026-09-27T12:22:07.675Z""}",1172
EVT-AUTH-003-4-1790511730113,AUTH-003,1,2026-09-25T20:08:50.000Z,SBO.07,UTILITY_CHECK_COMPLETED,AUTHORITY_VALIDATION,,INCONCLUSIVE,,A,documents/AUTH-003/AUTH-003_AUTHORITY_LETTER.pdf,"{""result_id"":""RES-AUTH-003-4"",""case_run_id"":""AUTH-003"",""submission_version"":1,""sequence"":""4"",""agent_id"":""SBO.07"",""utility_name"":""Identity & Authority Agent"",""check_type"":""AUTHORITY_VALIDATION"",""status"":""INCONCLUSIVE"",""findings_json"":""{\""representative_named\"":true,\""account_enquiries\"":true,\""service_ordering\"":false,\""contract_signing\"":false,\""scope\"":\""AMBIGUOUS\""}"",""reason_codes"":""AUTHORITY_SCOPE_AMBIGUOUS"",""evidence_references"":""documents/AUTH-003/AUTH-003_AUTHORITY_LETTER.pdf"",""confidence"":""0.94"",""human_review_required"":false,""recommended_next_step"":""Route to Authority Review"",""rule_ids"":""AUTH-004"",""rule_status_used"":""CONFIRMED_POC"",""created_at"":""2026-09-27T12:22:10.034Z"",""superseded"":false,""id"":1,""createdAt"":""2026-09-27T12:18:00.826Z"",""updatedAt"":""2026-09-27T12:22:10.056Z""}",1173
EVT-AUTH-003-1-1790511859630,AUTH-003,1,2026-09-25T20:08:50.000Z,SBO.05,UTILITY_CHECK_COMPLETED,DOCUMENT_EXTRACTION,,PASS,,,documents/AUTH-003,"{""result_id"":""RES-AUTH-003-1"",""case_run_id"":""AUTH-003"",""submission_version"":1,""sequence"":""1"",""agent_id"":""SBO.05"",""utility_name"":""Document Extraction Agent"",""check_type"":""DOCUMENT_EXTRACTION"",""status"":""PASS"",""findings_json"":""{\""documents_expected\"":3,\""documents_present\"":3,\""missing\"":[],\""all_readable\"":true}"",""reason_codes"":"""",""evidence_references"":""documents/AUTH-003"",""confidence"":""0.98"",""human_review_required"":false,""recommended_next_step"":""Continue to business validation"",""rule_ids"":"""",""rule_status_used"":""CONFIRMED_POC"",""created_at"":""2026-09-27T12:24:19.547Z"",""superseded"":false,""id"":1,""createdAt"":""2026-09-27T12:24:19.568Z"",""updatedAt"":""2026-09-27T12:24:19.568Z""}",1175
EVT-AUTH-003-2-1790511862041,AUTH-003,1,2026-09-25T20:08:50.000Z,SBO.06,UTILITY_CHECK_COMPLETED,BUSINESS_VALIDATION,,PASS,,B,Business_Register row for AU-DEMO-BIZ-1002,"{""result_id"":""RES-AUTH-003-2"",""case_run_id"":""AUTH-003"",""submission_version"":1,""sequence"":""2"",""agent_id"":""SBO.06"",""utility_name"":""Business Validation Utility"",""check_type"":""BUSINESS_VALIDATION"",""status"":""PASS"",""findings_json"":""{\""lookup_status\"":\""SUCCESS\"",\""registration_status\"":\""ACTIVE\"",\""name_match\"":true,\""identifier_match\"":true}"",""reason_codes"":""BUSINESS_ACTIVE"",""evidence_references"":""Business_Register row for AU-DEMO-BIZ-1002"",""confidence"":""1"",""human_review_required"":false,""recommended_next_step"":""Continue to identity validation"",""rule_ids"":""REG-001"",""rule_status_used"":""CONFIRMED_POC"",""created_at"":""2026-09-27T12:24:21.966Z"",""superseded"":false,""id"":1,""createdAt"":""2026-09-27T12:24:19.568Z"",""updatedAt"":""2026-09-27T12:24:21.984Z""}",1176
EVT-AUTH-003-3-1790511863717,AUTH-003,1,2026-09-25T20:08:50.000Z,SBO.07,UTILITY_CHECK_COMPLETED,IDENTITY_VALIDATION,,PASS,,I,documents/AUTH-003/AUTH-003_Identity_Profile.pdf,"{""result_id"":""RES-AUTH-003-3"",""case_run_id"":""AUTH-003"",""submission_version"":1,""sequence"":""3"",""agent_id"":""SBO.07"",""utility_name"":""Identity & Authority Agent"",""check_type"":""IDENTITY_VALIDATION"",""status"":""PASS"",""findings_json"":""{\""name_match\"":true,\""identity_status\"":\""VALID_SYNTHETIC\"",\""expired\"":false}"",""reason_codes"":""IDENTITY_VERIFIED"",""evidence_references"":""documents/AUTH-003/AUTH-003_Identity_Profile.pdf"",""confidence"":""0.97"",""human_review_required"":false,""recommended_next_step"":""Continue to authority validation"",""rule_ids"":""ID-001"",""rule_status_used"":""CONFIRMED_POC"",""created_at"":""2026-09-27T12:24:23.634Z"",""superseded"":false,""id"":1,""createdAt"":""2026-09-27T12:24:19.568Z"",""updatedAt"":""2026-09-27T12:24:23.653Z""}",1177
EVT-AUTH-003-4-1790511865988,AUTH-003,1,2026-09-25T20:08:50.000Z,SBO.07,UTILITY_CHECK_COMPLETED,AUTHORITY_VALIDATION,,INCONCLUSIVE,,A,documents/AUTH-003/AUTH-003_AUTHORITY_LETTER.pdf,"{""result_id"":""RES-AUTH-003-4"",""case_run_id"":""AUTH-003"",""submission_version"":1,""sequence"":""4"",""agent_id"":""SBO.07"",""utility_name"":""Identity & Authority Agent"",""check_type"":""AUTHORITY_VALIDATION"",""status"":""INCONCLUSIVE"",""findings_json"":""{\""representative_named\"":true,\""account_enquiries\"":true,\""service_ordering\"":false,\""contract_signing\"":false,\""scope\"":\""AMBIGUOUS\""}"",""reason_codes"":""AUTHORITY_SCOPE_AMBIGUOUS"",""evidence_references"":""documents/AUTH-003/AUTH-003_AUTHORITY_LETTER.pdf"",""confidence"":""0.94"",""human_review_required"":false,""recommended_next_step"":""Route to Authority Review"",""rule_ids"":""AUTH-004"",""rule_status_used"":""CONFIRMED_POC"",""created_at"":""2026-09-27T12:24:25.891Z"",""superseded"":false,""id"":1,""createdAt"":""2026-09-27T12:24:19.568Z"",""updatedAt"":""2026-09-27T12:24:25.909Z""}",1178
EVT-AUTH-001-1-1790516487889,AUTH-001,1,2026-09-25T20:08:50.000Z,SBO.05,UTILITY_CHECK_COMPLETED,DOCUMENT_EXTRACTION,,PASS,,,documents/AUTH-001,"{""result_id"":""RES-AUTH-001-1"",""case_run_id"":""AUTH-001"",""submission_version"":1,""sequence"":""1"",""agent_id"":""SBO.05"",""utility_name"":""Document Extraction Agent"",""check_type"":""DOCUMENT_EXTRACTION"",""status"":""PASS"",""findings_json"":""{\""documents_expected\"":3,\""documents_present\"":3,\""missing\"":[],\""all_readable\"":true}"",""reason_codes"":"""",""evidence_references"":""documents/AUTH-001"",""confidence"":""0.98"",""human_review_required"":false,""recommended_next_step"":""Continue to business validation"",""rule_ids"":"""",""rule_status_used"":""CONFIRMED_POC"",""created_at"":""2026-09-27T13:41:27.805Z"",""superseded"":false,""id"":1,""createdAt"":""2026-09-27T12:24:19.568Z"",""updatedAt"":""2026-09-27T13:41:27.833Z""}",1181
EVT-AUTH-001-2-1790516490387,AUTH-001,1,2026-09-25T20:08:50.000Z,SBO.06,UTILITY_CHECK_COMPLETED,BUSINESS_VALIDATION,,PASS,,B,Business_Register row for AU-DEMO-BIZ-1001,"{""result_id"":""RES-AUTH-001-2"",""case_run_id"":""AUTH-001"",""submission_version"":1,""sequence"":""2"",""agent_id"":""SBO.06"",""utility_name"":""Business Validation Utility"",""check_type"":""BUSINESS_VALIDATION"",""status"":""PASS"",""findings_json"":""{\""lookup_status\"":\""SUCCESS\"",\""registration_status\"":\""ACTIVE\"",\""name_match\"":true,\""identifier_match\"":true}"",""reason_codes"":""BUSINESS_ACTIVE"",""evidence_references"":""Business_Register row for AU-DEMO-BIZ-1001"",""confidence"":""1"",""human_review_required"":false,""recommended_next_step"":""Continue to identity validation"",""rule_ids"":""REG-001"",""rule_status_used"":""CONFIRMED_POC"",""created_at"":""2026-09-27T13:41:30.313Z"",""superseded"":false,""id"":1,""createdAt"":""2026-09-27T12:24:19.568Z"",""updatedAt"":""2026-09-27T13:41:30.331Z""}",1182
EVT-AUTH-001-3-1790516492700,AUTH-001,1,2026-09-25T20:08:50.000Z,SBO.07,UTILITY_CHECK_COMPLETED,IDENTITY_VALIDATION,,PASS,,I,documents/AUTH-001/AUTH-001_Identity_Profile.pdf,"{""result_id"":""RES-AUTH-001-3"",""case_run_id"":""AUTH-001"",""submission_version"":1,""sequence"":""3"",""agent_id"":""SBO.07"",""utility_name"":""Identity & Authority Agent"",""check_type"":""IDENTITY_VALIDATION"",""status"":""PASS"",""findings_json"":""{\""name_match\"":true,\""identity_status\"":\""VALID_SYNTHETIC\"",\""expired\"":false}"",""reason_codes"":""IDENTITY_VERIFIED"",""evidence_references"":""documents/AUTH-001/AUTH-001_Identity_Profile.pdf"",""confidence"":""0.97"",""human_review_required"":false,""recommended_next_step"":""Continue to authority validation"",""rule_ids"":""ID-001"",""rule_status_used"":""CONFIRMED_POC"",""created_at"":""2026-09-27T13:41:32.611Z"",""superseded"":false,""id"":1,""createdAt"":""2026-09-27T12:24:19.568Z"",""updatedAt"":""2026-09-27T13:41:32.637Z""}",1183
EVT-AUTH-001-4-1790516494973,AUTH-001,1,2026-09-25T20:08:50.000Z,SBO.07,UTILITY_CHECK_COMPLETED,AUTHORITY_VALIDATION,,PASS,,A,documents/AUTH-001/AUTH-001_AUTHORITY_LETTER.pdf,"{""result_id"":""RES-AUTH-001-4"",""case_run_id"":""AUTH-001"",""submission_version"":1,""sequence"":""4"",""agent_id"":""SBO.07"",""utility_name"":""Identity & Authority Agent"",""check_type"":""AUTHORITY_VALIDATION"",""status"":""PASS"",""findings_json"":""{\""representative_named\"":true,\""account_management\"":true,\""service_ordering\"":true,\""contract_signing\"":true,\""scope\"":\""CLEAR\""}"",""reason_codes"":""AUTHORITY_SCOPE_CLEAR"",""evidence_references"":""documents/AUTH-001/AUTH-001_AUTHORITY_LETTER.pdf"",""confidence"":""0.97"",""human_review_required"":false,""recommended_next_step"":""Continue to system-data check"",""rule_ids"":""AUTH-003"",""rule_status_used"":""CONFIRMED_POC"",""created_at"":""2026-09-27T13:41:34.887Z"",""superseded"":false,""id"":1,""createdAt"":""2026-09-27T12:24:19.568Z"",""updatedAt"":""2026-09-27T13:41:34.908Z""}",1184
EVT-AUTH-001-5-1790516496801,AUTH-001,1,2026-09-25T20:08:50.000Z,SBO.12,UTILITY_CHECK_COMPLETED,SYSTEM_DATA_CHECK,,PASS,,,CRM_Accounts record for CUST-DEMO-AU-1001,"{""result_id"":""RES-AUTH-001-5"",""case_run_id"":""AUTH-001"",""submission_version"":1,""sequence"":""5"",""agent_id"":""SBO.12"",""utility_name"":""System Data Check Agent"",""check_type"":""SYSTEM_DATA_CHECK"",""status"":""PASS"",""findings_json"":""{\""pid_count\"":1,\""legal_name_consistent\"":true,\""open_duplicate_request\"":false}"",""reason_codes"":"""",""evidence_references"":""CRM_Accounts record for CUST-DEMO-AU-1001"",""confidence"":""1"",""human_review_required"":false,""recommended_next_step"":""Continue to financial check"",""rule_ids"":"""",""rule_status_used"":""CONFIRMED_POC"",""created_at"":""2026-09-27T13:41:36.707Z"",""superseded"":false,""id"":1,""createdAt"":""2026-09-27T12:24:19.568Z"",""updatedAt"":""2026-09-27T13:41:36.731Z""}",1185
EVT-AUTH-001-6-1790516498736,AUTH-001,1,2026-09-25T20:08:50.000Z,SBO.09,UTILITY_CHECK_COMPLETED,FINANCIAL_CHECK,,PASS,,F,Financial_Records record(s) for CUST-DEMO-AU-1001,"{""result_id"":""RES-AUTH-001-6"",""case_run_id"":""AUTH-001"",""submission_version"":1,""sequence"":""6"",""agent_id"":""SBO.09"",""utility_name"":""Financial Checks Agent"",""check_type"":""FINANCIAL_CHECK"",""status"":""PASS"",""findings_json"":""{\""credit_hold\"":false,\""total_outstanding\"":0,\""policy_exception\"":false}"",""reason_codes"":""FINANCIAL_CHECK_CLEAR"",""evidence_references"":""Financial_Records record(s) for CUST-DEMO-AU-1001"",""confidence"":""1"",""human_review_required"":false,""recommended_next_step"":""Continue to final verification"",""rule_ids"":""FIN-001"",""rule_status_used"":""CONFIRMED_POC"",""created_at"":""2026-09-27T13:41:38.663Z"",""superseded"":false,""id"":1,""createdAt"":""2026-09-27T12:24:19.568Z"",""updatedAt"":""2026-09-27T13:41:38.682Z""}",1186
EVT-AUTH-001-7-1790516500549,AUTH-001,1,2026-09-25T20:08:50.000Z,SBO.10,UTILITY_CHECK_COMPLETED,FINAL_VERIFICATION,,PASS,,F,Mock final verification result for AUTH-001,"{""result_id"":""RES-AUTH-001-7"",""case_run_id"":""AUTH-001"",""submission_version"":1,""sequence"":""7"",""agent_id"":""SBO.10"",""utility_name"":""Compliance Agent"",""check_type"":""FINAL_VERIFICATION"",""status"":""PASS"",""findings_json"":""{\""status\"":\""SUCCESSFUL\"",\""fraud_flag\"":false,\""manual_verification_required\"":false}"",""reason_codes"":""FINAL_VERIFICATION_SUCCESSFUL"",""evidence_references"":""Mock final verification result for AUTH-001"",""confidence"":""1"",""human_review_required"":false,""recommended_next_step"":""Apply final approval rule"",""rule_ids"":""CMP-001"",""rule_status_used"":""CONFIRMED_POC"",""created_at"":""2026-09-27T13:41:40.461Z"",""superseded"":false,""id"":1,""createdAt"":""2026-09-27T12:24:19.568Z"",""updatedAt"":""2026-09-27T13:41:40.478Z""}",1187
EVT-AUTH-003-1-1790516990361,AUTH-003,1,2026-09-25T20:08:50.000Z,SBO.05,UTILITY_CHECK_COMPLETED,DOCUMENT_EXTRACTION,,PASS,,,documents/AUTH-003,"{""result_id"":""RES-AUTH-003-1"",""case_run_id"":""AUTH-003"",""submission_version"":1,""sequence"":""1"",""agent_id"":""SBO.05"",""utility_name"":""Document Extraction Agent"",""check_type"":""DOCUMENT_EXTRACTION"",""status"":""PASS"",""findings_json"":""{\""documents_expected\"":3,\""documents_present\"":3,\""missing\"":[],\""all_readable\"":true}"",""reason_codes"":"""",""evidence_references"":""documents/AUTH-003"",""confidence"":""0.98"",""human_review_required"":false,""recommended_next_step"":""Continue to business validation"",""rule_ids"":"""",""rule_status_used"":""CONFIRMED_POC"",""created_at"":""2026-09-27T13:49:50.280Z"",""superseded"":false,""id"":1,""createdAt"":""2026-09-27T12:24:19.568Z"",""updatedAt"":""2026-09-27T13:49:50.300Z""}",1189
EVT-AUTH-003-2-1790516993731,AUTH-003,1,2026-09-25T20:08:50.000Z,SBO.06,UTILITY_CHECK_COMPLETED,BUSINESS_VALIDATION,,PASS,,B,Business_Register row for AU-DEMO-BIZ-1002,"{""result_id"":""RES-AUTH-003-2"",""case_run_id"":""AUTH-003"",""submission_version"":1,""sequence"":""2"",""agent_id"":""SBO.06"",""utility_name"":""Business Validation Utility"",""check_type"":""BUSINESS_VALIDATION"",""status"":""PASS"",""findings_json"":""{\""lookup_status\"":\""SUCCESS\"",\""registration_status\"":\""ACTIVE\"",\""name_match\"":true,\""identifier_match\"":true}"",""reason_codes"":""BUSINESS_ACTIVE"",""evidence_references"":""Business_Register row for AU-DEMO-BIZ-1002"",""confidence"":""1"",""human_review_required"":false,""recommended_next_step"":""Continue to identity validation"",""rule_ids"":""REG-001"",""rule_status_used"":""CONFIRMED_POC"",""created_at"":""2026-09-27T13:49:53.645Z"",""superseded"":false,""id"":1,""createdAt"":""2026-09-27T12:24:19.568Z"",""updatedAt"":""2026-09-27T13:49:53.666Z""}",1190
EVT-AUTH-003-3-1790516996997,AUTH-003,1,2026-09-25T20:08:50.000Z,SBO.07,UTILITY_CHECK_COMPLETED,IDENTITY_VALIDATION,,PASS,,I,documents/AUTH-003/AUTH-003_Identity_Profile.pdf,"{""result_id"":""RES-AUTH-003-3"",""case_run_id"":""AUTH-003"",""submission_version"":1,""sequence"":""3"",""agent_id"":""SBO.07"",""utility_name"":""Identity & Authority Agent"",""check_type"":""IDENTITY_VALIDATION"",""status"":""PASS"",""findings_json"":""{\""name_match\"":true,\""identity_status\"":\""VALID_SYNTHETIC\"",\""expired\"":false}"",""reason_codes"":""IDENTITY_VERIFIED"",""evidence_references"":""documents/AUTH-003/AUTH-003_Identity_Profile.pdf"",""confidence"":""0.97"",""human_review_required"":false,""recommended_next_step"":""Continue to authority validation"",""rule_ids"":""ID-001"",""rule_status_used"":""CONFIRMED_POC"",""created_at"":""2026-09-27T13:49:56.911Z"",""superseded"":false,""id"":1,""createdAt"":""2026-09-27T12:24:19.568Z"",""updatedAt"":""2026-09-27T13:49:56.928Z""}",1191
EVT-AUTH-003-4-1790516999483,AUTH-003,1,2026-09-25T20:08:50.000Z,SBO.07,UTILITY_CHECK_COMPLETED,AUTHORITY_VALIDATION,,INCONCLUSIVE,,A,documents/AUTH-003/AUTH-003_AUTHORITY_LETTER.pdf,"{""result_id"":""RES-AUTH-003-4"",""case_run_id"":""AUTH-003"",""submission_version"":1,""sequence"":""4"",""agent_id"":""SBO.07"",""utility_name"":""Identity & Authority Agent"",""check_type"":""AUTHORITY_VALIDATION"",""status"":""INCONCLUSIVE"",""findings_json"":""{\""representative_named\"":true,\""account_enquiries\"":true,\""service_ordering\"":false,\""contract_signing\"":false,\""scope\"":\""AMBIGUOUS\""}"",""reason_codes"":""AUTHORITY_SCOPE_AMBIGUOUS"",""evidence_references"":""documents/AUTH-003/AUTH-003_AUTHORITY_LETTER.pdf"",""confidence"":""0.94"",""human_review_required"":false,""recommended_next_step"":""Route to Authority Review"",""rule_ids"":""AUTH-004"",""rule_status_used"":""CONFIRMED_POC"",""created_at"":""2026-09-27T13:49:59.392Z"",""superseded"":false,""id"":1,""createdAt"":""2026-09-27T12:24:19.568Z"",""updatedAt"":""2026-09-27T13:49:59.413Z""}",1192
EVT-AUTH-003-1-1790517062593,AUTH-003,1,2026-09-25T20:08:50.000Z,SBO.05,UTILITY_CHECK_COMPLETED,DOCUMENT_EXTRACTION,,PASS,,,documents/AUTH-003,"{""result_id"":""RES-AUTH-003-1"",""case_run_id"":""AUTH-003"",""submission_version"":1,""sequence"":""1"",""agent_id"":""SBO.05"",""utility_name"":""Document Extraction Agent"",""check_type"":""DOCUMENT_EXTRACTION"",""status"":""PASS"",""findings_json"":""{\""documents_expected\"":3,\""documents_present\"":3,\""missing\"":[],\""all_readable\"":true}"",""reason_codes"":"""",""evidence_references"":""documents/AUTH-003"",""confidence"":""0.98"",""human_review_required"":false,""recommended_next_step"":""Continue to business validation"",""rule_ids"":"""",""rule_status_used"":""CONFIRMED_POC"",""created_at"":""2026-09-27T13:51:02.515Z"",""superseded"":false,""id"":1,""createdAt"":""2026-09-27T13:51:02.537Z"",""updatedAt"":""2026-09-27T13:51:02.537Z""}",1195
EVT-AUTH-003-2-1790517065329,AUTH-003,1,2026-09-25T20:08:50.000Z,SBO.06,UTILITY_CHECK_COMPLETED,BUSINESS_VALIDATION,,PASS,,B,Business_Register row for AU-DEMO-BIZ-1002,"{""result_id"":""RES-AUTH-003-2"",""case_run_id"":""AUTH-003"",""submission_version"":1,""sequence"":""2"",""agent_id"":""SBO.06"",""utility_name"":""Business Validation Utility"",""check_type"":""BUSINESS_VALIDATION"",""status"":""PASS"",""findings_json"":""{\""lookup_status\"":\""SUCCESS\"",\""registration_status\"":\""ACTIVE\"",\""name_match\"":true,\""identifier_match\"":true}"",""reason_codes"":""BUSINESS_ACTIVE"",""evidence_references"":""Business_Register row for AU-DEMO-BIZ-1002"",""confidence"":""1"",""human_review_required"":false,""recommended_next_step"":""Continue to identity validation"",""rule_ids"":""REG-001"",""rule_status_used"":""CONFIRMED_POC"",""created_at"":""2026-09-27T13:51:05.256Z"",""superseded"":false,""id"":1,""createdAt"":""2026-09-27T13:51:02.537Z"",""updatedAt"":""2026-09-27T13:51:05.274Z""}",1196
EVT-AUTH-003-3-1790517067551,AUTH-003,1,2026-09-25T20:08:50.000Z,SBO.07,UTILITY_CHECK_COMPLETED,IDENTITY_VALIDATION,,PASS,,I,documents/AUTH-003/AUTH-003_Identity_Profile.pdf,"{""result_id"":""RES-AUTH-003-3"",""case_run_id"":""AUTH-003"",""submission_version"":1,""sequence"":""3"",""agent_id"":""SBO.07"",""utility_name"":""Identity & Authority Agent"",""check_type"":""IDENTITY_VALIDATION"",""status"":""PASS"",""findings_json"":""{\""name_match\"":true,\""identity_status\"":\""VALID_SYNTHETIC\"",\""expired\"":false}"",""reason_codes"":""IDENTITY_VERIFIED"",""evidence_references"":""documents/AUTH-003/AUTH-003_Identity_Profile.pdf"",""confidence"":""0.97"",""human_review_required"":false,""recommended_next_step"":""Continue to authority validation"",""rule_ids"":""ID-001"",""rule_status_used"":""CONFIRMED_POC"",""created_at"":""2026-09-27T13:51:07.467Z"",""superseded"":false,""id"":1,""createdAt"":""2026-09-27T13:51:02.537Z"",""updatedAt"":""2026-09-27T13:51:07.484Z""}",1197
EVT-AUTH-003-4-1790517069699,AUTH-003,1,2026-09-25T20:08:50.000Z,SBO.07,UTILITY_CHECK_COMPLETED,AUTHORITY_VALIDATION,,INCONCLUSIVE,,A,documents/AUTH-003/AUTH-003_AUTHORITY_LETTER.pdf,"{""result_id"":""RES-AUTH-003-4"",""case_run_id"":""AUTH-003"",""submission_version"":1,""sequence"":""4"",""agent_id"":""SBO.07"",""utility_name"":""Identity & Authority Agent"",""check_type"":""AUTHORITY_VALIDATION"",""status"":""INCONCLUSIVE"",""findings_json"":""{\""representative_named\"":true,\""account_enquiries\"":true,\""service_ordering\"":false,\""contract_signing\"":false,\""scope\"":\""AMBIGUOUS\""}"",""reason_codes"":""AUTHORITY_SCOPE_AMBIGUOUS"",""evidence_references"":""documents/AUTH-003/AUTH-003_AUTHORITY_LETTER.pdf"",""confidence"":""0.94"",""human_review_required"":false,""recommended_next_step"":""Route to Authority Review"",""rule_ids"":""AUTH-004"",""rule_status_used"":""CONFIRMED_POC"",""created_at"":""2026-09-27T13:51:09.621Z"",""superseded"":false,""id"":1,""createdAt"":""2026-09-27T13:51:02.537Z"",""updatedAt"":""2026-09-27T13:51:09.647Z""}",1198
EVT-AUTH-008-V1-1-1790517711043,AUTH-008-V1,1,2026-09-25T20:08:50.000Z,SBO.05,UTILITY_CHECK_COMPLETED,DOCUMENT_EXTRACTION,,PASS,,,documents/AUTH-008-V1,"{""result_id"":""RES-AUTH-008-V1-1"",""case_run_id"":""AUTH-008-V1"",""submission_version"":1,""sequence"":""1"",""agent_id"":""SBO.05"",""utility_name"":""Document Extraction Agent"",""check_type"":""DOCUMENT_EXTRACTION"",""status"":""PASS"",""findings_json"":""{\""documents_expected\"":3,\""documents_present\"":3,\""missing\"":[],\""all_readable\"":true}"",""reason_codes"":"""",""evidence_references"":""documents/AUTH-008-V1"",""confidence"":""0.98"",""human_review_required"":false,""recommended_next_step"":""Continue to business validation"",""rule_ids"":"""",""rule_status_used"":""CONFIRMED_POC"",""created_at"":""2026-09-27T14:01:50.921Z"",""superseded"":false,""id"":1,""createdAt"":""2026-09-27T13:51:02.537Z"",""updatedAt"":""2026-09-27T14:01:50.969Z""}",1202
EVT-AUTH-008-V1-2-1790517713333,AUTH-008-V1,1,2026-09-25T20:08:50.000Z,SBO.06,UTILITY_CHECK_COMPLETED,BUSINESS_VALIDATION,,PASS,,B,Business_Register row for AU-DEMO-BIZ-1005,"{""result_id"":""RES-AUTH-008-V1-2"",""case_run_id"":""AUTH-008-V1"",""submission_version"":1,""sequence"":""2"",""agent_id"":""SBO.06"",""utility_name"":""Business Validation Utility"",""check_type"":""BUSINESS_VALIDATION"",""status"":""PASS"",""findings_json"":""{\""lookup_status\"":\""SUCCESS\"",\""registration_status\"":\""ACTIVE\"",\""name_match\"":true,\""identifier_match\"":true}"",""reason_codes"":""BUSINESS_ACTIVE"",""evidence_references"":""Business_Register row for AU-DEMO-BIZ-1005"",""confidence"":""1"",""human_review_required"":false,""recommended_next_step"":""Continue to identity validation"",""rule_ids"":""REG-001"",""rule_status_used"":""CONFIRMED_POC"",""created_at"":""2026-09-27T14:01:53.261Z"",""superseded"":false,""id"":1,""createdAt"":""2026-09-27T13:51:02.537Z"",""updatedAt"":""2026-09-27T14:01:53.281Z""}",1203
EVT-AUTH-008-V1-3-1790517715467,AUTH-008-V1,1,2026-09-25T20:08:50.000Z,SBO.07,UTILITY_CHECK_COMPLETED,IDENTITY_VALIDATION,,PASS,,I,documents/AUTH-008-V1/AUTH-008-V1_Identity_Profile.pdf,"{""result_id"":""RES-AUTH-008-V1-3"",""case_run_id"":""AUTH-008-V1"",""submission_version"":1,""sequence"":""3"",""agent_id"":""SBO.07"",""utility_name"":""Identity & Authority Agent"",""check_type"":""IDENTITY_VALIDATION"",""status"":""PASS"",""findings_json"":""{\""name_match\"":true,\""identity_status\"":\""VALID_SYNTHETIC\"",\""expired\"":false}"",""reason_codes"":""IDENTITY_VERIFIED"",""evidence_references"":""documents/AUTH-008-V1/AUTH-008-V1_Identity_Profile.pdf"",""confidence"":""0.97"",""human_review_required"":false,""recommended_next_step"":""Continue to authority validation"",""rule_ids"":""ID-001"",""rule_status_used"":""CONFIRMED_POC"",""created_at"":""2026-09-27T14:01:55.388Z"",""superseded"":false,""id"":1,""createdAt"":""2026-09-27T13:51:02.537Z"",""updatedAt"":""2026-09-27T14:01:55.406Z""}",1204
EVT-AUTH-008-V1-4-1790517718438,AUTH-008-V1,1,2026-09-25T20:08:50.000Z,SBO.07,UTILITY_CHECK_COMPLETED,AUTHORITY_VALIDATION,,FAIL,,A,documents/AUTH-008-V1/AUTH-008-V1_AUTHORITY_LETTER_V1.pdf,"{""result_id"":""RES-AUTH-008-V1-4"",""case_run_id"":""AUTH-008-V1"",""submission_version"":1,""sequence"":""4"",""agent_id"":""SBO.07"",""utility_name"":""Identity & Authority Agent"",""check_type"":""AUTHORITY_VALIDATION"",""status"":""FAIL"",""findings_json"":""{\""representative_named\"":true,\""information_access\"":true,\""service_ordering\"":false,\""contract_signing\"":false,\""scope\"":\""INSUFFICIENT_BUT_REMEDIABLE\""}"",""reason_codes"":""AUTHORITY_SCOPE_INSUFFICIENT"",""evidence_references"":""documents/AUTH-008-V1/AUTH-008-V1_AUTHORITY_LETTER_V1.pdf"",""confidence"":""0.94"",""human_review_required"":false,""recommended_next_step"":""Request revised authority letter"",""rule_ids"":""AUTH-005"",""rule_status_used"":""CONFIRMED_POC"",""created_at"":""2026-09-27T14:01:58.360Z"",""superseded"":false,""id"":1,""createdAt"":""2026-09-27T13:51:02.537Z"",""updatedAt"":""2026-09-27T14:01:58.378Z""}",1205
EVT-AUTH-001-1-1790521176599,AUTH-001,1,2026-09-25T20:08:50.000Z,SBO.05,UTILITY_CHECK_COMPLETED,DOCUMENT_EXTRACTION,,PASS,,,documents/AUTH-001,"{""result_id"":""RES-AUTH-001-1"",""case_run_id"":""AUTH-001"",""submission_version"":1,""sequence"":""1"",""agent_id"":""SBO.05"",""utility_name"":""Document Extraction Agent"",""check_type"":""DOCUMENT_EXTRACTION"",""status"":""PASS"",""findings_json"":""{\""documents_expected\"":3,\""documents_present\"":3,\""missing\"":[],\""all_readable\"":true}"",""reason_codes"":"""",""evidence_references"":""documents/AUTH-001"",""confidence"":""0.98"",""human_review_required"":false,""recommended_next_step"":""Continue to business validation"",""rule_ids"":"""",""rule_status_used"":""CONFIRMED_POC"",""created_at"":""2026-09-27T14:59:36.512Z"",""superseded"":false,""id"":1,""createdAt"":""2026-09-27T13:51:02.537Z"",""updatedAt"":""2026-09-27T14:59:36.537Z""}",1208
EVT-AUTH-001-2-1790521178698,AUTH-001,1,2026-09-25T20:08:50.000Z,SBO.06,UTILITY_CHECK_COMPLETED,BUSINESS_VALIDATION,,PASS,,B,Business_Register row for AU-DEMO-BIZ-1001,"{""result_id"":""RES-AUTH-001-2"",""case_run_id"":""AUTH-001"",""submission_version"":1,""sequence"":""2"",""agent_id"":""SBO.06"",""utility_name"":""Business Validation Utility"",""check_type"":""BUSINESS_VALIDATION"",""status"":""PASS"",""findings_json"":""{\""lookup_status\"":\""SUCCESS\"",\""registration_status\"":\""ACTIVE\"",\""name_match\"":true,\""identifier_match\"":true}"",""reason_codes"":""BUSINESS_ACTIVE"",""evidence_references"":""Business_Register row for AU-DEMO-BIZ-1001"",""confidence"":""1"",""human_review_required"":false,""recommended_next_step"":""Continue to identity validation"",""rule_ids"":""REG-001"",""rule_status_used"":""CONFIRMED_POC"",""created_at"":""2026-09-27T14:59:38.611Z"",""superseded"":false,""id"":1,""createdAt"":""2026-09-27T13:51:02.537Z"",""updatedAt"":""2026-09-27T14:59:38.635Z""}",1209
EVT-AUTH-001-3-1790521180714,AUTH-001,1,2026-09-25T20:08:50.000Z,SBO.07,UTILITY_CHECK_COMPLETED,IDENTITY_VALIDATION,,PASS,,I,documents/AUTH-001/AUTH-001_Identity_Profile.pdf,"{""result_id"":""RES-AUTH-001-3"",""case_run_id"":""AUTH-001"",""submission_version"":1,""sequence"":""3"",""agent_id"":""SBO.07"",""utility_name"":""Identity & Authority Agent"",""check_type"":""IDENTITY_VALIDATION"",""status"":""PASS"",""findings_json"":""{\""name_match\"":true,\""identity_status\"":\""VALID_SYNTHETIC\"",\""expired\"":false}"",""reason_codes"":""IDENTITY_VERIFIED"",""evidence_references"":""documents/AUTH-001/AUTH-001_Identity_Profile.pdf"",""confidence"":""0.97"",""human_review_required"":false,""recommended_next_step"":""Continue to authority validation"",""rule_ids"":""ID-001"",""rule_status_used"":""CONFIRMED_POC"",""created_at"":""2026-09-27T14:59:40.644Z"",""superseded"":false,""id"":1,""createdAt"":""2026-09-27T13:51:02.537Z"",""updatedAt"":""2026-09-27T14:59:40.663Z""}",1210
EVT-AUTH-001-4-1790521183116,AUTH-001,1,2026-09-25T20:08:50.000Z,SBO.07,UTILITY_CHECK_COMPLETED,AUTHORITY_VALIDATION,,PASS,,A,documents/AUTH-001/AUTH-001_AUTHORITY_LETTER.pdf,"{""result_id"":""RES-AUTH-001-4"",""case_run_id"":""AUTH-001"",""submission_version"":1,""sequence"":""4"",""agent_id"":""SBO.07"",""utility_name"":""Identity & Authority Agent"",""check_type"":""AUTHORITY_VALIDATION"",""status"":""PASS"",""findings_json"":""{\""representative_named\"":true,\""account_management\"":true,\""service_ordering\"":true,\""contract_signing\"":true,\""scope\"":\""CLEAR\""}"",""reason_codes"":""AUTHORITY_SCOPE_CLEAR"",""evidence_references"":""documents/AUTH-001/AUTH-001_AUTHORITY_LETTER.pdf"",""confidence"":""0.97"",""human_review_required"":false,""recommended_next_step"":""Continue to system-data check"",""rule_ids"":""AUTH-003"",""rule_status_used"":""CONFIRMED_POC"",""created_at"":""2026-09-27T14:59:43.039Z"",""superseded"":false,""id"":1,""createdAt"":""2026-09-27T13:51:02.537Z"",""updatedAt"":""2026-09-27T14:59:43.061Z""}",1211
EVT-AUTH-001-5-1790521185248,AUTH-001,1,2026-09-25T20:08:50.000Z,SBO.12,UTILITY_CHECK_COMPLETED,SYSTEM_DATA_CHECK,,PASS,,,CRM_Accounts record for CUST-DEMO-AU-1001,"{""result_id"":""RES-AUTH-001-5"",""case_run_id"":""AUTH-001"",""submission_version"":1,""sequence"":""5"",""agent_id"":""SBO.12"",""utility_name"":""System Data Check Agent"",""check_type"":""SYSTEM_DATA_CHECK"",""status"":""PASS"",""findings_json"":""{\""pid_count\"":1,\""legal_name_consistent\"":true,\""open_duplicate_request\"":false}"",""reason_codes"":"""",""evidence_references"":""CRM_Accounts record for CUST-DEMO-AU-1001"",""confidence"":""1"",""human_review_required"":false,""recommended_next_step"":""Continue to financial check"",""rule_ids"":"""",""rule_status_used"":""CONFIRMED_POC"",""created_at"":""2026-09-27T14:59:45.167Z"",""superseded"":false,""id"":1,""createdAt"":""2026-09-27T13:51:02.537Z"",""updatedAt"":""2026-09-27T14:59:45.183Z""}",1212
EVT-AUTH-001-6-1790521187318,AUTH-001,1,2026-09-25T20:08:50.000Z,SBO.09,UTILITY_CHECK_COMPLETED,FINANCIAL_CHECK,,PASS,,F,Financial_Records record(s) for CUST-DEMO-AU-1001,"{""result_id"":""RES-AUTH-001-6"",""case_run_id"":""AUTH-001"",""submission_version"":1,""sequence"":""6"",""agent_id"":""SBO.09"",""utility_name"":""Financial Checks Agent"",""check_type"":""FINANCIAL_CHECK"",""status"":""PASS"",""findings_json"":""{\""credit_hold\"":false,\""total_outstanding\"":0,\""policy_exception\"":false}"",""reason_codes"":""FINANCIAL_CHECK_CLEAR"",""evidence_references"":""Financial_Records record(s) for CUST-DEMO-AU-1001"",""confidence"":""1"",""human_review_required"":false,""recommended_next_step"":""Continue to final verification"",""rule_ids"":""FIN-001"",""rule_status_used"":""CONFIRMED_POC"",""created_at"":""2026-09-27T14:59:47.253Z"",""superseded"":false,""id"":1,""createdAt"":""2026-09-27T13:51:02.537Z"",""updatedAt"":""2026-09-27T14:59:47.270Z""}",1213
EVT-AUTH-001-7-1790521189156,AUTH-001,1,2026-09-25T20:08:50.000Z,SBO.10,UTILITY_CHECK_COMPLETED,FINAL_VERIFICATION,,PASS,,F,Mock final verification result for AUTH-001,"{""result_id"":""RES-AUTH-001-7"",""case_run_id"":""AUTH-001"",""submission_version"":1,""sequence"":""7"",""agent_id"":""SBO.10"",""utility_name"":""Compliance Agent"",""check_type"":""FINAL_VERIFICATION"",""status"":""PASS"",""findings_json"":""{\""status\"":\""SUCCESSFUL\"",\""fraud_flag\"":false,\""manual_verification_required\"":false}"",""reason_codes"":""FINAL_VERIFICATION_SUCCESSFUL"",""evidence_references"":""Mock final verification result for AUTH-001"",""confidence"":""1"",""human_review_required"":false,""recommended_next_step"":""Apply final approval rule"",""rule_ids"":""CMP-001"",""rule_status_used"":""CONFIRMED_POC"",""created_at"":""2026-09-27T14:59:49.089Z"",""superseded"":false,""id"":1,""createdAt"":""2026-09-27T13:51:02.537Z"",""updatedAt"":""2026-09-27T14:59:49.108Z""}",1214
EVT-AUTH-001-1-1790553173819,AUTH-001,1,2026-09-25T20:08:50.000Z,SBO.05,UTILITY_CHECK_COMPLETED,DOCUMENT_EXTRACTION,,PASS,,,documents/AUTH-001,"{""result_id"":""RES-AUTH-001-1"",""case_run_id"":""AUTH-001"",""submission_version"":1,""sequence"":""1"",""agent_id"":""SBO.05"",""utility_name"":""Document Extraction Agent"",""check_type"":""DOCUMENT_EXTRACTION"",""status"":""PASS"",""findings_json"":""{\""documents_expected\"":3,\""documents_present\"":3,\""missing\"":[],\""all_readable\"":true}"",""reason_codes"":"""",""evidence_references"":""documents/AUTH-001"",""confidence"":""0.98"",""human_review_required"":false,""recommended_next_step"":""Continue to business validation"",""rule_ids"":"""",""rule_status_used"":""CONFIRMED_POC"",""created_at"":""2026-09-27T23:52:53.747Z"",""superseded"":false,""id"":1,""createdAt"":""2026-09-27T23:52:53.765Z"",""updatedAt"":""2026-09-27T23:52:53.765Z""}",1238
EVT-AUTH-001-2-1790553176979,AUTH-001,1,2026-09-25T20:08:50.000Z,SBO.06,UTILITY_CHECK_COMPLETED,BUSINESS_VALIDATION,,PASS,,B,Business_Register row for AU-DEMO-BIZ-1001,"{""result_id"":""RES-AUTH-001-2"",""case_run_id"":""AUTH-001"",""submission_version"":1,""sequence"":""2"",""agent_id"":""SBO.06"",""utility_name"":""Business Validation Utility"",""check_type"":""BUSINESS_VALIDATION"",""status"":""PASS"",""findings_json"":""{\""lookup_status\"":\""SUCCESS\"",\""registration_status\"":\""ACTIVE\"",\""name_match\"":true,\""identifier_match\"":true}"",""reason_codes"":""BUSINESS_ACTIVE"",""evidence_references"":""Business_Register row for AU-DEMO-BIZ-1001"",""confidence"":""1"",""human_review_required"":false,""recommended_next_step"":""Continue to identity validation"",""rule_ids"":""REG-001"",""rule_status_used"":""CONFIRMED_POC"",""created_at"":""2026-09-27T23:52:56.906Z"",""superseded"":false,""id"":1,""createdAt"":""2026-09-27T23:52:53.765Z"",""updatedAt"":""2026-09-27T23:52:56.927Z""}",1239
EVT-AUTH-001-3-1790553179198,AUTH-001,1,2026-09-25T20:08:50.000Z,SBO.07,UTILITY_CHECK_COMPLETED,IDENTITY_VALIDATION,,PASS,,I,documents/AUTH-001/AUTH-001_Identity_Profile.pdf,"{""result_id"":""RES-AUTH-001-3"",""case_run_id"":""AUTH-001"",""submission_version"":1,""sequence"":""3"",""agent_id"":""SBO.07"",""utility_name"":""Identity & Authority Agent"",""check_type"":""IDENTITY_VALIDATION"",""status"":""PASS"",""findings_json"":""{\""name_match\"":true,\""identity_status\"":\""VALID_SYNTHETIC\"",\""expired\"":false}"",""reason_codes"":""IDENTITY_VERIFIED"",""evidence_references"":""documents/AUTH-001/AUTH-001_Identity_Profile.pdf"",""confidence"":""0.97"",""human_review_required"":false,""recommended_next_step"":""Continue to authority validation"",""rule_ids"":""ID-001"",""rule_status_used"":""CONFIRMED_POC"",""created_at"":""2026-09-27T23:52:59.107Z"",""superseded"":false,""id"":1,""createdAt"":""2026-09-27T23:52:53.765Z"",""updatedAt"":""2026-09-27T23:52:59.126Z""}",1240
EVT-AUTH-001-4-1790553181989,AUTH-001,1,2026-09-25T20:08:50.000Z,SBO.07,UTILITY_CHECK_COMPLETED,AUTHORITY_VALIDATION,,PASS,,A,documents/AUTH-001/AUTH-001_AUTHORITY_LETTER.pdf,"{""result_id"":""RES-AUTH-001-4"",""case_run_id"":""AUTH-001"",""submission_version"":1,""sequence"":""4"",""agent_id"":""SBO.07"",""utility_name"":""Identity & Authority Agent"",""check_type"":""AUTHORITY_VALIDATION"",""status"":""PASS"",""findings_json"":""{\""representative_named\"":true,\""account_management\"":true,\""service_ordering\"":true,\""contract_signing\"":true,\""scope\"":\""CLEAR\""}"",""reason_codes"":""AUTHORITY_SCOPE_CLEAR"",""evidence_references"":""documents/AUTH-001/AUTH-001_AUTHORITY_LETTER.pdf"",""confidence"":""0.97"",""human_review_required"":false,""recommended_next_step"":""Continue to system-data check"",""rule_ids"":""AUTH-003"",""rule_status_used"":""CONFIRMED_POC"",""created_at"":""2026-09-27T23:53:01.925Z"",""superseded"":false,""id"":1,""createdAt"":""2026-09-27T23:52:53.765Z"",""updatedAt"":""2026-09-27T23:53:01.942Z""}",1241
EVT-AUTH-001-5-1790553184731,AUTH-001,1,2026-09-25T20:08:50.000Z,SBO.12,UTILITY_CHECK_COMPLETED,SYSTEM_DATA_CHECK,,PASS,,,CRM_Accounts record for CUST-DEMO-AU-1001,"{""result_id"":""RES-AUTH-001-5"",""case_run_id"":""AUTH-001"",""submission_version"":1,""sequence"":""5"",""agent_id"":""SBO.12"",""utility_name"":""System Data Check Agent"",""check_type"":""SYSTEM_DATA_CHECK"",""status"":""PASS"",""findings_json"":""{\""pid_count\"":1,\""legal_name_consistent\"":true,\""open_duplicate_request\"":false}"",""reason_codes"":"""",""evidence_references"":""CRM_Accounts record for CUST-DEMO-AU-1001"",""confidence"":""1"",""human_review_required"":false,""recommended_next_step"":""Continue to financial check"",""rule_ids"":"""",""rule_status_used"":""CONFIRMED_POC"",""created_at"":""2026-09-27T23:53:04.652Z"",""superseded"":false,""id"":1,""createdAt"":""2026-09-27T23:52:53.765Z"",""updatedAt"":""2026-09-27T23:53:04.677Z""}",1242
EVT-AUTH-001-6-1790553187254,AUTH-001,1,2026-09-25T20:08:50.000Z,SBO.09,UTILITY_CHECK_COMPLETED,FINANCIAL_CHECK,,PASS,,F,Financial_Records record(s) for CUST-DEMO-AU-1001,"{""result_id"":""RES-AUTH-001-6"",""case_run_id"":""AUTH-001"",""submission_version"":1,""sequence"":""6"",""agent_id"":""SBO.09"",""utility_name"":""Financial Checks Agent"",""check_type"":""FINANCIAL_CHECK"",""status"":""PASS"",""findings_json"":""{\""credit_hold\"":false,\""total_outstanding\"":0,\""policy_exception\"":false}"",""reason_codes"":""FINANCIAL_CHECK_CLEAR"",""evidence_references"":""Financial_Records record(s) for CUST-DEMO-AU-1001"",""confidence"":""1"",""human_review_required"":false,""recommended_next_step"":""Continue to final verification"",""rule_ids"":""FIN-001"",""rule_status_used"":""CONFIRMED_POC"",""created_at"":""2026-09-27T23:53:07.178Z"",""superseded"":false,""id"":1,""createdAt"":""2026-09-27T23:52:53.765Z"",""updatedAt"":""2026-09-27T23:53:07.201Z""}",1243
EVT-AUTH-001-7-1790553189196,AUTH-001,1,2026-09-25T20:08:50.000Z,SBO.10,UTILITY_CHECK_COMPLETED,FINAL_VERIFICATION,,PASS,,F,Mock final verification result for AUTH-001,"{""result_id"":""RES-AUTH-001-7"",""case_run_id"":""AUTH-001"",""submission_version"":1,""sequence"":""7"",""agent_id"":""SBO.10"",""utility_name"":""Compliance Agent"",""check_type"":""FINAL_VERIFICATION"",""status"":""PASS"",""findings_json"":""{\""status\"":\""SUCCESSFUL\"",\""fraud_flag\"":false,\""manual_verification_required\"":false}"",""reason_codes"":""FINAL_VERIFICATION_SUCCESSFUL"",""evidence_references"":""Mock final verification result for AUTH-001"",""confidence"":""1"",""human_review_required"":false,""recommended_next_step"":""Apply final approval rule"",""rule_ids"":""CMP-001"",""rule_status_used"":""CONFIRMED_POC"",""created_at"":""2026-09-27T23:53:09.101Z"",""superseded"":false,""id"":1,""createdAt"":""2026-09-27T23:52:53.765Z"",""updatedAt"":""2026-09-27T23:53:09.119Z""}",1244
EVT-AUTH-001-1-1790554165524,AUTH-001,1,2026-09-25T20:08:50.000Z,SBO.05,UTILITY_CHECK_COMPLETED,DOCUMENT_EXTRACTION,,PASS,,,documents/AUTH-001,"{""result_id"":""RES-AUTH-001-1"",""case_run_id"":""AUTH-001"",""submission_version"":1,""sequence"":""1"",""agent_id"":""SBO.05"",""utility_name"":""Document Extraction Agent"",""check_type"":""DOCUMENT_EXTRACTION"",""status"":""PASS"",""findings_json"":""{\""documents_expected\"":3,\""documents_present\"":3,\""missing\"":[],\""all_readable\"":true}"",""reason_codes"":"""",""evidence_references"":""documents/AUTH-001"",""confidence"":""0.98"",""human_review_required"":false,""recommended_next_step"":""Continue to business validation"",""rule_ids"":"""",""rule_status_used"":""CONFIRMED_POC"",""created_at"":""2026-09-28T00:09:25.435Z"",""superseded"":false,""id"":1,""createdAt"":""2026-09-28T00:09:25.453Z"",""updatedAt"":""2026-09-28T00:09:25.453Z""}",1254
EVT-AUTH-001-2-1790554167681,AUTH-001,1,2026-09-25T20:08:50.000Z,SBO.06,UTILITY_CHECK_COMPLETED,BUSINESS_VALIDATION,,PASS,,B,Business_Register row for AU-DEMO-BIZ-1001,"{""result_id"":""RES-AUTH-001-2"",""case_run_id"":""AUTH-001"",""submission_version"":1,""sequence"":""2"",""agent_id"":""SBO.06"",""utility_name"":""Business Validation Utility"",""check_type"":""BUSINESS_VALIDATION"",""status"":""PASS"",""findings_json"":""{\""lookup_status\"":\""SUCCESS\"",\""registration_status\"":\""ACTIVE\"",\""name_match\"":true,\""identifier_match\"":true}"",""reason_codes"":""BUSINESS_ACTIVE"",""evidence_references"":""Business_Register row for AU-DEMO-BIZ-1001"",""confidence"":""1"",""human_review_required"":false,""recommended_next_step"":""Continue to identity validation"",""rule_ids"":""REG-001"",""rule_status_used"":""CONFIRMED_POC"",""created_at"":""2026-09-28T00:09:27.601Z"",""superseded"":false,""id"":1,""createdAt"":""2026-09-28T00:09:25.453Z"",""updatedAt"":""2026-09-28T00:09:27.619Z""}",1255
EVT-AUTH-001-3-1790554171213,AUTH-001,1,2026-09-25T20:08:50.000Z,SBO.07,UTILITY_CHECK_COMPLETED,IDENTITY_VALIDATION,,PASS,,I,documents/AUTH-001/AUTH-001_Identity_Profile.pdf,"{""result_id"":""RES-AUTH-001-3"",""case_run_id"":""AUTH-001"",""submission_version"":1,""sequence"":""3"",""agent_id"":""SBO.07"",""utility_name"":""Identity & Authority Agent"",""check_type"":""IDENTITY_VALIDATION"",""status"":""PASS"",""findings_json"":""{\""name_match\"":true,\""identity_status\"":\""VALID_SYNTHETIC\"",\""expired\"":false}"",""reason_codes"":""IDENTITY_VERIFIED"",""evidence_references"":""documents/AUTH-001/AUTH-001_Identity_Profile.pdf"",""confidence"":""0.97"",""human_review_required"":false,""recommended_next_step"":""Continue to authority validation"",""rule_ids"":""ID-001"",""rule_status_used"":""CONFIRMED_POC"",""created_at"":""2026-09-28T00:09:31.142Z"",""superseded"":false,""id"":1,""createdAt"":""2026-09-28T00:09:25.453Z"",""updatedAt"":""2026-09-28T00:09:31.162Z""}",1256
EVT-AUTH-001-4-1790554175711,AUTH-001,1,2026-09-25T20:08:50.000Z,SBO.07,UTILITY_CHECK_COMPLETED,AUTHORITY_VALIDATION,,PASS,,A,documents/AUTH-001/AUTH-001_AUTHORITY_LETTER.pdf,"{""result_id"":""RES-AUTH-001-4"",""case_run_id"":""AUTH-001"",""submission_version"":1,""sequence"":""4"",""agent_id"":""SBO.07"",""utility_name"":""Identity & Authority Agent"",""check_type"":""AUTHORITY_VALIDATION"",""status"":""PASS"",""findings_json"":""{\""representative_named\"":true,\""account_management\"":true,\""service_ordering\"":true,\""contract_signing\"":true,\""scope\"":\""CLEAR\""}"",""reason_codes"":""AUTHORITY_SCOPE_CLEAR"",""evidence_references"":""documents/AUTH-001/AUTH-001_AUTHORITY_LETTER.pdf"",""confidence"":""0.97"",""human_review_required"":false,""recommended_next_step"":""Continue to system-data check"",""rule_ids"":""AUTH-003"",""rule_status_used"":""CONFIRMED_POC"",""created_at"":""2026-09-28T00:09:35.632Z"",""superseded"":false,""id"":1,""createdAt"":""2026-09-28T00:09:25.453Z"",""updatedAt"":""2026-09-28T00:09:35.654Z""}",1257
EVT-AUTH-001-5-1790554178258,AUTH-001,1,2026-09-25T20:08:50.000Z,SBO.12,UTILITY_CHECK_COMPLETED,SYSTEM_DATA_CHECK,,PASS,,,CRM_Accounts record for CUST-DEMO-AU-1001,"{""result_id"":""RES-AUTH-001-5"",""case_run_id"":""AUTH-001"",""submission_version"":1,""sequence"":""5"",""agent_id"":""SBO.12"",""utility_name"":""System Data Check Agent"",""check_type"":""SYSTEM_DATA_CHECK"",""status"":""PASS"",""findings_json"":""{\""pid_count\"":1,\""legal_name_consistent\"":true,\""open_duplicate_request\"":false}"",""reason_codes"":"""",""evidence_references"":""CRM_Accounts record for CUST-DEMO-AU-1001"",""confidence"":""1"",""human_review_required"":false,""recommended_next_step"":""Continue to financial check"",""rule_ids"":"""",""rule_status_used"":""CONFIRMED_POC"",""created_at"":""2026-09-28T00:09:38.175Z"",""superseded"":false,""id"":1,""createdAt"":""2026-09-28T00:09:25.453Z"",""updatedAt"":""2026-09-28T00:09:38.193Z""}",1258
EVT-AUTH-001-6-1790554180713,AUTH-001,1,2026-09-25T20:08:50.000Z,SBO.09,UTILITY_CHECK_COMPLETED,FINANCIAL_CHECK,,PASS,,F,Financial_Records record(s) for CUST-DEMO-AU-1001,"{""result_id"":""RES-AUTH-001-6"",""case_run_id"":""AUTH-001"",""submission_version"":1,""sequence"":""6"",""agent_id"":""SBO.09"",""utility_name"":""Financial Checks Agent"",""check_type"":""FINANCIAL_CHECK"",""status"":""PASS"",""findings_json"":""{\""credit_hold\"":false,\""total_outstanding\"":0,\""policy_exception\"":false}"",""reason_codes"":""FINANCIAL_CHECK_CLEAR"",""evidence_references"":""Financial_Records record(s) for CUST-DEMO-AU-1001"",""confidence"":""1"",""human_review_required"":false,""recommended_next_step"":""Continue to final verification"",""rule_ids"":""FIN-001"",""rule_status_used"":""CONFIRMED_POC"",""created_at"":""2026-09-28T00:09:40.604Z"",""superseded"":false,""id"":1,""createdAt"":""2026-09-28T00:09:25.453Z"",""updatedAt"":""2026-09-28T00:09:40.627Z""}",1259
EVT-AUTH-001-7-1790554182637,AUTH-001,1,2026-09-25T20:08:50.000Z,SBO.10,UTILITY_CHECK_COMPLETED,FINAL_VERIFICATION,,PASS,,F,Mock final verification result for AUTH-001,"{""result_id"":""RES-AUTH-001-7"",""case_run_id"":""AUTH-001"",""submission_version"":1,""sequence"":""7"",""agent_id"":""SBO.10"",""utility_name"":""Compliance Agent"",""check_type"":""FINAL_VERIFICATION"",""status"":""PASS"",""findings_json"":""{\""status\"":\""SUCCESSFUL\"",\""fraud_flag\"":false,\""manual_verification_required\"":false}"",""reason_codes"":""FINAL_VERIFICATION_SUCCESSFUL"",""evidence_references"":""Mock final verification result for AUTH-001"",""confidence"":""1"",""human_review_required"":false,""recommended_next_step"":""Apply final approval rule"",""rule_ids"":""CMP-001"",""rule_status_used"":""CONFIRMED_POC"",""created_at"":""2026-09-28T00:09:42.536Z"",""superseded"":false,""id"":1,""createdAt"":""2026-09-28T00:09:25.453Z"",""updatedAt"":""2026-09-28T00:09:42.555Z""}",1260
EVT-SYSTEM-ERROR-1790555812216,SYSTEM,0,2026-09-28T00:36:52.216Z,N8N,WORKFLOW_ERROR,90 - Finalize Decision,,ERROR,,WORKFLOW_EXECUTION_ERROR,https://pocagents.app.n8n.cloud/workflow/BJJe7zfswrbX8twx/executions/1273,"{""workflow_id"":""BJJe7zfswrbX8twx"",""workflow_name"":""90 - Finalize Decision"",""execution_id"":""1273"",""execution_mode"":""integrated"",""retry_of"":"""",""last_node_executed"":""Get Runtime Utility Results"",""error_message"":""Validation error with data table request: value 'NaN' does not match column type 'number': 'submission_version' expects a number but we got 'NaN'"",""error_stack"":""Error: Validation error with data table request: value 'NaN' does not match column type 'number': 'submission_version' expects a number but we got 'NaN'\n    at DataTableService.validateAndTransformCell (/usr/local/lib/node_modules/n8n/src/modules/data-table/data-table.service.ts:725:10)\n    at /usr/local/lib/node_modules/n8n/src/modules/data-table/data-table.service.ts:694:32\n    at Array.map (<anonymous>)\n    at DataTableService.validateAndTransformRows (/usr/local/lib/node_modules/n8n/src/modules/data-table/data-table.service.ts:687:15)\n    at DataTableService.validateAndTransformFilters (/usr/local/lib/node_modules/n8n/src/modules/data-table/data-table.service.ts:795:32)\n    at /usr/local/lib/node_modules/n8n/src/modules/data-table/data-table.service.ts:339:30\n    at EntityManager.transaction (/usr/local/lib/node_modules/n8n/node_modules/.pnpm/@n8n+typeorm@file++++home+runner+_work+n8n+n8n+packages+@n8n+typeorm/node_modules/@n8n/typeorm/dist/entity-manager/EntityManager.js:70:28)\n    at DataTableService.getManyRowsAndCount (/usr/local/lib/node_modules/n8n/src/modules/data-table/data-table.service.ts:336:10)\n    at Object.getManyRowsAndCount (/usr/local/lib/node_modules/n8n/src/modules/data-table/data-table-proxy.service.ts:316:12)\n    at executeSelectMany (/usr/local/lib/node_modules/n8n/node_modules/.pnpm/n8n-nodes-base@file++++home+runner+_work+n8n+n8n+packages+nodes-base/node_modules/n8n-nodes-base/nodes/DataTable/common/selectMany.ts:205:27)\n    at ExecuteContext.execute (/usr/local/lib/node_modules/n8n/node_modules/.pnpm/n8n-nodes-base@file++++home+runner+_work+n8n+n8n+packages+nodes-base/node_modules/n8n-nodes-base/nodes/DataTable/actions/row/get.operation.ts:128:9)\n    at ExecuteContext.router (/usr/local/lib/node_modules/n8n/node_modules/.pnpm/n8n-nodes-base@file++++home+runner+_work+n8n+n8n+packages+nodes-base/node_modules/n8n-nodes-base/nodes/DataTable/actions/router.ts:99:20)\n    at ExecuteContext.execute (/usr/local/lib/node_modules/n8n/node_modules/.pnpm/n8n-nodes-base@file++++home+runner+_work+n8n+n8n+packages+nodes-base/node_modules/n8n-nodes-base/nodes/DataTable/DataTable.node.ts:111:10)\n    at WorkflowExecute.executeNode (/usr/local/lib/node_modules/n8n/node_modules/.pnpm/n8n-core@file++++home+runner+_work+n8n+n8n+packages+core/node_modules/n8n-core/src/execution-engine/workflow-execute.ts:1129:8)\n    at WorkflowExecute.runNode (/usr/local/lib/node_modules/n8n/node_modules/.pnpm/n8n-core@file++++home+runner+_work+n8n+n8n+packages+core/node_modules/n8n-core/src/execution-engine/workflow-execute.ts:1431:11)\n    at /usr/local/lib/node_modules/n8n/node_modules/.pnpm/n8n-core@file++++home+runner+_work+n8n+n8n+packages+core/node_modules/n8n-core/src/execution-engine/workflow-execute.ts:2333:27\n    at /usr/local/lib/node_modules/n8n/node_modules/.pnpm/n8n-core@file++++home+runner+_work+n8n+n8n+packages+core/node_modules/n8n-core/src/execution-engine/workflow-execute.ts:2814:11"",""trigger_error"":false}",1273
EVT-AUTH-003-1-1790557707608,AUTH-003,1,2026-09-25T20:08:50.000Z,SBO.05,UTILITY_CHECK_COMPLETED,DOCUMENT_EXTRACTION,,PASS,,,documents/AUTH-003,"{""result_id"":""RES-AUTH-003-1"",""case_run_id"":""AUTH-003"",""submission_version"":1,""sequence"":""1"",""agent_id"":""SBO.05"",""utility_name"":""Document Extraction Agent"",""check_type"":""DOCUMENT_EXTRACTION"",""status"":""PASS"",""findings_json"":""{\""documents_expected\"":3,\""documents_present\"":3,\""missing\"":[],\""all_readable\"":true}"",""reason_codes"":"""",""evidence_references"":""documents/AUTH-003"",""confidence"":""0.98"",""human_review_required"":false,""recommended_next_step"":""Continue to business validation"",""rule_ids"":"""",""rule_status_used"":""CONFIRMED_POC"",""created_at"":""2026-09-28T01:08:27.526Z"",""superseded"":false,""id"":1,""createdAt"":""2026-09-28T01:08:27.546Z"",""updatedAt"":""2026-09-28T01:08:27.546Z""}",1276
EVT-AUTH-003-2-1790557711413,AUTH-003,1,2026-09-25T20:08:50.000Z,SBO.06,UTILITY_CHECK_COMPLETED,BUSINESS_VALIDATION,,PASS,,B,Business_Register row for AU-DEMO-BIZ-1002,"{""result_id"":""RES-AUTH-003-2"",""case_run_id"":""AUTH-003"",""submission_version"":1,""sequence"":""2"",""agent_id"":""SBO.06"",""utility_name"":""Business Validation Utility"",""check_type"":""BUSINESS_VALIDATION"",""status"":""PASS"",""findings_json"":""{\""lookup_status\"":\""SUCCESS\"",\""registration_status\"":\""ACTIVE\"",\""name_match\"":true,\""identifier_match\"":true}"",""reason_codes"":""BUSINESS_ACTIVE"",""evidence_references"":""Business_Register row for AU-DEMO-BIZ-1002"",""confidence"":""1"",""human_review_required"":false,""recommended_next_step"":""Continue to identity validation"",""rule_ids"":""REG-001"",""rule_status_used"":""CONFIRMED_POC"",""created_at"":""2026-09-28T01:08:31.321Z"",""superseded"":false,""id"":1,""createdAt"":""2026-09-28T01:08:27.546Z"",""updatedAt"":""2026-09-28T01:08:31.339Z""}",1277
EVT-AUTH-003-3-1790557713225,AUTH-003,1,2026-09-25T20:08:50.000Z,SBO.07,UTILITY_CHECK_COMPLETED,IDENTITY_VALIDATION,,PASS,,I,documents/AUTH-003/AUTH-003_Identity_Profile.pdf,"{""result_id"":""RES-AUTH-003-3"",""case_run_id"":""AUTH-003"",""submission_version"":1,""sequence"":""3"",""agent_id"":""SBO.07"",""utility_name"":""Identity & Authority Agent"",""check_type"":""IDENTITY_VALIDATION"",""status"":""PASS"",""findings_json"":""{\""name_match\"":true,\""identity_status\"":\""VALID_SYNTHETIC\"",\""expired\"":false}"",""reason_codes"":""IDENTITY_VERIFIED"",""evidence_references"":""documents/AUTH-003/AUTH-003_Identity_Profile.pdf"",""confidence"":""0.97"",""human_review_required"":false,""recommended_next_step"":""Continue to authority validation"",""rule_ids"":""ID-001"",""rule_status_used"":""CONFIRMED_POC"",""created_at"":""2026-09-28T01:08:33.148Z"",""superseded"":false,""id"":1,""createdAt"":""2026-09-28T01:08:27.546Z"",""updatedAt"":""2026-09-28T01:08:33.166Z""}",1278
EVT-AUTH-003-4-1790557715666,AUTH-003,1,2026-09-25T20:08:50.000Z,SBO.07,UTILITY_CHECK_COMPLETED,AUTHORITY_VALIDATION,,INCONCLUSIVE,,A,documents/AUTH-003/AUTH-003_AUTHORITY_LETTER.pdf,"{""result_id"":""RES-AUTH-003-4"",""case_run_id"":""AUTH-003"",""submission_version"":1,""sequence"":""4"",""agent_id"":""SBO.07"",""utility_name"":""Identity & Authority Agent"",""check_type"":""AUTHORITY_VALIDATION"",""status"":""INCONCLUSIVE"",""findings_json"":""{\""representative_named\"":true,\""account_enquiries\"":true,\""service_ordering\"":false,\""contract_signing\"":false,\""scope\"":\""AMBIGUOUS\""}"",""reason_codes"":""AUTHORITY_SCOPE_AMBIGUOUS"",""evidence_references"":""documents/AUTH-003/AUTH-003_AUTHORITY_LETTER.pdf"",""confidence"":""0.94"",""human_review_required"":false,""recommended_next_step"":""Route to Authority Review"",""rule_ids"":""AUTH-004"",""rule_status_used"":""CONFIRMED_POC"",""created_at"":""2026-09-28T01:08:35.588Z"",""superseded"":false,""id"":1,""createdAt"":""2026-09-28T01:08:27.546Z"",""updatedAt"":""2026-09-28T01:08:35.609Z""}",1279
EVT-AUTH-003-1-1790560093724,AUTH-003,1,2026-09-25T20:08:50.000Z,SBO.05,UTILITY_CHECK_COMPLETED,DOCUMENT_EXTRACTION,,PASS,,,documents/AUTH-003,"{""result_id"":""RES-AUTH-003-1"",""case_run_id"":""AUTH-003"",""submission_version"":1,""sequence"":""1"",""agent_id"":""SBO.05"",""utility_name"":""Document Extraction Agent"",""check_type"":""DOCUMENT_EXTRACTION"",""status"":""PASS"",""findings_json"":""{\""documents_expected\"":3,\""documents_present\"":3,\""missing\"":[],\""all_readable\"":true}"",""reason_codes"":"""",""evidence_references"":""documents/AUTH-003"",""confidence"":""0.98"",""human_review_required"":false,""recommended_next_step"":""Continue to business validation"",""rule_ids"":"""",""rule_status_used"":""CONFIRMED_POC"",""created_at"":""2026-09-28T01:48:13.638Z"",""superseded"":false,""id"":1,""createdAt"":""2026-09-28T01:48:13.657Z"",""updatedAt"":""2026-09-28T01:48:13.657Z""}",1282
EVT-AUTH-003-2-1790560096258,AUTH-003,1,2026-09-25T20:08:50.000Z,SBO.06,UTILITY_CHECK_COMPLETED,BUSINESS_VALIDATION,,PASS,,B,Business_Register row for AU-DEMO-BIZ-1002,"{""result_id"":""RES-AUTH-003-2"",""case_run_id"":""AUTH-003"",""submission_version"":1,""sequence"":""2"",""agent_id"":""SBO.06"",""utility_name"":""Business Validation Utility"",""check_type"":""BUSINESS_VALIDATION"",""status"":""PASS"",""findings_json"":""{\""lookup_status\"":\""SUCCESS\"",\""registration_status\"":\""ACTIVE\"",\""name_match\"":true,\""identifier_match\"":true}"",""reason_codes"":""BUSINESS_ACTIVE"",""evidence_references"":""Business_Register row for AU-DEMO-BIZ-1002"",""confidence"":""1"",""human_review_required"":false,""recommended_next_step"":""Continue to identity validation"",""rule_ids"":""REG-001"",""rule_status_used"":""CONFIRMED_POC"",""created_at"":""2026-09-28T01:48:16.169Z"",""superseded"":false,""id"":2,""createdAt"":""2026-09-28T01:48:16.189Z"",""updatedAt"":""2026-09-28T01:48:16.189Z""}",1283
EVT-AUTH-003-3-1790560098670,AUTH-003,1,2026-09-25T20:08:50.000Z,SBO.07,UTILITY_CHECK_COMPLETED,IDENTITY_VALIDATION,,PASS,,I,documents/AUTH-003/AUTH-003_Identity_Profile.pdf,"{""result_id"":""RES-AUTH-003-3"",""case_run_id"":""AUTH-003"",""submission_version"":1,""sequence"":""3"",""agent_id"":""SBO.07"",""utility_name"":""Identity & Authority Agent"",""check_type"":""IDENTITY_VALIDATION"",""status"":""PASS"",""findings_json"":""{\""name_match\"":true,\""identity_status\"":\""VALID_SYNTHETIC\"",\""expired\"":false}"",""reason_codes"":""IDENTITY_VERIFIED"",""evidence_references"":""documents/AUTH-003/AUTH-003_Identity_Profile.pdf"",""confidence"":""0.97"",""human_review_required"":false,""recommended_next_step"":""Continue to authority validation"",""rule_ids"":""ID-001"",""rule_status_used"":""CONFIRMED_POC"",""created_at"":""2026-09-28T01:48:18.581Z"",""superseded"":false,""id"":3,""createdAt"":""2026-09-28T01:48:18.600Z"",""updatedAt"":""2026-09-28T01:48:18.600Z""}",1284
EVT-AUTH-003-4-1790560101297,AUTH-003,1,2026-09-25T20:08:50.000Z,SBO.07,UTILITY_CHECK_COMPLETED,AUTHORITY_VALIDATION,,INCONCLUSIVE,,A,documents/AUTH-003/AUTH-003_AUTHORITY_LETTER.pdf,"{""result_id"":""RES-AUTH-003-4"",""case_run_id"":""AUTH-003"",""submission_version"":1,""sequence"":""4"",""agent_id"":""SBO.07"",""utility_name"":""Identity & Authority Agent"",""check_type"":""AUTHORITY_VALIDATION"",""status"":""INCONCLUSIVE"",""findings_json"":""{\""representative_named\"":true,\""account_enquiries\"":true,\""service_ordering\"":false,\""contract_signing\"":false,\""scope\"":\""AMBIGUOUS\""}"",""reason_codes"":""AUTHORITY_SCOPE_AMBIGUOUS"",""evidence_references"":""documents/AUTH-003/AUTH-003_AUTHORITY_LETTER.pdf"",""confidence"":""0.94"",""human_review_required"":false,""recommended_next_step"":""Route to Authority Review"",""rule_ids"":""AUTH-004"",""rule_status_used"":""CONFIRMED_POC"",""created_at"":""2026-09-28T01:48:21.207Z"",""superseded"":false,""id"":4,""createdAt"":""2026-09-28T01:48:21.228Z"",""updatedAt"":""2026-09-28T01:48:21.228Z""}",1285
EVT-SYSTEM-ERROR-1790560852518,SYSTEM,0,2026-09-28T02:00:52.518Z,N8N,WORKFLOW_ERROR,90 - Finalize Decision,,ERROR,,WORKFLOW_EXECUTION_ERROR,https://pocagents.app.n8n.cloud/workflow/BJJe7zfswrbX8twx/executions/1293,"{""workflow_id"":""BJJe7zfswrbX8twx"",""workflow_name"":""90 - Finalize Decision"",""execution_id"":""1293"",""execution_mode"":""integrated"",""retry_of"":"""",""last_node_executed"":""Prepare Result Source"",""error_message"":""Node 'Prepare Result Source' hasn't been executed"",""error_stack"":""NodeOperationError: Node 'Prepare Result Source' hasn't been executed\n    at ExecuteContext.execute (/usr/local/lib/node_modules/n8n/node_modules/.pnpm/n8n-nodes-base@file++++home+runner+_work+n8n+n8n+packages+nodes-base/node_modules/n8n-nodes-base/nodes/Set/v2/manual.mode.ts:243:9)\n    at ExecuteContext.execute (/usr/local/lib/node_modules/n8n/node_modules/.pnpm/n8n-nodes-base@file++++home+runner+_work+n8n+n8n+packages+nodes-base/node_modules/n8n-nodes-base/nodes/Set/v2/SetV2.node.ts:352:48)\n    at WorkflowExecute.executeNode (/usr/local/lib/node_modules/n8n/node_modules/.pnpm/n8n-core@file++++home+runner+_work+n8n+n8n+packages+core/node_modules/n8n-core/src/execution-engine/workflow-execute.ts:1129:31)\n    at WorkflowExecute.runNode (/usr/local/lib/node_modules/n8n/node_modules/.pnpm/n8n-core@file++++home+runner+_work+n8n+n8n+packages+core/node_modules/n8n-core/src/execution-engine/workflow-execute.ts:1431:22)\n    at /usr/local/lib/node_modules/n8n/node_modules/.pnpm/n8n-core@file++++home+runner+_work+n8n+n8n+packages+core/node_modules/n8n-core/src/execution-engine/workflow-execute.ts:2333:38\n    at /usr/local/lib/node_modules/n8n/node_modules/.pnpm/n8n-core@file++++home+runner+_work+n8n+n8n+packages+core/node_modules/n8n-core/src/execution-engine/workflow-execute.ts:2814:11"",""trigger_error"":false}",1293
EVT-SYSTEM-ERROR-1790560887794,SYSTEM,0,2026-09-28T02:01:27.794Z,N8N,WORKFLOW_ERROR,90 - Finalize Decision,,ERROR,,WORKFLOW_EXECUTION_ERROR,https://pocagents.app.n8n.cloud/workflow/BJJe7zfswrbX8twx/executions/1296,"{""workflow_id"":""BJJe7zfswrbX8twx"",""workflow_name"":""90 - Finalize Decision"",""execution_id"":""1296"",""execution_mode"":""integrated"",""retry_of"":"""",""last_node_executed"":""Prepare Result Source"",""error_message"":""Node 'Prepare Result Source' hasn't been executed"",""error_stack"":""NodeOperationError: Node 'Prepare Result Source' hasn't been executed\n    at ExecuteContext.execute (/usr/local/lib/node_modules/n8n/node_modules/.pnpm/n8n-nodes-base@file++++home+runner+_work+n8n+n8n+packages+nodes-base/node_modules/n8n-nodes-base/nodes/Set/v2/manual.mode.ts:243:9)\n    at ExecuteContext.execute (/usr/local/lib/node_modules/n8n/node_modules/.pnpm/n8n-nodes-base@file++++home+runner+_work+n8n+n8n+packages+nodes-base/node_modules/n8n-nodes-base/nodes/Set/v2/SetV2.node.ts:352:48)\n    at WorkflowExecute.executeNode (/usr/local/lib/node_modules/n8n/node_modules/.pnpm/n8n-core@file++++home+runner+_work+n8n+n8n+packages+core/node_modules/n8n-core/src/execution-engine/workflow-execute.ts:1129:31)\n    at WorkflowExecute.runNode (/usr/local/lib/node_modules/n8n/node_modules/.pnpm/n8n-core@file++++home+runner+_work+n8n+n8n+packages+core/node_modules/n8n-core/src/execution-engine/workflow-execute.ts:1431:22)\n    at /usr/local/lib/node_modules/n8n/node_modules/.pnpm/n8n-core@file++++home+runner+_work+n8n+n8n+packages+core/node_modules/n8n-core/src/execution-engine/workflow-execute.ts:2333:38\n    at /usr/local/lib/node_modules/n8n/node_modules/.pnpm/n8n-core@file++++home+runner+_work+n8n+n8n+packages+core/node_modules/n8n-core/src/execution-engine/workflow-execute.ts:2814:11"",""trigger_error"":false}",1296
EVT-AUTH-003-1-1790561059654,AUTH-003,1,2026-09-25T20:08:50.000Z,SBO.05,UTILITY_CHECK_COMPLETED,DOCUMENT_EXTRACTION,,PASS,,,documents/AUTH-003,"{""result_id"":""RES-AUTH-003-1"",""case_run_id"":""AUTH-003"",""submission_version"":1,""sequence"":""1"",""agent_id"":""SBO.05"",""utility_name"":""Document Extraction Agent"",""check_type"":""DOCUMENT_EXTRACTION"",""status"":""PASS"",""findings_json"":""{\""documents_expected\"":3,\""documents_present\"":3,\""missing\"":[],\""all_readable\"":true}"",""reason_codes"":"""",""evidence_references"":""documents/AUTH-003"",""confidence"":""0.98"",""human_review_required"":false,""recommended_next_step"":""Continue to business validation"",""rule_ids"":"""",""rule_status_used"":""CONFIRMED_POC"",""created_at"":""2026-09-28T02:04:19.575Z"",""superseded"":false,""id"":1,""createdAt"":""2026-09-28T02:04:19.593Z"",""updatedAt"":""2026-09-28T02:04:19.593Z""}",1302
EVT-AUTH-003-2-1790561065196,AUTH-003,1,2026-09-25T20:08:50.000Z,SBO.06,UTILITY_CHECK_COMPLETED,BUSINESS_VALIDATION,,PASS,,B,Business_Register row for AU-DEMO-BIZ-1002,"{""result_id"":""RES-AUTH-003-2"",""case_run_id"":""AUTH-003"",""submission_version"":1,""sequence"":""2"",""agent_id"":""SBO.06"",""utility_name"":""Business Validation Utility"",""check_type"":""BUSINESS_VALIDATION"",""status"":""PASS"",""findings_json"":""{\""lookup_status\"":\""SUCCESS\"",\""registration_status\"":\""ACTIVE\"",\""name_match\"":true,\""identifier_match\"":true}"",""reason_codes"":""BUSINESS_ACTIVE"",""evidence_references"":""Business_Register row for AU-DEMO-BIZ-1002"",""confidence"":""1"",""human_review_required"":false,""recommended_next_step"":""Continue to identity validation"",""rule_ids"":""REG-001"",""rule_status_used"":""CONFIRMED_POC"",""created_at"":""2026-09-28T02:04:25.121Z"",""superseded"":false,""id"":2,""createdAt"":""2026-09-28T02:04:25.140Z"",""updatedAt"":""2026-09-28T02:04:25.140Z""}",1303
EVT-AUTH-003-3-1790561069701,AUTH-003,1,2026-09-25T20:08:50.000Z,SBO.07,UTILITY_CHECK_COMPLETED,IDENTITY_VALIDATION,,PASS,,I,documents/AUTH-003/AUTH-003_Identity_Profile.pdf,"{""result_id"":""RES-AUTH-003-3"",""case_run_id"":""AUTH-003"",""submission_version"":1,""sequence"":""3"",""agent_id"":""SBO.07"",""utility_name"":""Identity & Authority Agent"",""check_type"":""IDENTITY_VALIDATION"",""status"":""PASS"",""findings_json"":""{\""name_match\"":true,\""identity_status\"":\""VALID_SYNTHETIC\"",\""expired\"":false}"",""reason_codes"":""IDENTITY_VERIFIED"",""evidence_references"":""documents/AUTH-003/AUTH-003_Identity_Profile.pdf"",""confidence"":""0.97"",""human_review_required"":false,""recommended_next_step"":""Continue to authority validation"",""rule_ids"":""ID-001"",""rule_status_used"":""CONFIRMED_POC"",""created_at"":""2026-09-28T02:04:29.605Z"",""superseded"":false,""id"":3,""createdAt"":""2026-09-28T02:04:29.622Z"",""updatedAt"":""2026-09-28T02:04:29.622Z""}",1304
EVT-AUTH-003-4-1790561073347,AUTH-003,1,2026-09-25T20:08:50.000Z,SBO.07,UTILITY_CHECK_COMPLETED,AUTHORITY_VALIDATION,,INCONCLUSIVE,,A,documents/AUTH-003/AUTH-003_AUTHORITY_LETTER.pdf,"{""result_id"":""RES-AUTH-003-4"",""case_run_id"":""AUTH-003"",""submission_version"":1,""sequence"":""4"",""agent_id"":""SBO.07"",""utility_name"":""Identity & Authority Agent"",""check_type"":""AUTHORITY_VALIDATION"",""status"":""INCONCLUSIVE"",""findings_json"":""{\""representative_named\"":true,\""account_enquiries\"":true,\""service_ordering\"":false,\""contract_signing\"":false,\""scope\"":\""AMBIGUOUS\""}"",""reason_codes"":""AUTHORITY_SCOPE_AMBIGUOUS"",""evidence_references"":""documents/AUTH-003/AUTH-003_AUTHORITY_LETTER.pdf"",""confidence"":""0.94"",""human_review_required"":false,""recommended_next_step"":""Route to Authority Review"",""rule_ids"":""AUTH-004"",""rule_status_used"":""CONFIRMED_POC"",""created_at"":""2026-09-28T02:04:33.272Z"",""superseded"":false,""id"":4,""createdAt"":""2026-09-28T02:04:33.291Z"",""updatedAt"":""2026-09-28T02:04:33.291Z""}",1305
EVT-AUTH-003-EVIDENCE-RECEIVED-1790561259735,AUTH-003,1,2026-09-28T02:07:39.749Z,CUSTOMER_SYNTHETIC,ADDITIONAL_EVIDENCE_RECEIVED,EVIDENCE_COLLECTION,WAITING_FOR_EVIDENCE,EVIDENCE_RECEIVED,,CUSTOMER_TEXT_EVIDENCE_RECEIVED,EVIDENCE-AUTH-003-1790561259441,"{""evidence_id"":""EVIDENCE-AUTH-003-1790561259441"",""evidence_request_id"":""EVID-AUTH-003-V1-1790561117303"",""case_run_id"":""AUTH-003"",""submission_version"":1,""evidence_type"":""AUTHORITY_CLARIFICATION"",""evidence_source"":""CHAT_TEXT"",""file_name"":"""",""mime_type"":""text/plain"",""storage_url"":"""",""evidence_text"":""Authority clarification for AUTH-003\n\nBluegum Vector Demo Pty Ltd, business identifier AU-DEMO-BIZ-1002, authorises Liam Chen to act on behalf of the company for telecommunications-related activities.\n\nThe authorised scope explicitly includes:\n\nordering new telecommunications services;\napproving commercial commitments associated with those services;\nrequesting and approving service or plan changes; and\nexecuting and signing telecommunications service agreements on behalf of Bluegum Vector Demo Pty Ltd.\n\nThis authority applies to the current authorised-representative request and remains valid for the period covered by the submitted authority documentation."",""structured_data_json"":""{\""originating_check_type\"":\""AUTHORITY_VALIDATION\""}"",""validation_status"":""RECEIVED"",""confidence"":0,""provided_at"":""2026-09-28T02:07:39.441Z"",""superseded"":false}",1301
EVT-AUTH-003-EVIDENCE-RESOLUTION-1790561546603,AUTH-003,1,2026-09-28T02:12:26.606Z,SBO.02,ADDITIONAL_EVIDENCE_REQUIRED,EVIDENCE_RESOLUTION,RECEIVED,INSUFFICIENT,EVID-002,ADDITIONAL_EVIDENCE_INSUFFICIENT,EVIDENCE-AUTH-003-1790561259441,"{""result_id"":""RES-AUTH-003-V1-AUTHORITY_VALIDATION"",""case_run_id"":""AUTH-003"",""submission_version"":1,""sequence"":4,""agent_id"":""SBO.02"",""utility_name"":""Evidence Resolution Utility"",""check_type"":""AUTHORITY_VALIDATION"",""status"":""INCONCLUSIVE"",""findings"":{""evidence_resolution"":true,""evidence_request_id"":""EVID-AUTH-003-V1-1790561117303"",""resolution_status"":""INSUFFICIENT"",""resolved"":false,""supported_facts"":[],""remaining_gaps"":[],""evidence_count"":1},""reason_codes"":[""ADDITIONAL_EVIDENCE_INSUFFICIENT""],""evidence_references"":[""EVIDENCE-AUTH-003-1790561259441""],""confidence"":0,""human_review_required"":false,""recommended_next_step"":""Request the specific remaining evidence and keep the case open."",""rule_ids"":[""EVID-002""],""rule_status_used"":""CONFIRMED_POC"",""is_terminal"":true,""terminal_outcome"":""NEED_MORE_INFORMATION"",""evidence_request_id"":""EVID-AUTH-003-V1-1790561117303"",""resolution_status"":""INSUFFICIENT"",""current_attempt_count"":1,""max_attempts"":3,""retry_allowed"":true,""escalation_required"":false,""evidence_request_status"":""INSUFFICIENT""}",1310
EVT-AUTH-003-1-1790568435817,AUTH-003,1,2026-09-25T20:08:50.000Z,SBO.05,UTILITY_CHECK_COMPLETED,DOCUMENT_EXTRACTION,,PASS,,,documents/AUTH-003,"{""result_id"":""RES-AUTH-003-1"",""case_run_id"":""AUTH-003"",""submission_version"":1,""sequence"":""1"",""agent_id"":""SBO.05"",""utility_name"":""Document Extraction Agent"",""check_type"":""DOCUMENT_EXTRACTION"",""status"":""PASS"",""findings_json"":""{\""documents_expected\"":3,\""documents_present\"":3,\""missing\"":[],\""all_readable\"":true}"",""reason_codes"":"""",""evidence_references"":""documents/AUTH-003"",""confidence"":""0.98"",""human_review_required"":false,""recommended_next_step"":""Continue to business validation"",""rule_ids"":"""",""rule_status_used"":""CONFIRMED_POC"",""created_at"":""2026-09-28T04:07:15.741Z"",""superseded"":false,""id"":1,""createdAt"":""2026-09-28T04:07:15.764Z"",""updatedAt"":""2026-09-28T04:07:15.764Z""}",1318
EVT-AUTH-003-2-1790568438268,AUTH-003,1,2026-09-25T20:08:50.000Z,SBO.06,UTILITY_CHECK_COMPLETED,BUSINESS_VALIDATION,,PASS,,B,Business_Register row for AU-DEMO-BIZ-1002,"{""result_id"":""RES-AUTH-003-2"",""case_run_id"":""AUTH-003"",""submission_version"":1,""sequence"":""2"",""agent_id"":""SBO.06"",""utility_name"":""Business Validation Utility"",""check_type"":""BUSINESS_VALIDATION"",""status"":""PASS"",""findings_json"":""{\""lookup_status\"":\""SUCCESS\"",\""registration_status\"":\""ACTIVE\"",\""name_match\"":true,\""identifier_match\"":true}"",""reason_codes"":""BUSINESS_ACTIVE"",""evidence_references"":""Business_Register row for AU-DEMO-BIZ-1002"",""confidence"":""1"",""human_review_required"":false,""recommended_next_step"":""Continue to identity validation"",""rule_ids"":""REG-001"",""rule_status_used"":""CONFIRMED_POC"",""created_at"":""2026-09-28T04:07:18.194Z"",""superseded"":false,""id"":2,""createdAt"":""2026-09-28T04:07:18.213Z"",""updatedAt"":""2026-09-28T04:07:18.213Z""}",1319
EVT-AUTH-003-3-1790568441473,AUTH-003,1,2026-09-25T20:08:50.000Z,SBO.07,UTILITY_CHECK_COMPLETED,IDENTITY_VALIDATION,,PASS,,I,documents/AUTH-003/AUTH-003_Identity_Profile.pdf,"{""result_id"":""RES-AUTH-003-3"",""case_run_id"":""AUTH-003"",""submission_version"":1,""sequence"":""3"",""agent_id"":""SBO.07"",""utility_name"":""Identity & Authority Agent"",""check_type"":""IDENTITY_VALIDATION"",""status"":""PASS"",""findings_json"":""{\""name_match\"":true,\""identity_status\"":\""VALID_SYNTHETIC\"",\""expired\"":false}"",""reason_codes"":""IDENTITY_VERIFIED"",""evidence_references"":""documents/AUTH-003/AUTH-003_Identity_Profile.pdf"",""confidence"":""0.97"",""human_review_required"":false,""recommended_next_step"":""Continue to authority validation"",""rule_ids"":""ID-001"",""rule_status_used"":""CONFIRMED_POC"",""created_at"":""2026-09-28T04:07:21.391Z"",""superseded"":false,""id"":3,""createdAt"":""2026-09-28T04:07:21.413Z"",""updatedAt"":""2026-09-28T04:07:21.413Z""}",1320
EVT-AUTH-003-4-1790568443830,AUTH-003,1,2026-09-25T20:08:50.000Z,SBO.07,UTILITY_CHECK_COMPLETED,AUTHORITY_VALIDATION,,INCONCLUSIVE,,A,documents/AUTH-003/AUTH-003_AUTHORITY_LETTER.pdf,"{""result_id"":""RES-AUTH-003-4"",""case_run_id"":""AUTH-003"",""submission_version"":1,""sequence"":""4"",""agent_id"":""SBO.07"",""utility_name"":""Identity & Authority Agent"",""check_type"":""AUTHORITY_VALIDATION"",""status"":""INCONCLUSIVE"",""findings_json"":""{\""representative_named\"":true,\""account_enquiries\"":true,\""service_ordering\"":false,\""contract_signing\"":false,\""scope\"":\""AMBIGUOUS\""}"",""reason_codes"":""AUTHORITY_SCOPE_AMBIGUOUS"",""evidence_references"":""documents/AUTH-003/AUTH-003_AUTHORITY_LETTER.pdf"",""confidence"":""0.94"",""human_review_required"":false,""recommended_next_step"":""Route to Authority Review"",""rule_ids"":""AUTH-004"",""rule_status_used"":""CONFIRMED_POC"",""created_at"":""2026-09-28T04:07:23.752Z"",""superseded"":false,""id"":4,""createdAt"":""2026-09-28T04:07:23.769Z"",""updatedAt"":""2026-09-28T04:07:23.769Z""}",1321
EVT-AUTH-003-1-1790568566411,AUTH-003,1,2026-09-25T20:08:50.000Z,SBO.05,UTILITY_CHECK_COMPLETED,DOCUMENT_EXTRACTION,,PASS,,,documents/AUTH-003,"{""result_id"":""RES-AUTH-003-1"",""case_run_id"":""AUTH-003"",""submission_version"":1,""sequence"":""1"",""agent_id"":""SBO.05"",""utility_name"":""Document Extraction Agent"",""check_type"":""DOCUMENT_EXTRACTION"",""status"":""PASS"",""findings_json"":""{\""documents_expected\"":3,\""documents_present\"":3,\""missing\"":[],\""all_readable\"":true}"",""reason_codes"":"""",""evidence_references"":""documents/AUTH-003"",""confidence"":""0.98"",""human_review_required"":false,""recommended_next_step"":""Continue to business validation"",""rule_ids"":"""",""rule_status_used"":""CONFIRMED_POC"",""created_at"":""2026-09-28T04:09:26.342Z"",""superseded"":false,""id"":1,""createdAt"":""2026-09-28T04:09:26.358Z"",""updatedAt"":""2026-09-28T04:09:26.358Z""}",1325
EVT-AUTH-003-2-1790568571568,AUTH-003,1,2026-09-25T20:08:50.000Z,SBO.06,UTILITY_CHECK_COMPLETED,BUSINESS_VALIDATION,,PASS,,B,Business_Register row for AU-DEMO-BIZ-1002,"{""result_id"":""RES-AUTH-003-2"",""case_run_id"":""AUTH-003"",""submission_version"":1,""sequence"":""2"",""agent_id"":""SBO.06"",""utility_name"":""Business Validation Utility"",""check_type"":""BUSINESS_VALIDATION"",""status"":""PASS"",""findings_json"":""{\""lookup_status\"":\""SUCCESS\"",\""registration_status\"":\""ACTIVE\"",\""name_match\"":true,\""identifier_match\"":true}"",""reason_codes"":""BUSINESS_ACTIVE"",""evidence_references"":""Business_Register row for AU-DEMO-BIZ-1002"",""confidence"":""1"",""human_review_required"":false,""recommended_next_step"":""Continue to identity validation"",""rule_ids"":""REG-001"",""rule_status_used"":""CONFIRMED_POC"",""created_at"":""2026-09-28T04:09:31.487Z"",""superseded"":false,""id"":2,""createdAt"":""2026-09-28T04:09:31.508Z"",""updatedAt"":""2026-09-28T04:09:31.508Z""}",1326
EVT-AUTH-003-3-1790568573587,AUTH-003,1,2026-09-25T20:08:50.000Z,SBO.07,UTILITY_CHECK_COMPLETED,IDENTITY_VALIDATION,,PASS,,I,documents/AUTH-003/AUTH-003_Identity_Profile.pdf,"{""result_id"":""RES-AUTH-003-3"",""case_run_id"":""AUTH-003"",""submission_version"":1,""sequence"":""3"",""agent_id"":""SBO.07"",""utility_name"":""Identity & Authority Agent"",""check_type"":""IDENTITY_VALIDATION"",""status"":""PASS"",""findings_json"":""{\""name_match\"":true,\""identity_status\"":\""VALID_SYNTHETIC\"",\""expired\"":false}"",""reason_codes"":""IDENTITY_VERIFIED"",""evidence_references"":""documents/AUTH-003/AUTH-003_Identity_Profile.pdf"",""confidence"":""0.97"",""human_review_required"":false,""recommended_next_step"":""Continue to authority validation"",""rule_ids"":""ID-001"",""rule_status_used"":""CONFIRMED_POC"",""created_at"":""2026-09-28T04:09:33.508Z"",""superseded"":false,""id"":3,""createdAt"":""2026-09-28T04:09:33.528Z"",""updatedAt"":""2026-09-28T04:09:33.528Z""}",1327
EVT-AUTH-003-4-1790568576169,AUTH-003,1,2026-09-25T20:08:50.000Z,SBO.07,UTILITY_CHECK_COMPLETED,AUTHORITY_VALIDATION,,INCONCLUSIVE,,A,documents/AUTH-003/AUTH-003_AUTHORITY_LETTER.pdf,"{""result_id"":""RES-AUTH-003-4"",""case_run_id"":""AUTH-003"",""submission_version"":1,""sequence"":""4"",""agent_id"":""SBO.07"",""utility_name"":""Identity & Authority Agent"",""check_type"":""AUTHORITY_VALIDATION"",""status"":""INCONCLUSIVE"",""findings_json"":""{\""representative_named\"":true,\""account_enquiries\"":true,\""service_ordering\"":false,\""contract_signing\"":false,\""scope\"":\""AMBIGUOUS\""}"",""reason_codes"":""AUTHORITY_SCOPE_AMBIGUOUS"",""evidence_references"":""documents/AUTH-003/AUTH-003_AUTHORITY_LETTER.pdf"",""confidence"":""0.94"",""human_review_required"":false,""recommended_next_step"":""Route to Authority Review"",""rule_ids"":""AUTH-004"",""rule_status_used"":""CONFIRMED_POC"",""created_at"":""2026-09-28T04:09:36.084Z"",""superseded"":false,""id"":4,""createdAt"":""2026-09-28T04:09:36.105Z"",""updatedAt"":""2026-09-28T04:09:36.105Z""}",1328
EVT-AUTH-003-1-1790568590651,AUTH-003,1,2026-09-25T20:08:50.000Z,SBO.05,UTILITY_CHECK_COMPLETED,DOCUMENT_EXTRACTION,,PASS,,,documents/AUTH-003,"{""result_id"":""RES-AUTH-003-1"",""case_run_id"":""AUTH-003"",""submission_version"":1,""sequence"":""1"",""agent_id"":""SBO.05"",""utility_name"":""Document Extraction Agent"",""check_type"":""DOCUMENT_EXTRACTION"",""status"":""PASS"",""findings_json"":""{\""documents_expected\"":3,\""documents_present\"":3,\""missing\"":[],\""all_readable\"":true}"",""reason_codes"":"""",""evidence_references"":""documents/AUTH-003"",""confidence"":""0.98"",""human_review_required"":false,""recommended_next_step"":""Continue to business validation"",""rule_ids"":"""",""rule_status_used"":""CONFIRMED_POC"",""created_at"":""2026-09-28T04:09:50.565Z"",""superseded"":false,""id"":1,""createdAt"":""2026-09-28T04:09:50.586Z"",""updatedAt"":""2026-09-28T04:09:50.586Z""}",1330
EVT-AUTH-003-2-1790568594772,AUTH-003,1,2026-09-25T20:08:50.000Z,SBO.06,UTILITY_CHECK_COMPLETED,BUSINESS_VALIDATION,,PASS,,B,Business_Register row for AU-DEMO-BIZ-1002,"{""result_id"":""RES-AUTH-003-2"",""case_run_id"":""AUTH-003"",""submission_version"":1,""sequence"":""2"",""agent_id"":""SBO.06"",""utility_name"":""Business Validation Utility"",""check_type"":""BUSINESS_VALIDATION"",""status"":""PASS"",""findings_json"":""{\""lookup_status\"":\""SUCCESS\"",\""registration_status\"":\""ACTIVE\"",\""name_match\"":true,\""identifier_match\"":true}"",""reason_codes"":""BUSINESS_ACTIVE"",""evidence_references"":""Business_Register row for AU-DEMO-BIZ-1002"",""confidence"":""1"",""human_review_required"":false,""recommended_next_step"":""Continue to identity validation"",""rule_ids"":""REG-001"",""rule_status_used"":""CONFIRMED_POC"",""created_at"":""2026-09-28T04:09:54.699Z"",""superseded"":false,""id"":2,""createdAt"":""2026-09-28T04:09:54.719Z"",""updatedAt"":""2026-09-28T04:09:54.719Z""}",1331
EVT-AUTH-003-3-1790568596462,AUTH-003,1,2026-09-25T20:08:50.000Z,SBO.07,UTILITY_CHECK_COMPLETED,IDENTITY_VALIDATION,,PASS,,I,documents/AUTH-003/AUTH-003_Identity_Profile.pdf,"{""result_id"":""RES-AUTH-003-3"",""case_run_id"":""AUTH-003"",""submission_version"":1,""sequence"":""3"",""agent_id"":""SBO.07"",""utility_name"":""Identity & Authority Agent"",""check_type"":""IDENTITY_VALIDATION"",""status"":""PASS"",""findings_json"":""{\""name_match\"":true,\""identity_status\"":\""VALID_SYNTHETIC\"",\""expired\"":false}"",""reason_codes"":""IDENTITY_VERIFIED"",""evidence_references"":""documents/AUTH-003/AUTH-003_Identity_Profile.pdf"",""confidence"":""0.97"",""human_review_required"":false,""recommended_next_step"":""Continue to authority validation"",""rule_ids"":""ID-001"",""rule_status_used"":""CONFIRMED_POC"",""created_at"":""2026-09-28T04:09:56.384Z"",""superseded"":false,""id"":3,""createdAt"":""2026-09-28T04:09:56.402Z"",""updatedAt"":""2026-09-28T04:09:56.402Z""}",1332
EVT-AUTH-003-4-1790568598489,AUTH-003,1,2026-09-25T20:08:50.000Z,SBO.07,UTILITY_CHECK_COMPLETED,AUTHORITY_VALIDATION,,INCONCLUSIVE,,A,documents/AUTH-003/AUTH-003_AUTHORITY_LETTER.pdf,"{""result_id"":""RES-AUTH-003-4"",""case_run_id"":""AUTH-003"",""submission_version"":1,""sequence"":""4"",""agent_id"":""SBO.07"",""utility_name"":""Identity & Authority Agent"",""check_type"":""AUTHORITY_VALIDATION"",""status"":""INCONCLUSIVE"",""findings_json"":""{\""representative_named\"":true,\""account_enquiries\"":true,\""service_ordering\"":false,\""contract_signing\"":false,\""scope\"":\""AMBIGUOUS\""}"",""reason_codes"":""AUTHORITY_SCOPE_AMBIGUOUS"",""evidence_references"":""documents/AUTH-003/AUTH-003_AUTHORITY_LETTER.pdf"",""confidence"":""0.94"",""human_review_required"":false,""recommended_next_step"":""Route to Authority Review"",""rule_ids"":""AUTH-004"",""rule_status_used"":""CONFIRMED_POC"",""created_at"":""2026-09-28T04:09:58.398Z"",""superseded"":false,""id"":4,""createdAt"":""2026-09-28T04:09:58.417Z"",""updatedAt"":""2026-09-28T04:09:58.417Z""}",1333
EVT-AUTH-003-EVIDENCE-RECEIVED-1790568700992,AUTH-003,1,2026-09-28T04:11:40.994Z,CUSTOMER_SYNTHETIC,ADDITIONAL_EVIDENCE_RECEIVED,EVIDENCE_COLLECTION,WAITING_FOR_EVIDENCE,EVIDENCE_RECEIVED,,CUSTOMER_TEXT_EVIDENCE_RECEIVED,EVIDENCE-AUTH-003-1790568700836,"{""evidence_id"":""EVIDENCE-AUTH-003-1790568700836"",""evidence_request_id"":""EVID-AUTH-003-V1-1790568617452"",""case_run_id"":""AUTH-003"",""submission_version"":1,""evidence_type"":""AUTHORITY_CLARIFICATION"",""evidence_source"":""CHAT_TEXT"",""file_name"":"""",""mime_type"":""text/plain"",""storage_url"":"""",""evidence_text"":""DEMO"",""structured_data_json"":""{\""originating_check_type\"":\""AUTHORITY_VALIDATION\""}"",""validation_status"":""RECEIVED"",""confidence"":0,""provided_at"":""2026-09-28T04:11:40.836Z"",""superseded"":false}",1329
EVT-AUTH-003-1-1790568950755,AUTH-003,1,2026-09-25T20:08:50.000Z,SBO.05,UTILITY_CHECK_COMPLETED,DOCUMENT_EXTRACTION,,PASS,,,documents/AUTH-003,"{""result_id"":""RES-AUTH-003-1"",""case_run_id"":""AUTH-003"",""submission_version"":1,""sequence"":""1"",""agent_id"":""SBO.05"",""utility_name"":""Document Extraction Agent"",""check_type"":""DOCUMENT_EXTRACTION"",""status"":""PASS"",""findings_json"":""{\""documents_expected\"":3,\""documents_present\"":3,\""missing\"":[],\""all_readable\"":true}"",""reason_codes"":"""",""evidence_references"":""documents/AUTH-003"",""confidence"":""0.98"",""human_review_required"":false,""recommended_next_step"":""Continue to business validation"",""rule_ids"":"""",""rule_status_used"":""CONFIRMED_POC"",""created_at"":""2026-09-28T04:15:50.683Z"",""superseded"":false,""id"":1,""createdAt"":""2026-09-28T04:15:50.703Z"",""updatedAt"":""2026-09-28T04:15:50.703Z""}",1339
EVT-AUTH-003-2-1790568952674,AUTH-003,1,2026-09-25T20:08:50.000Z,SBO.06,UTILITY_CHECK_COMPLETED,BUSINESS_VALIDATION,,PASS,,B,Business_Register row for AU-DEMO-BIZ-1002,"{""result_id"":""RES-AUTH-003-2"",""case_run_id"":""AUTH-003"",""submission_version"":1,""sequence"":""2"",""agent_id"":""SBO.06"",""utility_name"":""Business Validation Utility"",""check_type"":""BUSINESS_VALIDATION"",""status"":""PASS"",""findings_json"":""{\""lookup_status\"":\""SUCCESS\"",\""registration_status\"":\""ACTIVE\"",\""name_match\"":true,\""identifier_match\"":true}"",""reason_codes"":""BUSINESS_ACTIVE"",""evidence_references"":""Business_Register row for AU-DEMO-BIZ-1002"",""confidence"":""1"",""human_review_required"":false,""recommended_next_step"":""Continue to identity validation"",""rule_ids"":""REG-001"",""rule_status_used"":""CONFIRMED_POC"",""created_at"":""2026-09-28T04:15:52.569Z"",""superseded"":false,""id"":2,""createdAt"":""2026-09-28T04:15:52.590Z"",""updatedAt"":""2026-09-28T04:15:52.590Z""}",1340
EVT-AUTH-003-3-1790568954363,AUTH-003,1,2026-09-25T20:08:50.000Z,SBO.07,UTILITY_CHECK_COMPLETED,IDENTITY_VALIDATION,,PASS,,I,documents/AUTH-003/AUTH-003_Identity_Profile.pdf,"{""result_id"":""RES-AUTH-003-3"",""case_run_id"":""AUTH-003"",""submission_version"":1,""sequence"":""3"",""agent_id"":""SBO.07"",""utility_name"":""Identity & Authority Agent"",""check_type"":""IDENTITY_VALIDATION"",""status"":""PASS"",""findings_json"":""{\""name_match\"":true,\""identity_status\"":\""VALID_SYNTHETIC\"",\""expired\"":false}"",""reason_codes"":""IDENTITY_VERIFIED"",""evidence_references"":""documents/AUTH-003/AUTH-003_Identity_Profile.pdf"",""confidence"":""0.97"",""human_review_required"":false,""recommended_next_step"":""Continue to authority validation"",""rule_ids"":""ID-001"",""rule_status_used"":""CONFIRMED_POC"",""created_at"":""2026-09-28T04:15:54.287Z"",""superseded"":false,""id"":3,""createdAt"":""2026-09-28T04:15:54.307Z"",""updatedAt"":""2026-09-28T04:15:54.307Z""}",1341
EVT-AUTH-003-4-1790568956576,AUTH-003,1,2026-09-25T20:08:50.000Z,SBO.07,UTILITY_CHECK_COMPLETED,AUTHORITY_VALIDATION,,INCONCLUSIVE,,A,documents/AUTH-003/AUTH-003_AUTHORITY_LETTER.pdf,"{""result_id"":""RES-AUTH-003-4"",""case_run_id"":""AUTH-003"",""submission_version"":1,""sequence"":""4"",""agent_id"":""SBO.07"",""utility_name"":""Identity & Authority Agent"",""check_type"":""AUTHORITY_VALIDATION"",""status"":""INCONCLUSIVE"",""findings_json"":""{\""representative_named\"":true,\""account_enquiries\"":true,\""service_ordering\"":false,\""contract_signing\"":false,\""scope\"":\""AMBIGUOUS\""}"",""reason_codes"":""AUTHORITY_SCOPE_AMBIGUOUS"",""evidence_references"":""documents/AUTH-003/AUTH-003_AUTHORITY_LETTER.pdf"",""confidence"":""0.94"",""human_review_required"":false,""recommended_next_step"":""Route to Authority Review"",""rule_ids"":""AUTH-004"",""rule_status_used"":""CONFIRMED_POC"",""created_at"":""2026-09-28T04:15:56.492Z"",""superseded"":false,""id"":4,""createdAt"":""2026-09-28T04:15:56.523Z"",""updatedAt"":""2026-09-28T04:15:56.523Z""}",1342
EVT-AUTH-003-1-1790569058929,AUTH-003,1,2026-09-25T20:08:50.000Z,SBO.05,UTILITY_CHECK_COMPLETED,DOCUMENT_EXTRACTION,,PASS,,,documents/AUTH-003,"{""result_id"":""RES-AUTH-003-1"",""case_run_id"":""AUTH-003"",""submission_version"":1,""sequence"":""1"",""agent_id"":""SBO.05"",""utility_name"":""Document Extraction Agent"",""check_type"":""DOCUMENT_EXTRACTION"",""status"":""PASS"",""findings_json"":""{\""documents_expected\"":3,\""documents_present\"":3,\""missing\"":[],\""all_readable\"":true}"",""reason_codes"":"""",""evidence_references"":""documents/AUTH-003"",""confidence"":""0.98"",""human_review_required"":false,""recommended_next_step"":""Continue to business validation"",""rule_ids"":"""",""rule_status_used"":""CONFIRMED_POC"",""created_at"":""2026-09-28T04:17:38.838Z"",""superseded"":false,""id"":1,""createdAt"":""2026-09-28T04:17:38.857Z"",""updatedAt"":""2026-09-28T04:17:38.857Z""}",1345
EVT-AUTH-003-2-1790569062359,AUTH-003,1,2026-09-25T20:08:50.000Z,SBO.06,UTILITY_CHECK_COMPLETED,BUSINESS_VALIDATION,,PASS,,B,Business_Register row for AU-DEMO-BIZ-1002,"{""result_id"":""RES-AUTH-003-2"",""case_run_id"":""AUTH-003"",""submission_version"":1,""sequence"":""2"",""agent_id"":""SBO.06"",""utility_name"":""Business Validation Utility"",""check_type"":""BUSINESS_VALIDATION"",""status"":""PASS"",""findings_json"":""{\""lookup_status\"":\""SUCCESS\"",\""registration_status\"":\""ACTIVE\"",\""name_match\"":true,\""identifier_match\"":true}"",""reason_codes"":""BUSINESS_ACTIVE"",""evidence_references"":""Business_Register row for AU-DEMO-BIZ-1002"",""confidence"":""1"",""human_review_required"":false,""recommended_next_step"":""Continue to identity validation"",""rule_ids"":""REG-001"",""rule_status_used"":""CONFIRMED_POC"",""created_at"":""2026-09-28T04:17:42.283Z"",""superseded"":false,""id"":2,""createdAt"":""2026-09-28T04:17:42.302Z"",""updatedAt"":""2026-09-28T04:17:42.302Z""}",1346
EVT-AUTH-003-3-1790569064215,AUTH-003,1,2026-09-25T20:08:50.000Z,SBO.07,UTILITY_CHECK_COMPLETED,IDENTITY_VALIDATION,,PASS,,I,documents/AUTH-003/AUTH-003_Identity_Profile.pdf,"{""result_id"":""RES-AUTH-003-3"",""case_run_id"":""AUTH-003"",""submission_version"":1,""sequence"":""3"",""agent_id"":""SBO.07"",""utility_name"":""Identity & Authority Agent"",""check_type"":""IDENTITY_VALIDATION"",""status"":""PASS"",""findings_json"":""{\""name_match\"":true,\""identity_status\"":\""VALID_SYNTHETIC\"",\""expired\"":false}"",""reason_codes"":""IDENTITY_VERIFIED"",""evidence_references"":""documents/AUTH-003/AUTH-003_Identity_Profile.pdf"",""confidence"":""0.97"",""human_review_required"":false,""recommended_next_step"":""Continue to authority validation"",""rule_ids"":""ID-001"",""rule_status_used"":""CONFIRMED_POC"",""created_at"":""2026-09-28T04:17:44.131Z"",""superseded"":false,""id"":3,""createdAt"":""2026-09-28T04:17:44.150Z"",""updatedAt"":""2026-09-28T04:17:44.150Z""}",1347
EVT-AUTH-003-4-1790569066032,AUTH-003,1,2026-09-25T20:08:50.000Z,SBO.07,UTILITY_CHECK_COMPLETED,AUTHORITY_VALIDATION,,INCONCLUSIVE,,A,documents/AUTH-003/AUTH-003_AUTHORITY_LETTER.pdf,"{""result_id"":""RES-AUTH-003-4"",""case_run_id"":""AUTH-003"",""submission_version"":1,""sequence"":""4"",""agent_id"":""SBO.07"",""utility_name"":""Identity & Authority Agent"",""check_type"":""AUTHORITY_VALIDATION"",""status"":""INCONCLUSIVE"",""findings_json"":""{\""representative_named\"":true,\""account_enquiries\"":true,\""service_ordering\"":false,\""contract_signing\"":false,\""scope\"":\""AMBIGUOUS\""}"",""reason_codes"":""AUTHORITY_SCOPE_AMBIGUOUS"",""evidence_references"":""documents/AUTH-003/AUTH-003_AUTHORITY_LETTER.pdf"",""confidence"":""0.94"",""human_review_required"":false,""recommended_next_step"":""Route to Authority Review"",""rule_ids"":""AUTH-004"",""rule_status_used"":""CONFIRMED_POC"",""created_at"":""2026-09-28T04:17:45.942Z"",""superseded"":false,""id"":4,""createdAt"":""2026-09-28T04:17:45.963Z"",""updatedAt"":""2026-09-28T04:17:45.963Z""}",1348
EVT-AUTH-003-EVIDENCE-RECEIVED-1790569103556,AUTH-003,1,2026-09-28T04:18:23.558Z,CUSTOMER_SYNTHETIC,ADDITIONAL_EVIDENCE_RECEIVED,EVIDENCE_COLLECTION,WAITING_FOR_EVIDENCE,EVIDENCE_RECEIVED,,CUSTOMER_TEXT_EVIDENCE_RECEIVED,EVIDENCE-AUTH-003-1790569103401,"{""evidence_id"":""EVIDENCE-AUTH-003-1790569103401"",""evidence_request_id"":""EVID-AUTH-003-V1-1790569082802"",""case_run_id"":""AUTH-003"",""submission_version"":1,""evidence_type"":""AUTHORITY_CLARIFICATION"",""evidence_source"":""CHAT_TEXT"",""file_name"":"""",""mime_type"":""text/plain"",""storage_url"":"""",""evidence_text"":""Bluegum Vector Demo Pty Ltd, business identifier AU-DEMO-BIZ-1002, authorises Liam Chen to act on behalf of the company for telecommunications-related activities.\n\nThe authorised scope explicitly includes:\n\nordering new telecommunications services;\napproving commercial commitments associated with those services;\nrequesting and approving service or plan changes; and\nexecuting and signing telecommunications service agreements on behalf of Bluegum Vector Demo Pty Ltd.\n\nThis authority applies to the current authorised-representative request and remains valid for the period covered by the submitted authority documentation."",""structured_data_json"":""{\""originating_check_type\"":\""AUTHORITY_VALIDATION\""}"",""validation_status"":""RECEIVED"",""confidence"":0,""provided_at"":""2026-09-28T04:18:23.401Z"",""superseded"":false}",1344
EVT-AUTH-003-EVIDENCE-RESOLUTION-1790569133494,AUTH-003,1,2026-09-28T04:18:53.495Z,SBO.02,ADDITIONAL_EVIDENCE_REQUIRED,EVIDENCE_RESOLUTION,RECEIVED,INSUFFICIENT,EVID-002,ADDITIONAL_EVIDENCE_INSUFFICIENT,EVIDENCE-AUTH-003-1790569103401,"{""result_id"":""RES-AUTH-003-V1-AUTHORITY_VALIDATION"",""case_run_id"":""AUTH-003"",""submission_version"":1,""sequence"":4,""agent_id"":""SBO.02"",""utility_name"":""Evidence Resolution Utility"",""check_type"":""AUTHORITY_VALIDATION"",""status"":""INCONCLUSIVE"",""findings"":{""evidence_resolution"":true,""evidence_request_id"":""EVID-AUTH-003-V1-1790569082802"",""resolution_status"":""INSUFFICIENT"",""resolved"":false,""supported_facts"":[],""remaining_gaps"":[],""evidence_count"":1},""reason_codes"":[""ADDITIONAL_EVIDENCE_INSUFFICIENT""],""evidence_references"":[""EVIDENCE-AUTH-003-1790569103401""],""confidence"":0,""human_review_required"":false,""recommended_next_step"":""Request the specific remaining evidence and keep the case open."",""rule_ids"":[""EVID-002""],""rule_status_used"":""CONFIRMED_POC"",""is_terminal"":true,""terminal_outcome"":""NEED_MORE_INFORMATION"",""evidence_request_id"":""EVID-AUTH-003-V1-1790569082802"",""resolution_status"":""INSUFFICIENT"",""current_attempt_count"":1,""max_attempts"":3,""retry_allowed"":true,""escalation_required"":false,""evidence_request_status"":""INSUFFICIENT""}",1350
EVT-AUTH-003-1-1790571558498,AUTH-003,1,2026-09-25T20:08:50.000Z,SBO.05,UTILITY_CHECK_COMPLETED,DOCUMENT_EXTRACTION,,PASS,,,documents/AUTH-003,"{""result_id"":""RES-AUTH-003-1"",""case_run_id"":""AUTH-003"",""submission_version"":1,""sequence"":""1"",""agent_id"":""SBO.05"",""utility_name"":""Document Extraction Agent"",""check_type"":""DOCUMENT_EXTRACTION"",""status"":""PASS"",""findings_json"":""{\""documents_expected\"":3,\""documents_present\"":3,\""missing\"":[],\""all_readable\"":true}"",""reason_codes"":"""",""evidence_references"":""documents/AUTH-003"",""confidence"":""0.98"",""human_review_required"":false,""recommended_next_step"":""Continue to business validation"",""rule_ids"":"""",""rule_status_used"":""CONFIRMED_POC"",""created_at"":""2026-09-28T04:59:18.423Z"",""superseded"":false,""id"":1,""createdAt"":""2026-09-28T04:59:18.444Z"",""updatedAt"":""2026-09-28T04:59:18.444Z""}",1352
EVT-AUTH-003-2-1790571561477,AUTH-003,1,2026-09-25T20:08:50.000Z,SBO.06,UTILITY_CHECK_COMPLETED,BUSINESS_VALIDATION,,PASS,,B,Business_Register row for AU-DEMO-BIZ-1002,"{""result_id"":""RES-AUTH-003-2"",""case_run_id"":""AUTH-003"",""submission_version"":1,""sequence"":""2"",""agent_id"":""SBO.06"",""utility_name"":""Business Validation Utility"",""check_type"":""BUSINESS_VALIDATION"",""status"":""PASS"",""findings_json"":""{\""lookup_status\"":\""SUCCESS\"",\""registration_status\"":\""ACTIVE\"",\""name_match\"":true,\""identifier_match\"":true}"",""reason_codes"":""BUSINESS_ACTIVE"",""evidence_references"":""Business_Register row for AU-DEMO-BIZ-1002"",""confidence"":""1"",""human_review_required"":false,""recommended_next_step"":""Continue to identity validation"",""rule_ids"":""REG-001"",""rule_status_used"":""CONFIRMED_POC"",""created_at"":""2026-09-28T04:59:21.379Z"",""superseded"":false,""id"":2,""createdAt"":""2026-09-28T04:59:21.399Z"",""updatedAt"":""2026-09-28T04:59:21.399Z""}",1353
EVT-AUTH-003-3-1790571563269,AUTH-003,1,2026-09-25T20:08:50.000Z,SBO.07,UTILITY_CHECK_COMPLETED,IDENTITY_VALIDATION,,PASS,,I,documents/AUTH-003/AUTH-003_Identity_Profile.pdf,"{""result_id"":""RES-AUTH-003-3"",""case_run_id"":""AUTH-003"",""submission_version"":1,""sequence"":""3"",""agent_id"":""SBO.07"",""utility_name"":""Identity & Authority Agent"",""check_type"":""IDENTITY_VALIDATION"",""status"":""PASS"",""findings_json"":""{\""name_match\"":true,\""identity_status\"":\""VALID_SYNTHETIC\"",\""expired\"":false}"",""reason_codes"":""IDENTITY_VERIFIED"",""evidence_references"":""documents/AUTH-003/AUTH-003_Identity_Profile.pdf"",""confidence"":""0.97"",""human_review_required"":false,""recommended_next_step"":""Continue to authority validation"",""rule_ids"":""ID-001"",""rule_status_used"":""CONFIRMED_POC"",""created_at"":""2026-09-28T04:59:23.197Z"",""superseded"":false,""id"":3,""createdAt"":""2026-09-28T04:59:23.220Z"",""updatedAt"":""2026-09-28T04:59:23.220Z""}",1354
EVT-AUTH-003-4-1790571565695,AUTH-003,1,2026-09-25T20:08:50.000Z,SBO.07,UTILITY_CHECK_COMPLETED,AUTHORITY_VALIDATION,,INCONCLUSIVE,,A,documents/AUTH-003/AUTH-003_AUTHORITY_LETTER.pdf,"{""result_id"":""RES-AUTH-003-4"",""case_run_id"":""AUTH-003"",""submission_version"":1,""sequence"":""4"",""agent_id"":""SBO.07"",""utility_name"":""Identity & Authority Agent"",""check_type"":""AUTHORITY_VALIDATION"",""status"":""INCONCLUSIVE"",""findings_json"":""{\""representative_named\"":true,\""account_enquiries\"":true,\""service_ordering\"":false,\""contract_signing\"":false,\""scope\"":\""AMBIGUOUS\""}"",""reason_codes"":""AUTHORITY_SCOPE_AMBIGUOUS"",""evidence_references"":""documents/AUTH-003/AUTH-003_AUTHORITY_LETTER.pdf"",""confidence"":""0.94"",""human_review_required"":false,""recommended_next_step"":""Route to Authority Review"",""rule_ids"":""AUTH-004"",""rule_status_used"":""CONFIRMED_POC"",""created_at"":""2026-09-28T04:59:25.620Z"",""superseded"":false,""id"":4,""createdAt"":""2026-09-28T04:59:25.638Z"",""updatedAt"":""2026-09-28T04:59:25.638Z""}",1355
EVT-AUTH-003-EVIDENCE-RECEIVED-1790571642659,AUTH-003,1,2026-09-28T05:00:42.662Z,CUSTOMER_SYNTHETIC,ADDITIONAL_EVIDENCE_RECEIVED,EVIDENCE_COLLECTION,WAITING_FOR_EVIDENCE,EVIDENCE_RECEIVED,,CUSTOMER_TEXT_EVIDENCE_RECEIVED,EVIDENCE-AUTH-003-1790571642450,"{""evidence_id"":""EVIDENCE-AUTH-003-1790571642450"",""evidence_request_id"":""EVID-AUTH-003-V1-1790571596510"",""case_run_id"":""AUTH-003"",""submission_version"":1,""evidence_type"":""AUTHORITY_CLARIFICATION"",""evidence_source"":""CHAT_TEXT"",""file_name"":"""",""mime_type"":""text/plain"",""storage_url"":"""",""evidence_text"":""Bluegum Vector Demo Pty Ltd, business identifier AU-DEMO-BIZ-1002, authorises Liam Chen to act on behalf of the company for telecommunications-related activities.\n\nThe authorised scope explicitly includes:\n\nordering new telecommunications services;\napproving commercial commitments associated with those services;\nrequesting and approving service or plan changes; and\nexecuting and signing telecommunications service agreements on behalf of Bluegum Vector Demo Pty Ltd.\n\nThis authority applies to the current authorised-representative request and remains valid for the period covered by the submitted authority documentation."",""structured_data_json"":""{\""originating_check_type\"":\""AUTHORITY_VALIDATION\""}"",""validation_status"":""RECEIVED"",""confidence"":0,""provided_at"":""2026-09-28T05:00:42.450Z"",""superseded"":false}",1351
EVT-AUTH-003-EVIDENCE-RESOLUTION-1790571669582,AUTH-003,1,2026-09-28T05:01:09.584Z,SBO.02,ADDITIONAL_EVIDENCE_REQUIRED,EVIDENCE_RESOLUTION,RECEIVED,ACCEPTED,EVID-001,ADDITIONAL_EVIDENCE_ACCEPTED,EVIDENCE-AUTH-003-1790571642450,"{""result_id"":""RES-AUTH-003-V1-AUTHORITY_VALIDATION"",""case_run_id"":""AUTH-003"",""submission_version"":1,""sequence"":4,""agent_id"":""SBO.02"",""utility_name"":""Evidence Resolution Utility"",""check_type"":""AUTHORITY_VALIDATION"",""status"":""PASS"",""findings"":{""evidence_resolution"":true,""evidence_request_id"":""EVID-AUTH-003-V1-1790571596510"",""resolution_status"":""RESOLVED"",""resolved"":true,""supported_facts"":[""Submitted text names Bluegum Vector Demo Pty Ltd (AU-DEMO-BIZ-1002) and identifies Liam Chen as the authorised representative for telecommunications-related activities."",""Submitted text explicitly authorises Liam Chen to order new telecommunications services on behalf of Bluegum Vector Demo Pty Ltd."",""Submitted text explicitly authorises Liam Chen to approve commercial commitments associated with those services."",""Submitted text explicitly authorises Liam Chen to request and approve service or plan changes."",""Submitted text explicitly authorises Liam Chen to execute and sign telecommunications service agreements on behalf of Bluegum Vector Demo Pty Ltd."",""Submitted text states the authority applies to the current authorised-representative request and remains valid for the period covered by submitted authority documentation.""],""remaining_gaps"":[],""evidence_count"":1},""reason_codes"":[""ADDITIONAL_EVIDENCE_ACCEPTED"",""EXACT_AUTHORITY_CLAUSE_PROVIDED"",""ORIGINATING_GAP_MATCH"",""EVIDENCE_SOURCE_UNVERIFIED""],""evidence_references"":[""EVIDENCE-AUTH-003-1790571642450""],""confidence"":0.7,""human_review_required"":false,""recommended_next_step"":""Treat the submitted authority clause as satisfying the requested 'Exact authority clause' for this authorised-representative request and proceed with processing per internal policy. If your operational policy requires source authentication (e.g., signed corporate document), obtain the authorised-signatory verification separately."",""rule_ids"":[""EVID-001""],""rule_status_used"":""CONFIRMED_POC"",""is_terminal"":false,""terminal_outcome"":"""",""evidence_request_id"":""EVID-AUTH-003-V1-1790571596510"",""resolution_status"":""RESOLVED"",""current_attempt_count"":1,""max_attempts"":3,""retry_allowed"":false,""escalation_required"":false,""evidence_request_status"":""ACCEPTED""}",1357
EVT-AUTH-003-5-1790571674694,AUTH-003,1,2026-09-25T20:08:50.000Z,SBO.12,UTILITY_CHECK_COMPLETED,SYSTEM_DATA_CHECK,,NOT_RUN,,,,"{""result_id"":""RES-AUTH-003-5"",""case_run_id"":""AUTH-003"",""submission_version"":1,""sequence"":""5"",""agent_id"":""SBO.12"",""utility_name"":""System Data Check Agent"",""check_type"":""SYSTEM_DATA_CHECK"",""status"":""NOT_RUN"",""findings_json"":""{\""reason\"":\""Authority scope unresolved\""}"",""reason_codes"":"""",""evidence_references"":"""",""confidence"":""0"",""human_review_required"":false,""recommended_next_step"":""Await Authority Review"",""rule_ids"":"""",""rule_status_used"":""N/A"",""created_at"":""2026-09-28T05:01:14.600Z"",""superseded"":false,""id"":1,""createdAt"":""2026-09-28T04:59:18.444Z"",""updatedAt"":""2026-09-28T05:01:14.626Z""}",1358
EVT-AUTH-003-5-1790571674703,AUTH-003,1,2026-09-25T20:08:50.000Z,SBO.12,UTILITY_CHECK_COMPLETED,SYSTEM_DATA_CHECK,,NOT_RUN,,,,"{""result_id"":""RES-AUTH-003-5"",""case_run_id"":""AUTH-003"",""submission_version"":1,""sequence"":""5"",""agent_id"":""SBO.12"",""utility_name"":""System Data Check Agent"",""check_type"":""SYSTEM_DATA_CHECK"",""status"":""NOT_RUN"",""findings_json"":""{\""reason\"":\""Authority scope unresolved\""}"",""reason_codes"":"""",""evidence_references"":"""",""confidence"":""0"",""human_review_required"":false,""recommended_next_step"":""Await Authority Review"",""rule_ids"":"""",""rule_status_used"":""N/A"",""created_at"":""2026-09-28T05:01:14.600Z"",""superseded"":false,""id"":2,""createdAt"":""2026-09-28T04:59:21.399Z"",""updatedAt"":""2026-09-28T05:01:14.626Z""}",1358
EVT-AUTH-003-5-1790571674711,AUTH-003,1,2026-09-25T20:08:50.000Z,SBO.12,UTILITY_CHECK_COMPLETED,SYSTEM_DATA_CHECK,,NOT_RUN,,,,"{""result_id"":""RES-AUTH-003-5"",""case_run_id"":""AUTH-003"",""submission_version"":1,""sequence"":""5"",""agent_id"":""SBO.12"",""utility_name"":""System Data Check Agent"",""check_type"":""SYSTEM_DATA_CHECK"",""status"":""NOT_RUN"",""findings_json"":""{\""reason\"":\""Authority scope unresolved\""}"",""reason_codes"":"""",""evidence_references"":"""",""confidence"":""0"",""human_review_required"":false,""recommended_next_step"":""Await Authority Review"",""rule_ids"":"""",""rule_status_used"":""N/A"",""created_at"":""2026-09-28T05:01:14.600Z"",""superseded"":false,""id"":3,""createdAt"":""2026-09-28T04:59:23.220Z"",""updatedAt"":""2026-09-28T05:01:14.626Z""}",1358
EVT-AUTH-003-5-1790571674717,AUTH-003,1,2026-09-25T20:08:50.000Z,SBO.12,UTILITY_CHECK_COMPLETED,SYSTEM_DATA_CHECK,,NOT_RUN,,,,"{""result_id"":""RES-AUTH-003-5"",""case_run_id"":""AUTH-003"",""submission_version"":1,""sequence"":""5"",""agent_id"":""SBO.12"",""utility_name"":""System Data Check Agent"",""check_type"":""SYSTEM_DATA_CHECK"",""status"":""NOT_RUN"",""findings_json"":""{\""reason\"":\""Authority scope unresolved\""}"",""reason_codes"":"""",""evidence_references"":"""",""confidence"":""0"",""human_review_required"":false,""recommended_next_step"":""Await Authority Review"",""rule_ids"":"""",""rule_status_used"":""N/A"",""created_at"":""2026-09-28T05:01:14.600Z"",""superseded"":false,""id"":4,""createdAt"":""2026-09-28T04:59:25.638Z"",""updatedAt"":""2026-09-28T05:01:14.626Z""}",1358
EVT-AUTH-001-1-1790572205376,AUTH-001,1,2026-09-25T20:08:50.000Z,SBO.05,UTILITY_CHECK_COMPLETED,DOCUMENT_EXTRACTION,,PASS,,,documents/AUTH-001,"{""result_id"":""RES-AUTH-001-1"",""case_run_id"":""AUTH-001"",""submission_version"":1,""sequence"":""1"",""agent_id"":""SBO.05"",""utility_name"":""Document Extraction Agent"",""check_type"":""DOCUMENT_EXTRACTION"",""status"":""PASS"",""findings_json"":""{\""documents_expected\"":3,\""documents_present\"":3,\""missing\"":[],\""all_readable\"":true}"",""reason_codes"":"""",""evidence_references"":""documents/AUTH-001"",""confidence"":""0.98"",""human_review_required"":false,""recommended_next_step"":""Continue to business validation"",""rule_ids"":"""",""rule_status_used"":""CONFIRMED_POC"",""created_at"":""2026-09-28T05:10:05.298Z"",""superseded"":false,""id"":5,""createdAt"":""2026-09-28T05:10:05.321Z"",""updatedAt"":""2026-09-28T05:10:05.321Z""}",1361
EVT-AUTH-001-2-1790572208236,AUTH-001,1,2026-09-25T20:08:50.000Z,SBO.06,UTILITY_CHECK_COMPLETED,BUSINESS_VALIDATION,,PASS,,B,Business_Register row for AU-DEMO-BIZ-1001,"{""result_id"":""RES-AUTH-001-2"",""case_run_id"":""AUTH-001"",""submission_version"":1,""sequence"":""2"",""agent_id"":""SBO.06"",""utility_name"":""Business Validation Utility"",""check_type"":""BUSINESS_VALIDATION"",""status"":""PASS"",""findings_json"":""{\""lookup_status\"":\""SUCCESS\"",\""registration_status\"":\""ACTIVE\"",\""name_match\"":true,\""identifier_match\"":true}"",""reason_codes"":""BUSINESS_ACTIVE"",""evidence_references"":""Business_Register row for AU-DEMO-BIZ-1001"",""confidence"":""1"",""human_review_required"":false,""recommended_next_step"":""Continue to identity validation"",""rule_ids"":""REG-001"",""rule_status_used"":""CONFIRMED_POC"",""created_at"":""2026-09-28T05:10:08.144Z"",""superseded"":false,""id"":6,""createdAt"":""2026-09-28T05:10:08.168Z"",""updatedAt"":""2026-09-28T05:10:08.168Z""}",1362
EVT-AUTH-001-3-1790572213479,AUTH-001,1,2026-09-25T20:08:50.000Z,SBO.07,UTILITY_CHECK_COMPLETED,IDENTITY_VALIDATION,,PASS,,I,documents/AUTH-001/AUTH-001_Identity_Profile.pdf,"{""result_id"":""RES-AUTH-001-3"",""case_run_id"":""AUTH-001"",""submission_version"":1,""sequence"":""3"",""agent_id"":""SBO.07"",""utility_name"":""Identity & Authority Agent"",""check_type"":""IDENTITY_VALIDATION"",""status"":""PASS"",""findings_json"":""{\""name_match\"":true,\""identity_status\"":\""VALID_SYNTHETIC\"",\""expired\"":false}"",""reason_codes"":""IDENTITY_VERIFIED"",""evidence_references"":""documents/AUTH-001/AUTH-001_Identity_Profile.pdf"",""confidence"":""0.97"",""human_review_required"":false,""recommended_next_step"":""Continue to authority validation"",""rule_ids"":""ID-001"",""rule_status_used"":""CONFIRMED_POC"",""created_at"":""2026-09-28T05:10:13.393Z"",""superseded"":false,""id"":7,""createdAt"":""2026-09-28T05:10:13.414Z"",""updatedAt"":""2026-09-28T05:10:13.414Z""}",1363
EVT-AUTH-001-4-1790572217286,AUTH-001,1,2026-09-25T20:08:50.000Z,SBO.07,UTILITY_CHECK_COMPLETED,AUTHORITY_VALIDATION,,PASS,,A,documents/AUTH-001/AUTH-001_AUTHORITY_LETTER.pdf,"{""result_id"":""RES-AUTH-001-4"",""case_run_id"":""AUTH-001"",""submission_version"":1,""sequence"":""4"",""agent_id"":""SBO.07"",""utility_name"":""Identity & Authority Agent"",""check_type"":""AUTHORITY_VALIDATION"",""status"":""PASS"",""findings_json"":""{\""representative_named\"":true,\""account_management\"":true,\""service_ordering\"":true,\""contract_signing\"":true,\""scope\"":\""CLEAR\""}"",""reason_codes"":""AUTHORITY_SCOPE_CLEAR"",""evidence_references"":""documents/AUTH-001/AUTH-001_AUTHORITY_LETTER.pdf"",""confidence"":""0.97"",""human_review_required"":false,""recommended_next_step"":""Continue to system-data check"",""rule_ids"":""AUTH-003"",""rule_status_used"":""CONFIRMED_POC"",""created_at"":""2026-09-28T05:10:17.206Z"",""superseded"":false,""id"":8,""createdAt"":""2026-09-28T05:10:17.222Z"",""updatedAt"":""2026-09-28T05:10:17.222Z""}",1364
EVT-AUTH-001-5-1790572219342,AUTH-001,1,2026-09-25T20:08:50.000Z,SBO.12,UTILITY_CHECK_COMPLETED,SYSTEM_DATA_CHECK,,PASS,,,CRM_Accounts record for CUST-DEMO-AU-1001,"{""result_id"":""RES-AUTH-001-5"",""case_run_id"":""AUTH-001"",""submission_version"":1,""sequence"":""5"",""agent_id"":""SBO.12"",""utility_name"":""System Data Check Agent"",""check_type"":""SYSTEM_DATA_CHECK"",""status"":""PASS"",""findings_json"":""{\""pid_count\"":1,\""legal_name_consistent\"":true,\""open_duplicate_request\"":false}"",""reason_codes"":"""",""evidence_references"":""CRM_Accounts record for CUST-DEMO-AU-1001"",""confidence"":""1"",""human_review_required"":false,""recommended_next_step"":""Continue to financial check"",""rule_ids"":"""",""rule_status_used"":""CONFIRMED_POC"",""created_at"":""2026-09-28T05:10:19.264Z"",""superseded"":false,""id"":1,""createdAt"":""2026-09-28T04:59:18.444Z"",""updatedAt"":""2026-09-28T05:10:19.281Z""}",1365
EVT-AUTH-001-5-1790572219350,AUTH-001,1,2026-09-25T20:08:50.000Z,SBO.12,UTILITY_CHECK_COMPLETED,SYSTEM_DATA_CHECK,,PASS,,,CRM_Accounts record for CUST-DEMO-AU-1001,"{""result_id"":""RES-AUTH-001-5"",""case_run_id"":""AUTH-001"",""submission_version"":1,""sequence"":""5"",""agent_id"":""SBO.12"",""utility_name"":""System Data Check Agent"",""check_type"":""SYSTEM_DATA_CHECK"",""status"":""PASS"",""findings_json"":""{\""pid_count\"":1,\""legal_name_consistent\"":true,\""open_duplicate_request\"":false}"",""reason_codes"":"""",""evidence_references"":""CRM_Accounts record for CUST-DEMO-AU-1001"",""confidence"":""1"",""human_review_required"":false,""recommended_next_step"":""Continue to financial check"",""rule_ids"":"""",""rule_status_used"":""CONFIRMED_POC"",""created_at"":""2026-09-28T05:10:19.264Z"",""superseded"":false,""id"":2,""createdAt"":""2026-09-28T04:59:21.399Z"",""updatedAt"":""2026-09-28T05:10:19.281Z""}",1365
EVT-AUTH-001-5-1790572219357,AUTH-001,1,2026-09-25T20:08:50.000Z,SBO.12,UTILITY_CHECK_COMPLETED,SYSTEM_DATA_CHECK,,PASS,,,CRM_Accounts record for CUST-DEMO-AU-1001,"{""result_id"":""RES-AUTH-001-5"",""case_run_id"":""AUTH-001"",""submission_version"":1,""sequence"":""5"",""agent_id"":""SBO.12"",""utility_name"":""System Data Check Agent"",""check_type"":""SYSTEM_DATA_CHECK"",""status"":""PASS"",""findings_json"":""{\""pid_count\"":1,\""legal_name_consistent\"":true,\""open_duplicate_request\"":false}"",""reason_codes"":"""",""evidence_references"":""CRM_Accounts record for CUST-DEMO-AU-1001"",""confidence"":""1"",""human_review_required"":false,""recommended_next_step"":""Continue to financial check"",""rule_ids"":"""",""rule_status_used"":""CONFIRMED_POC"",""created_at"":""2026-09-28T05:10:19.264Z"",""superseded"":false,""id"":3,""createdAt"":""2026-09-28T04:59:23.220Z"",""updatedAt"":""2026-09-28T05:10:19.281Z""}",1365
EVT-AUTH-001-5-1790572219364,AUTH-001,1,2026-09-25T20:08:50.000Z,SBO.12,UTILITY_CHECK_COMPLETED,SYSTEM_DATA_CHECK,,PASS,,,CRM_Accounts record for CUST-DEMO-AU-1001,"{""result_id"":""RES-AUTH-001-5"",""case_run_id"":""AUTH-001"",""submission_version"":1,""sequence"":""5"",""agent_id"":""SBO.12"",""utility_name"":""System Data Check Agent"",""check_type"":""SYSTEM_DATA_CHECK"",""status"":""PASS"",""findings_json"":""{\""pid_count\"":1,\""legal_name_consistent\"":true,\""open_duplicate_request\"":false}"",""reason_codes"":"""",""evidence_references"":""CRM_Accounts record for CUST-DEMO-AU-1001"",""confidence"":""1"",""human_review_required"":false,""recommended_next_step"":""Continue to financial check"",""rule_ids"":"""",""rule_status_used"":""CONFIRMED_POC"",""created_at"":""2026-09-28T05:10:19.264Z"",""superseded"":false,""id"":4,""createdAt"":""2026-09-28T04:59:25.638Z"",""updatedAt"":""2026-09-28T05:10:19.281Z""}",1365
EVT-AUTH-001-5-1790572219370,AUTH-001,1,2026-09-25T20:08:50.000Z,SBO.12,UTILITY_CHECK_COMPLETED,SYSTEM_DATA_CHECK,,PASS,,,CRM_Accounts record for CUST-DEMO-AU-1001,"{""result_id"":""RES-AUTH-001-5"",""case_run_id"":""AUTH-001"",""submission_version"":1,""sequence"":""5"",""agent_id"":""SBO.12"",""utility_name"":""System Data Check Agent"",""check_type"":""SYSTEM_DATA_CHECK"",""status"":""PASS"",""findings_json"":""{\""pid_count\"":1,\""legal_name_consistent\"":true,\""open_duplicate_request\"":false}"",""reason_codes"":"""",""evidence_references"":""CRM_Accounts record for CUST-DEMO-AU-1001"",""confidence"":""1"",""human_review_required"":false,""recommended_next_step"":""Continue to financial check"",""rule_ids"":"""",""rule_status_used"":""CONFIRMED_POC"",""created_at"":""2026-09-28T05:10:19.264Z"",""superseded"":false,""id"":5,""createdAt"":""2026-09-28T05:10:05.321Z"",""updatedAt"":""2026-09-28T05:10:19.281Z""}",1365
EVT-AUTH-001-5-1790572219377,AUTH-001,1,2026-09-25T20:08:50.000Z,SBO.12,UTILITY_CHECK_COMPLETED,SYSTEM_DATA_CHECK,,PASS,,,CRM_Accounts record for CUST-DEMO-AU-1001,"{""result_id"":""RES-AUTH-001-5"",""case_run_id"":""AUTH-001"",""submission_version"":1,""sequence"":""5"",""agent_id"":""SBO.12"",""utility_name"":""System Data Check Agent"",""check_type"":""SYSTEM_DATA_CHECK"",""status"":""PASS"",""findings_json"":""{\""pid_count\"":1,\""legal_name_consistent\"":true,\""open_duplicate_request\"":false}"",""reason_codes"":"""",""evidence_references"":""CRM_Accounts record for CUST-DEMO-AU-1001"",""confidence"":""1"",""human_review_required"":false,""recommended_next_step"":""Continue to financial check"",""rule_ids"":"""",""rule_status_used"":""CONFIRMED_POC"",""created_at"":""2026-09-28T05:10:19.264Z"",""superseded"":false,""id"":6,""createdAt"":""2026-09-28T05:10:08.168Z"",""updatedAt"":""2026-09-28T05:10:19.281Z""}",1365
EVT-AUTH-001-5-1790572219384,AUTH-001,1,2026-09-25T20:08:50.000Z,SBO.12,UTILITY_CHECK_COMPLETED,SYSTEM_DATA_CHECK,,PASS,,,CRM_Accounts record for CUST-DEMO-AU-1001,"{""result_id"":""RES-AUTH-001-5"",""case_run_id"":""AUTH-001"",""submission_version"":1,""sequence"":""5"",""agent_id"":""SBO.12"",""utility_name"":""System Data Check Agent"",""check_type"":""SYSTEM_DATA_CHECK"",""status"":""PASS"",""findings_json"":""{\""pid_count\"":1,\""legal_name_consistent\"":true,\""open_duplicate_request\"":false}"",""reason_codes"":"""",""evidence_references"":""CRM_Accounts record for CUST-DEMO-AU-1001"",""confidence"":""1"",""human_review_required"":false,""recommended_next_step"":""Continue to financial check"",""rule_ids"":"""",""rule_status_used"":""CONFIRMED_POC"",""created_at"":""2026-09-28T05:10:19.264Z"",""superseded"":false,""id"":7,""createdAt"":""2026-09-28T05:10:13.414Z"",""updatedAt"":""2026-09-28T05:10:19.281Z""}",1365
EVT-AUTH-001-5-1790572219390,AUTH-001,1,2026-09-25T20:08:50.000Z,SBO.12,UTILITY_CHECK_COMPLETED,SYSTEM_DATA_CHECK,,PASS,,,CRM_Accounts record for CUST-DEMO-AU-1001,"{""result_id"":""RES-AUTH-001-5"",""case_run_id"":""AUTH-001"",""submission_version"":1,""sequence"":""5"",""agent_id"":""SBO.12"",""utility_name"":""System Data Check Agent"",""check_type"":""SYSTEM_DATA_CHECK"",""status"":""PASS"",""findings_json"":""{\""pid_count\"":1,\""legal_name_consistent\"":true,\""open_duplicate_request\"":false}"",""reason_codes"":"""",""evidence_references"":""CRM_Accounts record for CUST-DEMO-AU-1001"",""confidence"":""1"",""human_review_required"":false,""recommended_next_step"":""Continue to financial check"",""rule_ids"":"""",""rule_status_used"":""CONFIRMED_POC"",""created_at"":""2026-09-28T05:10:19.264Z"",""superseded"":false,""id"":8,""createdAt"":""2026-09-28T05:10:17.222Z"",""updatedAt"":""2026-09-28T05:10:19.281Z""}",1365
EVT-AUTH-001-6-1790572221556,AUTH-001,1,2026-09-25T20:08:50.000Z,SBO.09,UTILITY_CHECK_COMPLETED,FINANCIAL_CHECK,,PASS,,F,Financial_Records record(s) for CUST-DEMO-AU-1001,"{""result_id"":""RES-AUTH-001-6"",""case_run_id"":""AUTH-001"",""submission_version"":1,""sequence"":""6"",""agent_id"":""SBO.09"",""utility_name"":""Financial Checks Agent"",""check_type"":""FINANCIAL_CHECK"",""status"":""PASS"",""findings_json"":""{\""credit_hold\"":false,\""total_outstanding\"":0,\""policy_exception\"":false}"",""reason_codes"":""FINANCIAL_CHECK_CLEAR"",""evidence_references"":""Financial_Records record(s) for CUST-DEMO-AU-1001"",""confidence"":""1"",""human_review_required"":false,""recommended_next_step"":""Continue to final verification"",""rule_ids"":""FIN-001"",""rule_status_used"":""CONFIRMED_POC"",""created_at"":""2026-09-28T05:10:21.458Z"",""superseded"":false,""id"":9,""createdAt"":""2026-09-28T05:10:21.479Z"",""updatedAt"":""2026-09-28T05:10:21.479Z""}",1366
EVT-AUTH-001-7-1790572224395,AUTH-001,1,2026-09-25T20:08:50.000Z,SBO.10,UTILITY_CHECK_COMPLETED,FINAL_VERIFICATION,,PASS,,F,Mock final verification result for AUTH-001,"{""result_id"":""RES-AUTH-001-7"",""case_run_id"":""AUTH-001"",""submission_version"":1,""sequence"":""7"",""agent_id"":""SBO.10"",""utility_name"":""Compliance Agent"",""check_type"":""FINAL_VERIFICATION"",""status"":""PASS"",""findings_json"":""{\""status\"":\""SUCCESSFUL\"",\""fraud_flag\"":false,\""manual_verification_required\"":false}"",""reason_codes"":""FINAL_VERIFICATION_SUCCESSFUL"",""evidence_references"":""Mock final verification result for AUTH-001"",""confidence"":""1"",""human_review_required"":false,""recommended_next_step"":""Apply final approval rule"",""rule_ids"":""CMP-001"",""rule_status_used"":""CONFIRMED_POC"",""created_at"":""2026-09-28T05:10:24.313Z"",""superseded"":false,""id"":10,""createdAt"":""2026-09-28T05:10:24.330Z"",""updatedAt"":""2026-09-28T05:10:24.330Z""}",1367
EVT-AUTH-001-1-1790580402101,AUTH-001,1,2026-09-25T20:08:50.000Z,SBO.05,UTILITY_CHECK_COMPLETED,DOCUMENT_EXTRACTION,,PASS,,,documents/AUTH-001,"{""result_id"":""RES-AUTH-001-1"",""case_run_id"":""AUTH-001"",""submission_version"":1,""sequence"":""1"",""agent_id"":""SBO.05"",""utility_name"":""Document Extraction Agent"",""check_type"":""DOCUMENT_EXTRACTION"",""status"":""PASS"",""findings_json"":""{\""documents_expected\"":3,\""documents_present\"":3,\""missing\"":[],\""all_readable\"":true}"",""reason_codes"":"""",""evidence_references"":""documents/AUTH-001"",""confidence"":""0.98"",""human_review_required"":false,""recommended_next_step"":""Continue to business validation"",""rule_ids"":"""",""rule_status_used"":""CONFIRMED_POC"",""created_at"":""2026-09-28T07:26:42.001Z"",""superseded"":false,""id"":1,""createdAt"":""2026-09-28T07:26:42.021Z"",""updatedAt"":""2026-09-28T07:26:42.021Z""}",1370
EVT-AUTH-001-2-1790580405302,AUTH-001,1,2026-09-25T20:08:50.000Z,SBO.06,UTILITY_CHECK_COMPLETED,BUSINESS_VALIDATION,,PASS,,B,Business_Register row for AU-DEMO-BIZ-1001,"{""result_id"":""RES-AUTH-001-2"",""case_run_id"":""AUTH-001"",""submission_version"":1,""sequence"":""2"",""agent_id"":""SBO.06"",""utility_name"":""Business Validation Utility"",""check_type"":""BUSINESS_VALIDATION"",""status"":""PASS"",""findings_json"":""{\""lookup_status\"":\""SUCCESS\"",\""registration_status\"":\""ACTIVE\"",\""name_match\"":true,\""identifier_match\"":true}"",""reason_codes"":""BUSINESS_ACTIVE"",""evidence_references"":""Business_Register row for AU-DEMO-BIZ-1001"",""confidence"":""1"",""human_review_required"":false,""recommended_next_step"":""Continue to identity validation"",""rule_ids"":""REG-001"",""rule_status_used"":""CONFIRMED_POC"",""created_at"":""2026-09-28T07:26:45.232Z"",""superseded"":false,""id"":2,""createdAt"":""2026-09-28T07:26:45.253Z"",""updatedAt"":""2026-09-28T07:26:45.253Z""}",1371
EVT-AUTH-001-3-1790580408579,AUTH-001,1,2026-09-25T20:08:50.000Z,SBO.07,UTILITY_CHECK_COMPLETED,IDENTITY_VALIDATION,,PASS,,I,documents/AUTH-001/AUTH-001_Identity_Profile.pdf,"{""result_id"":""RES-AUTH-001-3"",""case_run_id"":""AUTH-001"",""submission_version"":1,""sequence"":""3"",""agent_id"":""SBO.07"",""utility_name"":""Identity & Authority Agent"",""check_type"":""IDENTITY_VALIDATION"",""status"":""PASS"",""findings_json"":""{\""name_match\"":true,\""identity_status\"":\""VALID_SYNTHETIC\"",\""expired\"":false}"",""reason_codes"":""IDENTITY_VERIFIED"",""evidence_references"":""documents/AUTH-001/AUTH-001_Identity_Profile.pdf"",""confidence"":""0.97"",""human_review_required"":false,""recommended_next_step"":""Continue to authority validation"",""rule_ids"":""ID-001"",""rule_status_used"":""CONFIRMED_POC"",""created_at"":""2026-09-28T07:26:48.483Z"",""superseded"":false,""id"":3,""createdAt"":""2026-09-28T07:26:48.503Z"",""updatedAt"":""2026-09-28T07:26:48.503Z""}",1372
EVT-AUTH-001-4-1790580413879,AUTH-001,1,2026-09-25T20:08:50.000Z,SBO.07,UTILITY_CHECK_COMPLETED,AUTHORITY_VALIDATION,,PASS,,A,documents/AUTH-001/AUTH-001_AUTHORITY_LETTER.pdf,"{""result_id"":""RES-AUTH-001-4"",""case_run_id"":""AUTH-001"",""submission_version"":1,""sequence"":""4"",""agent_id"":""SBO.07"",""utility_name"":""Identity & Authority Agent"",""check_type"":""AUTHORITY_VALIDATION"",""status"":""PASS"",""findings_json"":""{\""representative_named\"":true,\""account_management\"":true,\""service_ordering\"":true,\""contract_signing\"":true,\""scope\"":\""CLEAR\""}"",""reason_codes"":""AUTHORITY_SCOPE_CLEAR"",""evidence_references"":""documents/AUTH-001/AUTH-001_AUTHORITY_LETTER.pdf"",""confidence"":""0.97"",""human_review_required"":false,""recommended_next_step"":""Continue to system-data check"",""rule_ids"":""AUTH-003"",""rule_status_used"":""CONFIRMED_POC"",""created_at"":""2026-09-28T07:26:53.798Z"",""superseded"":false,""id"":4,""createdAt"":""2026-09-28T07:26:53.816Z"",""updatedAt"":""2026-09-28T07:26:53.816Z""}",1373
EVT-AUTH-001-5-1790580417235,AUTH-001,1,2026-09-25T20:08:50.000Z,SBO.12,UTILITY_CHECK_COMPLETED,SYSTEM_DATA_CHECK,,PASS,,,CRM_Accounts record for CUST-DEMO-AU-1001,"{""result_id"":""RES-AUTH-001-5"",""case_run_id"":""AUTH-001"",""submission_version"":1,""sequence"":""5"",""agent_id"":""SBO.12"",""utility_name"":""System Data Check Agent"",""check_type"":""SYSTEM_DATA_CHECK"",""status"":""PASS"",""findings_json"":""{\""pid_count\"":1,\""legal_name_consistent\"":true,\""open_duplicate_request\"":false}"",""reason_codes"":"""",""evidence_references"":""CRM_Accounts record for CUST-DEMO-AU-1001"",""confidence"":""1"",""human_review_required"":false,""recommended_next_step"":""Continue to financial check"",""rule_ids"":"""",""rule_status_used"":""CONFIRMED_POC"",""created_at"":""2026-09-28T07:26:57.132Z"",""superseded"":false,""id"":1,""createdAt"":""2026-09-28T07:26:42.021Z"",""updatedAt"":""2026-09-28T07:26:57.167Z""}",1374
EVT-AUTH-001-5-1790580417256,AUTH-001,1,2026-09-25T20:08:50.000Z,SBO.12,UTILITY_CHECK_COMPLETED,SYSTEM_DATA_CHECK,,PASS,,,CRM_Accounts record for CUST-DEMO-AU-1001,"{""result_id"":""RES-AUTH-001-5"",""case_run_id"":""AUTH-001"",""submission_version"":1,""sequence"":""5"",""agent_id"":""SBO.12"",""utility_name"":""System Data Check Agent"",""check_type"":""SYSTEM_DATA_CHECK"",""status"":""PASS"",""findings_json"":""{\""pid_count\"":1,\""legal_name_consistent\"":true,\""open_duplicate_request\"":false}"",""reason_codes"":"""",""evidence_references"":""CRM_Accounts record for CUST-DEMO-AU-1001"",""confidence"":""1"",""human_review_required"":false,""recommended_next_step"":""Continue to financial check"",""rule_ids"":"""",""rule_status_used"":""CONFIRMED_POC"",""created_at"":""2026-09-28T07:26:57.132Z"",""superseded"":false,""id"":2,""createdAt"":""2026-09-28T07:26:45.253Z"",""updatedAt"":""2026-09-28T07:26:57.167Z""}",1374
EVT-AUTH-001-5-1790580417274,AUTH-001,1,2026-09-25T20:08:50.000Z,SBO.12,UTILITY_CHECK_COMPLETED,SYSTEM_DATA_CHECK,,PASS,,,CRM_Accounts record for CUST-DEMO-AU-1001,"{""result_id"":""RES-AUTH-001-5"",""case_run_id"":""AUTH-001"",""submission_version"":1,""sequence"":""5"",""agent_id"":""SBO.12"",""utility_name"":""System Data Check Agent"",""check_type"":""SYSTEM_DATA_CHECK"",""status"":""PASS"",""findings_json"":""{\""pid_count\"":1,\""legal_name_consistent\"":true,\""open_duplicate_request\"":false}"",""reason_codes"":"""",""evidence_references"":""CRM_Accounts record for CUST-DEMO-AU-1001"",""confidence"":""1"",""human_review_required"":false,""recommended_next_step"":""Continue to financial check"",""rule_ids"":"""",""rule_status_used"":""CONFIRMED_POC"",""created_at"":""2026-09-28T07:26:57.132Z"",""superseded"":false,""id"":3,""createdAt"":""2026-09-28T07:26:48.503Z"",""updatedAt"":""2026-09-28T07:26:57.167Z""}",1374
EVT-AUTH-001-5-1790580417289,AUTH-001,1,2026-09-25T20:08:50.000Z,SBO.12,UTILITY_CHECK_COMPLETED,SYSTEM_DATA_CHECK,,PASS,,,CRM_Accounts record for CUST-DEMO-AU-1001,"{""result_id"":""RES-AUTH-001-5"",""case_run_id"":""AUTH-001"",""submission_version"":1,""sequence"":""5"",""agent_id"":""SBO.12"",""utility_name"":""System Data Check Agent"",""check_type"":""SYSTEM_DATA_CHECK"",""status"":""PASS"",""findings_json"":""{\""pid_count\"":1,\""legal_name_consistent\"":true,\""open_duplicate_request\"":false}"",""reason_codes"":"""",""evidence_references"":""CRM_Accounts record for CUST-DEMO-AU-1001"",""confidence"":""1"",""human_review_required"":false,""recommended_next_step"":""Continue to financial check"",""rule_ids"":"""",""rule_status_used"":""CONFIRMED_POC"",""created_at"":""2026-09-28T07:26:57.132Z"",""superseded"":false,""id"":4,""createdAt"":""2026-09-28T07:26:53.816Z"",""updatedAt"":""2026-09-28T07:26:57.167Z""}",1374
EVT-AUTH-001-6-1790580419378,AUTH-001,1,2026-09-25T20:08:50.000Z,SBO.09,UTILITY_CHECK_COMPLETED,FINANCIAL_CHECK,,PASS,,F,Financial_Records record(s) for CUST-DEMO-AU-1001,"{""result_id"":""RES-AUTH-001-6"",""case_run_id"":""AUTH-001"",""submission_version"":1,""sequence"":""6"",""agent_id"":""SBO.09"",""utility_name"":""Financial Checks Agent"",""check_type"":""FINANCIAL_CHECK"",""status"":""PASS"",""findings_json"":""{\""credit_hold\"":false,\""total_outstanding\"":0,\""policy_exception\"":false}"",""reason_codes"":""FINANCIAL_CHECK_CLEAR"",""evidence_references"":""Financial_Records record(s) for CUST-DEMO-AU-1001"",""confidence"":""1"",""human_review_required"":false,""recommended_next_step"":""Continue to final verification"",""rule_ids"":""FIN-001"",""rule_status_used"":""CONFIRMED_POC"",""created_at"":""2026-09-28T07:26:59.301Z"",""superseded"":false,""id"":5,""createdAt"":""2026-09-28T07:26:59.319Z"",""updatedAt"":""2026-09-28T07:26:59.319Z""}",1375
EVT-AUTH-001-7-1790580421702,AUTH-001,1,2026-09-25T20:08:50.000Z,SBO.10,UTILITY_CHECK_COMPLETED,FINAL_VERIFICATION,,PASS,,F,Mock final verification result for AUTH-001,"{""result_id"":""RES-AUTH-001-7"",""case_run_id"":""AUTH-001"",""submission_version"":1,""sequence"":""7"",""agent_id"":""SBO.10"",""utility_name"":""Compliance Agent"",""check_type"":""FINAL_VERIFICATION"",""status"":""PASS"",""findings_json"":""{\""status\"":\""SUCCESSFUL\"",\""fraud_flag\"":false,\""manual_verification_required\"":false}"",""reason_codes"":""FINAL_VERIFICATION_SUCCESSFUL"",""evidence_references"":""Mock final verification result for AUTH-001"",""confidence"":""1"",""human_review_required"":false,""recommended_next_step"":""Apply final approval rule"",""rule_ids"":""CMP-001"",""rule_status_used"":""CONFIRMED_POC"",""created_at"":""2026-09-28T07:27:01.630Z"",""superseded"":false,""id"":6,""createdAt"":""2026-09-28T07:27:01.648Z"",""updatedAt"":""2026-09-28T07:27:01.648Z""}",1376
EVT-AUTH-004-1-1790580584392,AUTH-004,1,2026-09-25T20:08:50.000Z,SBO.05,UTILITY_CHECK_COMPLETED,DOCUMENT_EXTRACTION,,PASS,,,documents/AUTH-004,"{""result_id"":""RES-AUTH-004-1"",""case_run_id"":""AUTH-004"",""submission_version"":1,""sequence"":""1"",""agent_id"":""SBO.05"",""utility_name"":""Document Extraction Agent"",""check_type"":""DOCUMENT_EXTRACTION"",""status"":""PASS"",""findings_json"":""{\""documents_expected\"":3,\""documents_present\"":3,\""missing\"":[],\""all_readable\"":true}"",""reason_codes"":"""",""evidence_references"":""documents/AUTH-004"",""confidence"":""0.98"",""human_review_required"":false,""recommended_next_step"":""Continue to business validation"",""rule_ids"":"""",""rule_status_used"":""CONFIRMED_POC"",""created_at"":""2026-09-28T07:29:44.310Z"",""superseded"":false,""id"":7,""createdAt"":""2026-09-28T07:29:44.332Z"",""updatedAt"":""2026-09-28T07:29:44.332Z""}",1379
EVT-AUTH-004-2-1790580588719,AUTH-004,1,2026-09-25T20:08:50.000Z,SBO.06,UTILITY_CHECK_COMPLETED,BUSINESS_VALIDATION,,FAIL,,B,Business_Register row for NZ-DEMO-BIZ-2002,"{""result_id"":""RES-AUTH-004-2"",""case_run_id"":""AUTH-004"",""submission_version"":1,""sequence"":""2"",""agent_id"":""SBO.06"",""utility_name"":""Business Validation Utility"",""check_type"":""BUSINESS_VALIDATION"",""status"":""FAIL"",""findings_json"":""{\""lookup_status\"":\""SUCCESS\"",\""registration_status\"":\""INACTIVE\"",\""name_match\"":true}"",""reason_codes"":""BUSINESS_INACTIVE"",""evidence_references"":""Business_Register row for NZ-DEMO-BIZ-2002"",""confidence"":""1"",""human_review_required"":false,""recommended_next_step"":""Stop and route for business-status confirmation"",""rule_ids"":""REG-003"",""rule_status_used"":""ASSUMPTION"",""created_at"":""2026-09-28T07:29:48.645Z"",""superseded"":false,""id"":8,""createdAt"":""2026-09-28T07:29:48.668Z"",""updatedAt"":""2026-09-28T07:29:48.668Z""}",1380
EVT-AUTH-005-1-1790580696949,AUTH-005,1,2026-09-25T20:08:50.000Z,SBO.05,UTILITY_CHECK_COMPLETED,DOCUMENT_EXTRACTION,,PASS,,,documents/AUTH-005,"{""result_id"":""RES-AUTH-005-1"",""case_run_id"":""AUTH-005"",""submission_version"":1,""sequence"":""1"",""agent_id"":""SBO.05"",""utility_name"":""Document Extraction Agent"",""check_type"":""DOCUMENT_EXTRACTION"",""status"":""PASS"",""findings_json"":""{\""documents_expected\"":3,\""documents_present\"":3,\""missing\"":[],\""all_readable\"":true}"",""reason_codes"":"""",""evidence_references"":""documents/AUTH-005"",""confidence"":""0.98"",""human_review_required"":false,""recommended_next_step"":""Continue to business validation"",""rule_ids"":"""",""rule_status_used"":""CONFIRMED_POC"",""created_at"":""2026-09-28T07:31:36.874Z"",""superseded"":false,""id"":9,""createdAt"":""2026-09-28T07:31:36.893Z"",""updatedAt"":""2026-09-28T07:31:36.893Z""}",1383
EVT-AUTH-005-2-1790580698771,AUTH-005,1,2026-09-25T20:08:50.000Z,SBO.06,UTILITY_CHECK_COMPLETED,BUSINESS_VALIDATION,,PASS,,B,Business_Register row for AU-DEMO-BIZ-1003,"{""result_id"":""RES-AUTH-005-2"",""case_run_id"":""AUTH-005"",""submission_version"":1,""sequence"":""2"",""agent_id"":""SBO.06"",""utility_name"":""Business Validation Utility"",""check_type"":""BUSINESS_VALIDATION"",""status"":""PASS"",""findings_json"":""{\""lookup_status\"":\""SUCCESS\"",\""registration_status\"":\""ACTIVE\"",\""name_match\"":true,\""identifier_match\"":true}"",""reason_codes"":""BUSINESS_ACTIVE"",""evidence_references"":""Business_Register row for AU-DEMO-BIZ-1003"",""confidence"":""1"",""human_review_required"":false,""recommended_next_step"":""Continue to identity validation"",""rule_ids"":""REG-001"",""rule_status_used"":""CONFIRMED_POC"",""created_at"":""2026-09-28T07:31:38.698Z"",""superseded"":false,""id"":10,""createdAt"":""2026-09-28T07:31:38.719Z"",""updatedAt"":""2026-09-28T07:31:38.719Z""}",1384
EVT-AUTH-005-3-1790580700393,AUTH-005,1,2026-09-25T20:08:50.000Z,SBO.07,UTILITY_CHECK_COMPLETED,IDENTITY_VALIDATION,,PASS,,I,documents/AUTH-005/AUTH-005_Identity_Profile.pdf,"{""result_id"":""RES-AUTH-005-3"",""case_run_id"":""AUTH-005"",""submission_version"":1,""sequence"":""3"",""agent_id"":""SBO.07"",""utility_name"":""Identity & Authority Agent"",""check_type"":""IDENTITY_VALIDATION"",""status"":""PASS"",""findings_json"":""{\""name_match\"":true,\""identity_status\"":\""VALID_SYNTHETIC\"",\""expired\"":false}"",""reason_codes"":""IDENTITY_VERIFIED"",""evidence_references"":""documents/AUTH-005/AUTH-005_Identity_Profile.pdf"",""confidence"":""0.97"",""human_review_required"":false,""recommended_next_step"":""Continue to authority validation"",""rule_ids"":""ID-001"",""rule_status_used"":""CONFIRMED_POC"",""created_at"":""2026-09-28T07:31:40.321Z"",""superseded"":false,""id"":11,""createdAt"":""2026-09-28T07:31:40.342Z"",""updatedAt"":""2026-09-28T07:31:40.342Z""}",1385
EVT-AUTH-005-4-1790580702536,AUTH-005,1,2026-09-25T20:08:50.000Z,SBO.07,UTILITY_CHECK_COMPLETED,AUTHORITY_VALIDATION,,PASS,,A,documents/AUTH-005/AUTH-005_AUTHORITY_LETTER.pdf,"{""result_id"":""RES-AUTH-005-4"",""case_run_id"":""AUTH-005"",""submission_version"":1,""sequence"":""4"",""agent_id"":""SBO.07"",""utility_name"":""Identity & Authority Agent"",""check_type"":""AUTHORITY_VALIDATION"",""status"":""PASS"",""findings_json"":""{\""representative_named\"":true,\""account_management\"":true,\""service_ordering\"":true,\""contract_signing\"":true,\""scope\"":\""CLEAR\""}"",""reason_codes"":""AUTHORITY_SCOPE_CLEAR"",""evidence_references"":""documents/AUTH-005/AUTH-005_AUTHORITY_LETTER.pdf"",""confidence"":""0.97"",""human_review_required"":false,""recommended_next_step"":""Continue to system-data check"",""rule_ids"":""AUTH-003"",""rule_status_used"":""CONFIRMED_POC"",""created_at"":""2026-09-28T07:31:42.461Z"",""superseded"":false,""id"":12,""createdAt"":""2026-09-28T07:31:42.480Z"",""updatedAt"":""2026-09-28T07:31:42.480Z""}",1386
EVT-AUTH-005-5-1790580704874,AUTH-005,1,2026-09-25T20:08:50.000Z,SBO.12,UTILITY_CHECK_COMPLETED,SYSTEM_DATA_CHECK,,INCONCLUSIVE,,D,CRM_Accounts rows CRM-AUTH-005-A and CRM-AUTH-005-B,"{""result_id"":""RES-AUTH-005-5"",""case_run_id"":""AUTH-005"",""submission_version"":1,""sequence"":""5"",""agent_id"":""SBO.12"",""utility_name"":""System Data Check Agent"",""check_type"":""SYSTEM_DATA_CHECK"",""status"":""INCONCLUSIVE"",""findings_json"":""{\""pid_count\"":2,\""duplicate_group\"":\""DUP-GRP-005\"",\""legal_name_conflict\"":true,\""open_duplicate_request\"":true}"",""reason_codes"":""DUPLICATE_RECORD_CONFLICT"",""evidence_references"":""CRM_Accounts rows CRM-AUTH-005-A and CRM-AUTH-005-B"",""confidence"":""1"",""human_review_required"":false,""recommended_next_step"":""Route to Data Reconciliation"",""rule_ids"":""CRM-002"",""rule_status_used"":""CONFIRMED_POC"",""created_at"":""2026-09-28T07:31:44.774Z"",""superseded"":false,""id"":1,""createdAt"":""2026-09-28T07:26:42.021Z"",""updatedAt"":""2026-09-28T07:31:44.793Z""}",1387
EVT-AUTH-005-5-1790580704883,AUTH-005,1,2026-09-25T20:08:50.000Z,SBO.12,UTILITY_CHECK_COMPLETED,SYSTEM_DATA_CHECK,,INCONCLUSIVE,,D,CRM_Accounts rows CRM-AUTH-005-A and CRM-AUTH-005-B,"{""result_id"":""RES-AUTH-005-5"",""case_run_id"":""AUTH-005"",""submission_version"":1,""sequence"":""5"",""agent_id"":""SBO.12"",""utility_name"":""System Data Check Agent"",""check_type"":""SYSTEM_DATA_CHECK"",""status"":""INCONCLUSIVE"",""findings_json"":""{\""pid_count\"":2,\""duplicate_group\"":\""DUP-GRP-005\"",\""legal_name_conflict\"":true,\""open_duplicate_request\"":true}"",""reason_codes"":""DUPLICATE_RECORD_CONFLICT"",""evidence_references"":""CRM_Accounts rows CRM-AUTH-005-A and CRM-AUTH-005-B"",""confidence"":""1"",""human_review_required"":false,""recommended_next_step"":""Route to Data Reconciliation"",""rule_ids"":""CRM-002"",""rule_status_used"":""CONFIRMED_POC"",""created_at"":""2026-09-28T07:31:44.774Z"",""superseded"":false,""id"":2,""createdAt"":""2026-09-28T07:26:45.253Z"",""updatedAt"":""2026-09-28T07:31:44.793Z""}",1387
EVT-AUTH-005-5-1790580704889,AUTH-005,1,2026-09-25T20:08:50.000Z,SBO.12,UTILITY_CHECK_COMPLETED,SYSTEM_DATA_CHECK,,INCONCLUSIVE,,D,CRM_Accounts rows CRM-AUTH-005-A and CRM-AUTH-005-B,"{""result_id"":""RES-AUTH-005-5"",""case_run_id"":""AUTH-005"",""submission_version"":1,""sequence"":""5"",""agent_id"":""SBO.12"",""utility_name"":""System Data Check Agent"",""check_type"":""SYSTEM_DATA_CHECK"",""status"":""INCONCLUSIVE"",""findings_json"":""{\""pid_count\"":2,\""duplicate_group\"":\""DUP-GRP-005\"",\""legal_name_conflict\"":true,\""open_duplicate_request\"":true}"",""reason_codes"":""DUPLICATE_RECORD_CONFLICT"",""evidence_references"":""CRM_Accounts rows CRM-AUTH-005-A and CRM-AUTH-005-B"",""confidence"":""1"",""human_review_required"":false,""recommended_next_step"":""Route to Data Reconciliation"",""rule_ids"":""CRM-002"",""rule_status_used"":""CONFIRMED_POC"",""created_at"":""2026-09-28T07:31:44.774Z"",""superseded"":false,""id"":3,""createdAt"":""2026-09-28T07:26:48.503Z"",""updatedAt"":""2026-09-28T07:31:44.793Z""}",1387
EVT-AUTH-005-5-1790580704897,AUTH-005,1,2026-09-25T20:08:50.000Z,SBO.12,UTILITY_CHECK_COMPLETED,SYSTEM_DATA_CHECK,,INCONCLUSIVE,,D,CRM_Accounts rows CRM-AUTH-005-A and CRM-AUTH-005-B,"{""result_id"":""RES-AUTH-005-5"",""case_run_id"":""AUTH-005"",""submission_version"":1,""sequence"":""5"",""agent_id"":""SBO.12"",""utility_name"":""System Data Check Agent"",""check_type"":""SYSTEM_DATA_CHECK"",""status"":""INCONCLUSIVE"",""findings_json"":""{\""pid_count\"":2,\""duplicate_group\"":\""DUP-GRP-005\"",\""legal_name_conflict\"":true,\""open_duplicate_request\"":true}"",""reason_codes"":""DUPLICATE_RECORD_CONFLICT"",""evidence_references"":""CRM_Accounts rows CRM-AUTH-005-A and CRM-AUTH-005-B"",""confidence"":""1"",""human_review_required"":false,""recommended_next_step"":""Route to Data Reconciliation"",""rule_ids"":""CRM-002"",""rule_status_used"":""CONFIRMED_POC"",""created_at"":""2026-09-28T07:31:44.774Z"",""superseded"":false,""id"":4,""createdAt"":""2026-09-28T07:26:53.816Z"",""updatedAt"":""2026-09-28T07:31:44.793Z""}",1387
EVT-AUTH-005-5-1790580704904,AUTH-005,1,2026-09-25T20:08:50.000Z,SBO.12,UTILITY_CHECK_COMPLETED,SYSTEM_DATA_CHECK,,INCONCLUSIVE,,D,CRM_Accounts rows CRM-AUTH-005-A and CRM-AUTH-005-B,"{""result_id"":""RES-AUTH-005-5"",""case_run_id"":""AUTH-005"",""submission_version"":1,""sequence"":""5"",""agent_id"":""SBO.12"",""utility_name"":""System Data Check Agent"",""check_type"":""SYSTEM_DATA_CHECK"",""status"":""INCONCLUSIVE"",""findings_json"":""{\""pid_count\"":2,\""duplicate_group\"":\""DUP-GRP-005\"",\""legal_name_conflict\"":true,\""open_duplicate_request\"":true}"",""reason_codes"":""DUPLICATE_RECORD_CONFLICT"",""evidence_references"":""CRM_Accounts rows CRM-AUTH-005-A and CRM-AUTH-005-B"",""confidence"":""1"",""human_review_required"":false,""recommended_next_step"":""Route to Data Reconciliation"",""rule_ids"":""CRM-002"",""rule_status_used"":""CONFIRMED_POC"",""created_at"":""2026-09-28T07:31:44.774Z"",""superseded"":false,""id"":5,""createdAt"":""2026-09-28T07:26:59.319Z"",""updatedAt"":""2026-09-28T07:31:44.793Z""}",1387
EVT-AUTH-005-5-1790580704912,AUTH-005,1,2026-09-25T20:08:50.000Z,SBO.12,UTILITY_CHECK_COMPLETED,SYSTEM_DATA_CHECK,,INCONCLUSIVE,,D,CRM_Accounts rows CRM-AUTH-005-A and CRM-AUTH-005-B,"{""result_id"":""RES-AUTH-005-5"",""case_run_id"":""AUTH-005"",""submission_version"":1,""sequence"":""5"",""agent_id"":""SBO.12"",""utility_name"":""System Data Check Agent"",""check_type"":""SYSTEM_DATA_CHECK"",""status"":""INCONCLUSIVE"",""findings_json"":""{\""pid_count\"":2,\""duplicate_group\"":\""DUP-GRP-005\"",\""legal_name_conflict\"":true,\""open_duplicate_request\"":true}"",""reason_codes"":""DUPLICATE_RECORD_CONFLICT"",""evidence_references"":""CRM_Accounts rows CRM-AUTH-005-A and CRM-AUTH-005-B"",""confidence"":""1"",""human_review_required"":false,""recommended_next_step"":""Route to Data Reconciliation"",""rule_ids"":""CRM-002"",""rule_status_used"":""CONFIRMED_POC"",""created_at"":""2026-09-28T07:31:44.774Z"",""superseded"":false,""id"":6,""createdAt"":""2026-09-28T07:27:01.648Z"",""updatedAt"":""2026-09-28T07:31:44.793Z""}",1387
EVT-AUTH-005-5-1790580704921,AUTH-005,1,2026-09-25T20:08:50.000Z,SBO.12,UTILITY_CHECK_COMPLETED,SYSTEM_DATA_CHECK,,INCONCLUSIVE,,D,CRM_Accounts rows CRM-AUTH-005-A and CRM-AUTH-005-B,"{""result_id"":""RES-AUTH-005-5"",""case_run_id"":""AUTH-005"",""submission_version"":1,""sequence"":""5"",""agent_id"":""SBO.12"",""utility_name"":""System Data Check Agent"",""check_type"":""SYSTEM_DATA_CHECK"",""status"":""INCONCLUSIVE"",""findings_json"":""{\""pid_count\"":2,\""duplicate_group\"":\""DUP-GRP-005\"",\""legal_name_conflict\"":true,\""open_duplicate_request\"":true}"",""reason_codes"":""DUPLICATE_RECORD_CONFLICT"",""evidence_references"":""CRM_Accounts rows CRM-AUTH-005-A and CRM-AUTH-005-B"",""confidence"":""1"",""human_review_required"":false,""recommended_next_step"":""Route to Data Reconciliation"",""rule_ids"":""CRM-002"",""rule_status_used"":""CONFIRMED_POC"",""created_at"":""2026-09-28T07:31:44.774Z"",""superseded"":false,""id"":7,""createdAt"":""2026-09-28T07:29:44.332Z"",""updatedAt"":""2026-09-28T07:31:44.793Z""}",1387
EVT-AUTH-005-5-1790580704930,AUTH-005,1,2026-09-25T20:08:50.000Z,SBO.12,UTILITY_CHECK_COMPLETED,SYSTEM_DATA_CHECK,,INCONCLUSIVE,,D,CRM_Accounts rows CRM-AUTH-005-A and CRM-AUTH-005-B,"{""result_id"":""RES-AUTH-005-5"",""case_run_id"":""AUTH-005"",""submission_version"":1,""sequence"":""5"",""agent_id"":""SBO.12"",""utility_name"":""System Data Check Agent"",""check_type"":""SYSTEM_DATA_CHECK"",""status"":""INCONCLUSIVE"",""findings_json"":""{\""pid_count\"":2,\""duplicate_group\"":\""DUP-GRP-005\"",\""legal_name_conflict\"":true,\""open_duplicate_request\"":true}"",""reason_codes"":""DUPLICATE_RECORD_CONFLICT"",""evidence_references"":""CRM_Accounts rows CRM-AUTH-005-A and CRM-AUTH-005-B"",""confidence"":""1"",""human_review_required"":false,""recommended_next_step"":""Route to Data Reconciliation"",""rule_ids"":""CRM-002"",""rule_status_used"":""CONFIRMED_POC"",""created_at"":""2026-09-28T07:31:44.774Z"",""superseded"":false,""id"":8,""createdAt"":""2026-09-28T07:29:48.668Z"",""updatedAt"":""2026-09-28T07:31:44.793Z""}",1387
EVT-AUTH-005-5-1790580704939,AUTH-005,1,2026-09-25T20:08:50.000Z,SBO.12,UTILITY_CHECK_COMPLETED,SYSTEM_DATA_CHECK,,INCONCLUSIVE,,D,CRM_Accounts rows CRM-AUTH-005-A and CRM-AUTH-005-B,"{""result_id"":""RES-AUTH-005-5"",""case_run_id"":""AUTH-005"",""submission_version"":1,""sequence"":""5"",""agent_id"":""SBO.12"",""utility_name"":""System Data Check Agent"",""check_type"":""SYSTEM_DATA_CHECK"",""status"":""INCONCLUSIVE"",""findings_json"":""{\""pid_count\"":2,\""duplicate_group\"":\""DUP-GRP-005\"",\""legal_name_conflict\"":true,\""open_duplicate_request\"":true}"",""reason_codes"":""DUPLICATE_RECORD_CONFLICT"",""evidence_references"":""CRM_Accounts rows CRM-AUTH-005-A and CRM-AUTH-005-B"",""confidence"":""1"",""human_review_required"":false,""recommended_next_step"":""Route to Data Reconciliation"",""rule_ids"":""CRM-002"",""rule_status_used"":""CONFIRMED_POC"",""created_at"":""2026-09-28T07:31:44.774Z"",""superseded"":false,""id"":9,""createdAt"":""2026-09-28T07:31:36.893Z"",""updatedAt"":""2026-09-28T07:31:44.793Z""}",1387
EVT-AUTH-005-5-1790580704950,AUTH-005,1,2026-09-25T20:08:50.000Z,SBO.12,UTILITY_CHECK_COMPLETED,SYSTEM_DATA_CHECK,,INCONCLUSIVE,,D,CRM_Accounts rows CRM-AUTH-005-A and CRM-AUTH-005-B,"{""result_id"":""RES-AUTH-005-5"",""case_run_id"":""AUTH-005"",""submission_version"":1,""sequence"":""5"",""agent_id"":""SBO.12"",""utility_name"":""System Data Check Agent"",""check_type"":""SYSTEM_DATA_CHECK"",""status"":""INCONCLUSIVE"",""findings_json"":""{\""pid_count\"":2,\""duplicate_group\"":\""DUP-GRP-005\"",\""legal_name_conflict\"":true,\""open_duplicate_request\"":true}"",""reason_codes"":""DUPLICATE_RECORD_CONFLICT"",""evidence_references"":""CRM_Accounts rows CRM-AUTH-005-A and CRM-AUTH-005-B"",""confidence"":""1"",""human_review_required"":false,""recommended_next_step"":""Route to Data Reconciliation"",""rule_ids"":""CRM-002"",""rule_status_used"":""CONFIRMED_POC"",""created_at"":""2026-09-28T07:31:44.774Z"",""superseded"":false,""id"":10,""createdAt"":""2026-09-28T07:31:38.719Z"",""updatedAt"":""2026-09-28T07:31:44.793Z""}",1387
EVT-AUTH-005-5-1790580704960,AUTH-005,1,2026-09-25T20:08:50.000Z,SBO.12,UTILITY_CHECK_COMPLETED,SYSTEM_DATA_CHECK,,INCONCLUSIVE,,D,CRM_Accounts rows CRM-AUTH-005-A and CRM-AUTH-005-B,"{""result_id"":""RES-AUTH-005-5"",""case_run_id"":""AUTH-005"",""submission_version"":1,""sequence"":""5"",""agent_id"":""SBO.12"",""utility_name"":""System Data Check Agent"",""check_type"":""SYSTEM_DATA_CHECK"",""status"":""INCONCLUSIVE"",""findings_json"":""{\""pid_count\"":2,\""duplicate_group\"":\""DUP-GRP-005\"",\""legal_name_conflict\"":true,\""open_duplicate_request\"":true}"",""reason_codes"":""DUPLICATE_RECORD_CONFLICT"",""evidence_references"":""CRM_Accounts rows CRM-AUTH-005-A and CRM-AUTH-005-B"",""confidence"":""1"",""human_review_required"":false,""recommended_next_step"":""Route to Data Reconciliation"",""rule_ids"":""CRM-002"",""rule_status_used"":""CONFIRMED_POC"",""created_at"":""2026-09-28T07:31:44.774Z"",""superseded"":false,""id"":11,""createdAt"":""2026-09-28T07:31:40.342Z"",""updatedAt"":""2026-09-28T07:31:44.793Z""}",1387
EVT-AUTH-005-5-1790580704970,AUTH-005,1,2026-09-25T20:08:50.000Z,SBO.12,UTILITY_CHECK_COMPLETED,SYSTEM_DATA_CHECK,,INCONCLUSIVE,,D,CRM_Accounts rows CRM-AUTH-005-A and CRM-AUTH-005-B,"{""result_id"":""RES-AUTH-005-5"",""case_run_id"":""AUTH-005"",""submission_version"":1,""sequence"":""5"",""agent_id"":""SBO.12"",""utility_name"":""System Data Check Agent"",""check_type"":""SYSTEM_DATA_CHECK"",""status"":""INCONCLUSIVE"",""findings_json"":""{\""pid_count\"":2,\""duplicate_group\"":\""DUP-GRP-005\"",\""legal_name_conflict\"":true,\""open_duplicate_request\"":true}"",""reason_codes"":""DUPLICATE_RECORD_CONFLICT"",""evidence_references"":""CRM_Accounts rows CRM-AUTH-005-A and CRM-AUTH-005-B"",""confidence"":""1"",""human_review_required"":false,""recommended_next_step"":""Route to Data Reconciliation"",""rule_ids"":""CRM-002"",""rule_status_used"":""CONFIRMED_POC"",""created_at"":""2026-09-28T07:31:44.774Z"",""superseded"":false,""id"":12,""createdAt"":""2026-09-28T07:31:42.480Z"",""updatedAt"":""2026-09-28T07:31:44.793Z""}",1387
EVT-AUTH-005-1-1790586049099,AUTH-005,1,2026-09-25T20:08:50.000Z,SBO.05,UTILITY_CHECK_COMPLETED,DOCUMENT_EXTRACTION,,PASS,,,documents/AUTH-005,"{""result_id"":""RES-AUTH-005-1"",""case_run_id"":""AUTH-005"",""submission_version"":1,""sequence"":""1"",""agent_id"":""SBO.05"",""utility_name"":""Document Extraction Agent"",""check_type"":""DOCUMENT_EXTRACTION"",""status"":""PASS"",""findings_json"":""{\""documents_expected\"":3,\""documents_present\"":3,\""missing\"":[],\""all_readable\"":true}"",""reason_codes"":"""",""evidence_references"":""documents/AUTH-005"",""confidence"":""0.98"",""human_review_required"":false,""recommended_next_step"":""Continue to business validation"",""rule_ids"":"""",""rule_status_used"":""CONFIRMED_POC"",""created_at"":""2026-09-28T09:00:48.975Z"",""superseded"":false,""id"":1,""createdAt"":""2026-09-28T09:00:48.999Z"",""updatedAt"":""2026-09-28T09:00:48.999Z""}",1390
EVT-AUTH-005-2-1790586051639,AUTH-005,1,2026-09-25T20:08:50.000Z,SBO.06,UTILITY_CHECK_COMPLETED,BUSINESS_VALIDATION,,PASS,,B,Business_Register row for AU-DEMO-BIZ-1003,"{""result_id"":""RES-AUTH-005-2"",""case_run_id"":""AUTH-005"",""submission_version"":1,""sequence"":""2"",""agent_id"":""SBO.06"",""utility_name"":""Business Validation Utility"",""check_type"":""BUSINESS_VALIDATION"",""status"":""PASS"",""findings_json"":""{\""lookup_status\"":\""SUCCESS\"",\""registration_status\"":\""ACTIVE\"",\""name_match\"":true,\""identifier_match\"":true}"",""reason_codes"":""BUSINESS_ACTIVE"",""evidence_references"":""Business_Register row for AU-DEMO-BIZ-1003"",""confidence"":""1"",""human_review_required"":false,""recommended_next_step"":""Continue to identity validation"",""rule_ids"":""REG-001"",""rule_status_used"":""CONFIRMED_POC"",""created_at"":""2026-09-28T09:00:51.549Z"",""superseded"":false,""id"":2,""createdAt"":""2026-09-28T09:00:51.577Z"",""updatedAt"":""2026-09-28T09:00:51.577Z""}",1391
EVT-AUTH-005-3-1790586053499,AUTH-005,1,2026-09-25T20:08:50.000Z,SBO.07,UTILITY_CHECK_COMPLETED,IDENTITY_VALIDATION,,PASS,,I,documents/AUTH-005/AUTH-005_Identity_Profile.pdf,"{""result_id"":""RES-AUTH-005-3"",""case_run_id"":""AUTH-005"",""submission_version"":1,""sequence"":""3"",""agent_id"":""SBO.07"",""utility_name"":""Identity & Authority Agent"",""check_type"":""IDENTITY_VALIDATION"",""status"":""PASS"",""findings_json"":""{\""name_match\"":true,\""identity_status\"":\""VALID_SYNTHETIC\"",\""expired\"":false}"",""reason_codes"":""IDENTITY_VERIFIED"",""evidence_references"":""documents/AUTH-005/AUTH-005_Identity_Profile.pdf"",""confidence"":""0.97"",""human_review_required"":false,""recommended_next_step"":""Continue to authority validation"",""rule_ids"":""ID-001"",""rule_status_used"":""CONFIRMED_POC"",""created_at"":""2026-09-28T09:00:53.385Z"",""superseded"":false,""id"":3,""createdAt"":""2026-09-28T09:00:53.406Z"",""updatedAt"":""2026-09-28T09:00:53.406Z""}",1392
EVT-AUTH-005-4-1790586056063,AUTH-005,1,2026-09-25T20:08:50.000Z,SBO.07,UTILITY_CHECK_COMPLETED,AUTHORITY_VALIDATION,,PASS,,A,documents/AUTH-005/AUTH-005_AUTHORITY_LETTER.pdf,"{""result_id"":""RES-AUTH-005-4"",""case_run_id"":""AUTH-005"",""submission_version"":1,""sequence"":""4"",""agent_id"":""SBO.07"",""utility_name"":""Identity & Authority Agent"",""check_type"":""AUTHORITY_VALIDATION"",""status"":""PASS"",""findings_json"":""{\""representative_named\"":true,\""account_management\"":true,\""service_ordering\"":true,\""contract_signing\"":true,\""scope\"":\""CLEAR\""}"",""reason_codes"":""AUTHORITY_SCOPE_CLEAR"",""evidence_references"":""documents/AUTH-005/AUTH-005_AUTHORITY_LETTER.pdf"",""confidence"":""0.97"",""human_review_required"":false,""recommended_next_step"":""Continue to system-data check"",""rule_ids"":""AUTH-003"",""rule_status_used"":""CONFIRMED_POC"",""created_at"":""2026-09-28T09:00:55.965Z"",""superseded"":false,""id"":4,""createdAt"":""2026-09-28T09:00:55.983Z"",""updatedAt"":""2026-09-28T09:00:55.983Z""}",1393
EVT-AUTH-005-5-1790586058349,AUTH-005,1,2026-09-25T20:08:50.000Z,SBO.12,UTILITY_CHECK_COMPLETED,SYSTEM_DATA_CHECK,,INCONCLUSIVE,,D,CRM_Accounts rows CRM-AUTH-005-A and CRM-AUTH-005-B,"{""result_id"":""RES-AUTH-005-5"",""case_run_id"":""AUTH-005"",""submission_version"":1,""sequence"":""5"",""agent_id"":""SBO.12"",""utility_name"":""System Data Check Agent"",""check_type"":""SYSTEM_DATA_CHECK"",""status"":""INCONCLUSIVE"",""findings_json"":""{\""pid_count\"":2,\""duplicate_group\"":\""DUP-GRP-005\"",\""legal_name_conflict\"":true,\""open_duplicate_request\"":true}"",""reason_codes"":""DUPLICATE_RECORD_CONFLICT"",""evidence_references"":""CRM_Accounts rows CRM-AUTH-005-A and CRM-AUTH-005-B"",""confidence"":""1"",""human_review_required"":false,""recommended_next_step"":""Route to Data Reconciliation"",""rule_ids"":""CRM-002"",""rule_status_used"":""CONFIRMED_POC"",""created_at"":""2026-09-28T09:00:58.259Z"",""superseded"":false,""id"":1,""createdAt"":""2026-09-28T09:00:48.999Z"",""updatedAt"":""2026-09-28T09:00:58.283Z""}",1394
EVT-AUTH-005-5-1790586058358,AUTH-005,1,2026-09-25T20:08:50.000Z,SBO.12,UTILITY_CHECK_COMPLETED,SYSTEM_DATA_CHECK,,INCONCLUSIVE,,D,CRM_Accounts rows CRM-AUTH-005-A and CRM-AUTH-005-B,"{""result_id"":""RES-AUTH-005-5"",""case_run_id"":""AUTH-005"",""submission_version"":1,""sequence"":""5"",""agent_id"":""SBO.12"",""utility_name"":""System Data Check Agent"",""check_type"":""SYSTEM_DATA_CHECK"",""status"":""INCONCLUSIVE"",""findings_json"":""{\""pid_count\"":2,\""duplicate_group\"":\""DUP-GRP-005\"",\""legal_name_conflict\"":true,\""open_duplicate_request\"":true}"",""reason_codes"":""DUPLICATE_RECORD_CONFLICT"",""evidence_references"":""CRM_Accounts rows CRM-AUTH-005-A and CRM-AUTH-005-B"",""confidence"":""1"",""human_review_required"":false,""recommended_next_step"":""Route to Data Reconciliation"",""rule_ids"":""CRM-002"",""rule_status_used"":""CONFIRMED_POC"",""created_at"":""2026-09-28T09:00:58.259Z"",""superseded"":false,""id"":2,""createdAt"":""2026-09-28T09:00:51.577Z"",""updatedAt"":""2026-09-28T09:00:58.283Z""}",1394
EVT-AUTH-005-5-1790586058368,AUTH-005,1,2026-09-25T20:08:50.000Z,SBO.12,UTILITY_CHECK_COMPLETED,SYSTEM_DATA_CHECK,,INCONCLUSIVE,,D,CRM_Accounts rows CRM-AUTH-005-A and CRM-AUTH-005-B,"{""result_id"":""RES-AUTH-005-5"",""case_run_id"":""AUTH-005"",""submission_version"":1,""sequence"":""5"",""agent_id"":""SBO.12"",""utility_name"":""System Data Check Agent"",""check_type"":""SYSTEM_DATA_CHECK"",""status"":""INCONCLUSIVE"",""findings_json"":""{\""pid_count\"":2,\""duplicate_group\"":\""DUP-GRP-005\"",\""legal_name_conflict\"":true,\""open_duplicate_request\"":true}"",""reason_codes"":""DUPLICATE_RECORD_CONFLICT"",""evidence_references"":""CRM_Accounts rows CRM-AUTH-005-A and CRM-AUTH-005-B"",""confidence"":""1"",""human_review_required"":false,""recommended_next_step"":""Route to Data Reconciliation"",""rule_ids"":""CRM-002"",""rule_status_used"":""CONFIRMED_POC"",""created_at"":""2026-09-28T09:00:58.259Z"",""superseded"":false,""id"":3,""createdAt"":""2026-09-28T09:00:53.406Z"",""updatedAt"":""2026-09-28T09:00:58.283Z""}",1394
EVT-AUTH-005-5-1790586058379,AUTH-005,1,2026-09-25T20:08:50.000Z,SBO.12,UTILITY_CHECK_COMPLETED,SYSTEM_DATA_CHECK,,INCONCLUSIVE,,D,CRM_Accounts rows CRM-AUTH-005-A and CRM-AUTH-005-B,"{""result_id"":""RES-AUTH-005-5"",""case_run_id"":""AUTH-005"",""submission_version"":1,""sequence"":""5"",""agent_id"":""SBO.12"",""utility_name"":""System Data Check Agent"",""check_type"":""SYSTEM_DATA_CHECK"",""status"":""INCONCLUSIVE"",""findings_json"":""{\""pid_count\"":2,\""duplicate_group\"":\""DUP-GRP-005\"",\""legal_name_conflict\"":true,\""open_duplicate_request\"":true}"",""reason_codes"":""DUPLICATE_RECORD_CONFLICT"",""evidence_references"":""CRM_Accounts rows CRM-AUTH-005-A and CRM-AUTH-005-B"",""confidence"":""1"",""human_review_required"":false,""recommended_next_step"":""Route to Data Reconciliation"",""rule_ids"":""CRM-002"",""rule_status_used"":""CONFIRMED_POC"",""created_at"":""2026-09-28T09:00:58.259Z"",""superseded"":false,""id"":4,""createdAt"":""2026-09-28T09:00:55.983Z"",""updatedAt"":""2026-09-28T09:00:58.283Z""}",1394
EVT-AUTH-006-1-1790586123983,AUTH-006,1,2026-09-25T20:08:50.000Z,SBO.05,UTILITY_CHECK_COMPLETED,DOCUMENT_EXTRACTION,,PASS,,,documents/AUTH-006,"{""result_id"":""RES-AUTH-006-1"",""case_run_id"":""AUTH-006"",""submission_version"":1,""sequence"":""1"",""agent_id"":""SBO.05"",""utility_name"":""Document Extraction Agent"",""check_type"":""DOCUMENT_EXTRACTION"",""status"":""PASS"",""findings_json"":""{\""documents_expected\"":3,\""documents_present\"":3,\""missing\"":[],\""all_readable\"":true}"",""reason_codes"":"""",""evidence_references"":""documents/AUTH-006"",""confidence"":""0.98"",""human_review_required"":false,""recommended_next_step"":""Continue to business validation"",""rule_ids"":"""",""rule_status_used"":""CONFIRMED_POC"",""created_at"":""2026-09-28T09:02:03.877Z"",""superseded"":false,""id"":5,""createdAt"":""2026-09-28T09:02:03.899Z"",""updatedAt"":""2026-09-28T09:02:03.899Z""}",1397
EVT-AUTH-006-2-1790586127434,AUTH-006,1,2026-09-25T20:08:50.000Z,SBO.06,UTILITY_CHECK_COMPLETED,BUSINESS_VALIDATION,,PASS,,B,Business_Register row for NZ-DEMO-BIZ-2003,"{""result_id"":""RES-AUTH-006-2"",""case_run_id"":""AUTH-006"",""submission_version"":1,""sequence"":""2"",""agent_id"":""SBO.06"",""utility_name"":""Business Validation Utility"",""check_type"":""BUSINESS_VALIDATION"",""status"":""PASS"",""findings_json"":""{\""lookup_status\"":\""SUCCESS\"",\""registration_status\"":\""ACTIVE\"",\""name_match\"":true,\""identifier_match\"":true}"",""reason_codes"":""BUSINESS_ACTIVE"",""evidence_references"":""Business_Register row for NZ-DEMO-BIZ-2003"",""confidence"":""1"",""human_review_required"":false,""recommended_next_step"":""Continue to identity validation"",""rule_ids"":""REG-001"",""rule_status_used"":""CONFIRMED_POC"",""created_at"":""2026-09-28T09:02:07.332Z"",""superseded"":false,""id"":6,""createdAt"":""2026-09-28T09:02:07.351Z"",""updatedAt"":""2026-09-28T09:02:07.351Z""}",1398
EVT-AUTH-006-3-1790586129403,AUTH-006,1,2026-09-25T20:08:50.000Z,SBO.07,UTILITY_CHECK_COMPLETED,IDENTITY_VALIDATION,,PASS,,I,documents/AUTH-006/AUTH-006_Identity_Profile.pdf,"{""result_id"":""RES-AUTH-006-3"",""case_run_id"":""AUTH-006"",""submission_version"":1,""sequence"":""3"",""agent_id"":""SBO.07"",""utility_name"":""Identity & Authority Agent"",""check_type"":""IDENTITY_VALIDATION"",""status"":""PASS"",""findings_json"":""{\""name_match\"":true,\""identity_status\"":\""VALID_SYNTHETIC\"",\""expired\"":false}"",""reason_codes"":""IDENTITY_VERIFIED"",""evidence_references"":""documents/AUTH-006/AUTH-006_Identity_Profile.pdf"",""confidence"":""0.97"",""human_review_required"":false,""recommended_next_step"":""Continue to authority validation"",""rule_ids"":""ID-001"",""rule_status_used"":""CONFIRMED_POC"",""created_at"":""2026-09-28T09:02:09.300Z"",""superseded"":false,""id"":7,""createdAt"":""2026-09-28T09:02:09.321Z"",""updatedAt"":""2026-09-28T09:02:09.321Z""}",1399
EVT-AUTH-006-4-1790586131819,AUTH-006,1,2026-09-25T20:08:50.000Z,SBO.07,UTILITY_CHECK_COMPLETED,AUTHORITY_VALIDATION,,PASS,,A,documents/AUTH-006/AUTH-006_AUTHORITY_LETTER.pdf,"{""result_id"":""RES-AUTH-006-4"",""case_run_id"":""AUTH-006"",""submission_version"":1,""sequence"":""4"",""agent_id"":""SBO.07"",""utility_name"":""Identity & Authority Agent"",""check_type"":""AUTHORITY_VALIDATION"",""status"":""PASS"",""findings_json"":""{\""representative_named\"":true,\""account_management\"":true,\""service_ordering\"":true,\""contract_signing\"":true,\""scope\"":\""CLEAR\""}"",""reason_codes"":""AUTHORITY_SCOPE_CLEAR"",""evidence_references"":""documents/AUTH-006/AUTH-006_AUTHORITY_LETTER.pdf"",""confidence"":""0.97"",""human_review_required"":false,""recommended_next_step"":""Continue to system-data check"",""rule_ids"":""AUTH-003"",""rule_status_used"":""CONFIRMED_POC"",""created_at"":""2026-09-28T09:02:11.725Z"",""superseded"":false,""id"":8,""createdAt"":""2026-09-28T09:02:11.743Z"",""updatedAt"":""2026-09-28T09:02:11.743Z""}",1400
EVT-AUTH-006-5-1790586134145,AUTH-006,1,2026-09-25T20:08:50.000Z,SBO.12,UTILITY_CHECK_COMPLETED,SYSTEM_DATA_CHECK,,PASS,,,CRM_Accounts record for CUST-DEMO-NZ-2003,"{""result_id"":""RES-AUTH-006-5"",""case_run_id"":""AUTH-006"",""submission_version"":1,""sequence"":""5"",""agent_id"":""SBO.12"",""utility_name"":""System Data Check Agent"",""check_type"":""SYSTEM_DATA_CHECK"",""status"":""PASS"",""findings_json"":""{\""pid_count\"":1,\""legal_name_consistent\"":true,\""open_duplicate_request\"":false}"",""reason_codes"":"""",""evidence_references"":""CRM_Accounts record for CUST-DEMO-NZ-2003"",""confidence"":""1"",""human_review_required"":false,""recommended_next_step"":""Continue to financial check"",""rule_ids"":"""",""rule_status_used"":""CONFIRMED_POC"",""created_at"":""2026-09-28T09:02:14.045Z"",""superseded"":false,""id"":1,""createdAt"":""2026-09-28T09:00:48.999Z"",""updatedAt"":""2026-09-28T09:02:14.063Z""}",1401
EVT-AUTH-006-5-1790586134152,AUTH-006,1,2026-09-25T20:08:50.000Z,SBO.12,UTILITY_CHECK_COMPLETED,SYSTEM_DATA_CHECK,,PASS,,,CRM_Accounts record for CUST-DEMO-NZ-2003,"{""result_id"":""RES-AUTH-006-5"",""case_run_id"":""AUTH-006"",""submission_version"":1,""sequence"":""5"",""agent_id"":""SBO.12"",""utility_name"":""System Data Check Agent"",""check_type"":""SYSTEM_DATA_CHECK"",""status"":""PASS"",""findings_json"":""{\""pid_count\"":1,\""legal_name_consistent\"":true,\""open_duplicate_request\"":false}"",""reason_codes"":"""",""evidence_references"":""CRM_Accounts record for CUST-DEMO-NZ-2003"",""confidence"":""1"",""human_review_required"":false,""recommended_next_step"":""Continue to financial check"",""rule_ids"":"""",""rule_status_used"":""CONFIRMED_POC"",""created_at"":""2026-09-28T09:02:14.045Z"",""superseded"":false,""id"":2,""createdAt"":""2026-09-28T09:00:51.577Z"",""updatedAt"":""2026-09-28T09:02:14.063Z""}",1401
EVT-AUTH-006-5-1790586134159,AUTH-006,1,2026-09-25T20:08:50.000Z,SBO.12,UTILITY_CHECK_COMPLETED,SYSTEM_DATA_CHECK,,PASS,,,CRM_Accounts record for CUST-DEMO-NZ-2003,"{""result_id"":""RES-AUTH-006-5"",""case_run_id"":""AUTH-006"",""submission_version"":1,""sequence"":""5"",""agent_id"":""SBO.12"",""utility_name"":""System Data Check Agent"",""check_type"":""SYSTEM_DATA_CHECK"",""status"":""PASS"",""findings_json"":""{\""pid_count\"":1,\""legal_name_consistent\"":true,\""open_duplicate_request\"":false}"",""reason_codes"":"""",""evidence_references"":""CRM_Accounts record for CUST-DEMO-NZ-2003"",""confidence"":""1"",""human_review_required"":false,""recommended_next_step"":""Continue to financial check"",""rule_ids"":"""",""rule_status_used"":""CONFIRMED_POC"",""created_at"":""2026-09-28T09:02:14.045Z"",""superseded"":false,""id"":3,""createdAt"":""2026-09-28T09:00:53.406Z"",""updatedAt"":""2026-09-28T09:02:14.063Z""}",1401
EVT-AUTH-006-5-1790586134167,AUTH-006,1,2026-09-25T20:08:50.000Z,SBO.12,UTILITY_CHECK_COMPLETED,SYSTEM_DATA_CHECK,,PASS,,,CRM_Accounts record for CUST-DEMO-NZ-2003,"{""result_id"":""RES-AUTH-006-5"",""case_run_id"":""AUTH-006"",""submission_version"":1,""sequence"":""5"",""agent_id"":""SBO.12"",""utility_name"":""System Data Check Agent"",""check_type"":""SYSTEM_DATA_CHECK"",""status"":""PASS"",""findings_json"":""{\""pid_count\"":1,\""legal_name_consistent\"":true,\""open_duplicate_request\"":false}"",""reason_codes"":"""",""evidence_references"":""CRM_Accounts record for CUST-DEMO-NZ-2003"",""confidence"":""1"",""human_review_required"":false,""recommended_next_step"":""Continue to financial check"",""rule_ids"":"""",""rule_status_used"":""CONFIRMED_POC"",""created_at"":""2026-09-28T09:02:14.045Z"",""superseded"":false,""id"":4,""createdAt"":""2026-09-28T09:00:55.983Z"",""updatedAt"":""2026-09-28T09:02:14.063Z""}",1401
EVT-AUTH-006-5-1790586134173,AUTH-006,1,2026-09-25T20:08:50.000Z,SBO.12,UTILITY_CHECK_COMPLETED,SYSTEM_DATA_CHECK,,PASS,,,CRM_Accounts record for CUST-DEMO-NZ-2003,"{""result_id"":""RES-AUTH-006-5"",""case_run_id"":""AUTH-006"",""submission_version"":1,""sequence"":""5"",""agent_id"":""SBO.12"",""utility_name"":""System Data Check Agent"",""check_type"":""SYSTEM_DATA_CHECK"",""status"":""PASS"",""findings_json"":""{\""pid_count\"":1,\""legal_name_consistent\"":true,\""open_duplicate_request\"":false}"",""reason_codes"":"""",""evidence_references"":""CRM_Accounts record for CUST-DEMO-NZ-2003"",""confidence"":""1"",""human_review_required"":false,""recommended_next_step"":""Continue to financial check"",""rule_ids"":"""",""rule_status_used"":""CONFIRMED_POC"",""created_at"":""2026-09-28T09:02:14.045Z"",""superseded"":false,""id"":5,""createdAt"":""2026-09-28T09:02:03.899Z"",""updatedAt"":""2026-09-28T09:02:14.063Z""}",1401
EVT-AUTH-006-5-1790586134180,AUTH-006,1,2026-09-25T20:08:50.000Z,SBO.12,UTILITY_CHECK_COMPLETED,SYSTEM_DATA_CHECK,,PASS,,,CRM_Accounts record for CUST-DEMO-NZ-2003,"{""result_id"":""RES-AUTH-006-5"",""case_run_id"":""AUTH-006"",""submission_version"":1,""sequence"":""5"",""agent_id"":""SBO.12"",""utility_name"":""System Data Check Agent"",""check_type"":""SYSTEM_DATA_CHECK"",""status"":""PASS"",""findings_json"":""{\""pid_count\"":1,\""legal_name_consistent\"":true,\""open_duplicate_request\"":false}"",""reason_codes"":"""",""evidence_references"":""CRM_Accounts record for CUST-DEMO-NZ-2003"",""confidence"":""1"",""human_review_required"":false,""recommended_next_step"":""Continue to financial check"",""rule_ids"":"""",""rule_status_used"":""CONFIRMED_POC"",""created_at"":""2026-09-28T09:02:14.045Z"",""superseded"":false,""id"":6,""createdAt"":""2026-09-28T09:02:07.351Z"",""updatedAt"":""2026-09-28T09:02:14.063Z""}",1401
EVT-AUTH-006-5-1790586134187,AUTH-006,1,2026-09-25T20:08:50.000Z,SBO.12,UTILITY_CHECK_COMPLETED,SYSTEM_DATA_CHECK,,PASS,,,CRM_Accounts record for CUST-DEMO-NZ-2003,"{""result_id"":""RES-AUTH-006-5"",""case_run_id"":""AUTH-006"",""submission_version"":1,""sequence"":""5"",""agent_id"":""SBO.12"",""utility_name"":""System Data Check Agent"",""check_type"":""SYSTEM_DATA_CHECK"",""status"":""PASS"",""findings_json"":""{\""pid_count\"":1,\""legal_name_consistent\"":true,\""open_duplicate_request\"":false}"",""reason_codes"":"""",""evidence_references"":""CRM_Accounts record for CUST-DEMO-NZ-2003"",""confidence"":""1"",""human_review_required"":false,""recommended_next_step"":""Continue to financial check"",""rule_ids"":"""",""rule_status_used"":""CONFIRMED_POC"",""created_at"":""2026-09-28T09:02:14.045Z"",""superseded"":false,""id"":7,""createdAt"":""2026-09-28T09:02:09.321Z"",""updatedAt"":""2026-09-28T09:02:14.063Z""}",1401
EVT-AUTH-006-5-1790586134193,AUTH-006,1,2026-09-25T20:08:50.000Z,SBO.12,UTILITY_CHECK_COMPLETED,SYSTEM_DATA_CHECK,,PASS,,,CRM_Accounts record for CUST-DEMO-NZ-2003,"{""result_id"":""RES-AUTH-006-5"",""case_run_id"":""AUTH-006"",""submission_version"":1,""sequence"":""5"",""agent_id"":""SBO.12"",""utility_name"":""System Data Check Agent"",""check_type"":""SYSTEM_DATA_CHECK"",""status"":""PASS"",""findings_json"":""{\""pid_count\"":1,\""legal_name_consistent\"":true,\""open_duplicate_request\"":false}"",""reason_codes"":"""",""evidence_references"":""CRM_Accounts record for CUST-DEMO-NZ-2003"",""confidence"":""1"",""human_review_required"":false,""recommended_next_step"":""Continue to financial check"",""rule_ids"":"""",""rule_status_used"":""CONFIRMED_POC"",""created_at"":""2026-09-28T09:02:14.045Z"",""superseded"":false,""id"":8,""createdAt"":""2026-09-28T09:02:11.743Z"",""updatedAt"":""2026-09-28T09:02:14.063Z""}",1401
EVT-AUTH-006-6-1790586136260,AUTH-006,1,2026-09-25T20:08:50.000Z,SBO.09,UTILITY_CHECK_COMPLETED,FINANCIAL_CHECK,,PASS,,F,Financial_Records record(s) for CUST-DEMO-NZ-2003,"{""result_id"":""RES-AUTH-006-6"",""case_run_id"":""AUTH-006"",""submission_version"":1,""sequence"":""6"",""agent_id"":""SBO.09"",""utility_name"":""Financial Checks Agent"",""check_type"":""FINANCIAL_CHECK"",""status"":""PASS"",""findings_json"":""{\""credit_hold\"":false,\""total_outstanding\"":0,\""policy_exception\"":false}"",""reason_codes"":""FINANCIAL_CHECK_CLEAR"",""evidence_references"":""Financial_Records record(s) for CUST-DEMO-NZ-2003"",""confidence"":""1"",""human_review_required"":false,""recommended_next_step"":""Continue to final verification"",""rule_ids"":""FIN-001"",""rule_status_used"":""CONFIRMED_POC"",""created_at"":""2026-09-28T09:02:16.181Z"",""superseded"":false,""id"":9,""createdAt"":""2026-09-28T09:02:16.198Z"",""updatedAt"":""2026-09-28T09:02:16.198Z""}",1402
EVT-AUTH-006-7-1790586138583,AUTH-006,1,2026-09-25T20:08:50.000Z,SBO.10,UTILITY_CHECK_COMPLETED,FINAL_VERIFICATION,,FAIL,,F,Mock final verification result for AUTH-006,"{""result_id"":""RES-AUTH-006-7"",""case_run_id"":""AUTH-006"",""submission_version"":1,""sequence"":""7"",""agent_id"":""SBO.10"",""utility_name"":""Compliance Agent"",""check_type"":""FINAL_VERIFICATION"",""status"":""FAIL"",""findings_json"":""{\""status\"":\""UNSUCCESSFUL\"",\""synthetic_flag\"":\""SIMULATED_HIGH_RISK_PATTERN\"",\""customer_disclosure\"":\""GENERIC_ONLY\""}"",""reason_codes"":""FINAL_VERIFICATION_FAILED"",""evidence_references"":""Mock final verification result for AUTH-006"",""confidence"":""1"",""human_review_required"":false,""recommended_next_step"":""Stop and route to Compliance Review"",""rule_ids"":""CMP-002"",""rule_status_used"":""ASSUMPTION"",""created_at"":""2026-09-28T09:02:18.491Z"",""superseded"":false,""id"":10,""createdAt"":""2026-09-28T09:02:18.510Z"",""updatedAt"":""2026-09-28T09:02:18.510Z""}",1403
EVT-AUTH-007-1-1790586209374,AUTH-007,1,2026-09-25T20:08:50.000Z,SBO.05,UTILITY_CHECK_COMPLETED,DOCUMENT_EXTRACTION,,PASS,,,documents/AUTH-007,"{""result_id"":""RES-AUTH-007-1"",""case_run_id"":""AUTH-007"",""submission_version"":1,""sequence"":""1"",""agent_id"":""SBO.05"",""utility_name"":""Document Extraction Agent"",""check_type"":""DOCUMENT_EXTRACTION"",""status"":""PASS"",""findings_json"":""{\""documents_expected\"":3,\""documents_present\"":3,\""missing\"":[],\""all_readable\"":true}"",""reason_codes"":"""",""evidence_references"":""documents/AUTH-007"",""confidence"":""0.98"",""human_review_required"":false,""recommended_next_step"":""Continue to business validation"",""rule_ids"":"""",""rule_status_used"":""CONFIRMED_POC"",""created_at"":""2026-09-28T09:03:29.298Z"",""superseded"":false,""id"":11,""createdAt"":""2026-09-28T09:03:29.316Z"",""updatedAt"":""2026-09-28T09:03:29.316Z""}",1406
EVT-AUTH-007-2-1790586212456,AUTH-007,1,2026-09-25T20:08:50.000Z,SBO.06,UTILITY_CHECK_COMPLETED,BUSINESS_VALIDATION,,INCONCLUSIVE,,R,Business_Register row for AU-DEMO-BIZ-1004,"{""result_id"":""RES-AUTH-007-2"",""case_run_id"":""AUTH-007"",""submission_version"":1,""sequence"":""2"",""agent_id"":""SBO.06"",""utility_name"":""Business Validation Utility"",""check_type"":""BUSINESS_VALIDATION"",""status"":""INCONCLUSIVE"",""findings_json"":""{\""lookup_status\"":\""UNAVAILABLE\"",\""business_identifier\"":\""AU-DEMO-BIZ-1004\"",\""conclusion\"":\""NO_CONCLUSION\""}"",""reason_codes"":""REGISTRY_UNAVAILABLE"",""evidence_references"":""Business_Register row for AU-DEMO-BIZ-1004"",""confidence"":""1"",""human_review_required"":false,""recommended_next_step"":""Route to Registry Verification"",""rule_ids"":""REG-002"",""rule_status_used"":""CONFIRMED_POC"",""created_at"":""2026-09-28T09:03:32.368Z"",""superseded"":false,""id"":12,""createdAt"":""2026-09-28T09:03:32.385Z"",""updatedAt"":""2026-09-28T09:03:32.385Z""}",1407
EVT-AUTH-001-1-1790589079080,AUTH-001,1,2026-09-25T20:08:50.000Z,SBO.05,UTILITY_CHECK_COMPLETED,DOCUMENT_EXTRACTION,,PASS,,,documents/AUTH-001,"{""result_id"":""RES-AUTH-001-1"",""case_run_id"":""AUTH-001"",""submission_version"":1,""sequence"":""1"",""agent_id"":""SBO.05"",""utility_name"":""Document Extraction Agent"",""check_type"":""DOCUMENT_EXTRACTION"",""status"":""PASS"",""findings_json"":""{\""documents_expected\"":3,\""documents_present\"":3,\""missing\"":[],\""all_readable\"":true}"",""reason_codes"":"""",""evidence_references"":""documents/AUTH-001"",""confidence"":""0.98"",""human_review_required"":false,""recommended_next_step"":""Continue to business validation"",""rule_ids"":"""",""rule_status_used"":""CONFIRMED_POC"",""created_at"":""2026-09-28T09:51:18.978Z"",""superseded"":false,""id"":13,""createdAt"":""2026-09-28T09:51:19.002Z"",""updatedAt"":""2026-09-28T09:51:19.002Z""}",1410
EVT-AUTH-001-2-1790589081198,AUTH-001,1,2026-09-25T20:08:50.000Z,SBO.06,UTILITY_CHECK_COMPLETED,BUSINESS_VALIDATION,,PASS,,B,Business_Register row for AU-DEMO-BIZ-1001,"{""result_id"":""RES-AUTH-001-2"",""case_run_id"":""AUTH-001"",""submission_version"":1,""sequence"":""2"",""agent_id"":""SBO.06"",""utility_name"":""Business Validation Utility"",""check_type"":""BUSINESS_VALIDATION"",""status"":""PASS"",""findings_json"":""{\""lookup_status\"":\""SUCCESS\"",\""registration_status\"":\""ACTIVE\"",\""name_match\"":true,\""identifier_match\"":true}"",""reason_codes"":""BUSINESS_ACTIVE"",""evidence_references"":""Business_Register row for AU-DEMO-BIZ-1001"",""confidence"":""1"",""human_review_required"":false,""recommended_next_step"":""Continue to identity validation"",""rule_ids"":""REG-001"",""rule_status_used"":""CONFIRMED_POC"",""created_at"":""2026-09-28T09:51:21.093Z"",""superseded"":false,""id"":14,""createdAt"":""2026-09-28T09:51:21.118Z"",""updatedAt"":""2026-09-28T09:51:21.118Z""}",1411
EVT-AUTH-001-3-1790589083904,AUTH-001,1,2026-09-25T20:08:50.000Z,SBO.07,UTILITY_CHECK_COMPLETED,IDENTITY_VALIDATION,,PASS,,I,documents/AUTH-001/AUTH-001_Identity_Profile.pdf,"{""result_id"":""RES-AUTH-001-3"",""case_run_id"":""AUTH-001"",""submission_version"":1,""sequence"":""3"",""agent_id"":""SBO.07"",""utility_name"":""Identity & Authority Agent"",""check_type"":""IDENTITY_VALIDATION"",""status"":""PASS"",""findings_json"":""{\""name_match\"":true,\""identity_status\"":\""VALID_SYNTHETIC\"",\""expired\"":false}"",""reason_codes"":""IDENTITY_VERIFIED"",""evidence_references"":""documents/AUTH-001/AUTH-001_Identity_Profile.pdf"",""confidence"":""0.97"",""human_review_required"":false,""recommended_next_step"":""Continue to authority validation"",""rule_ids"":""ID-001"",""rule_status_used"":""CONFIRMED_POC"",""created_at"":""2026-09-28T09:51:23.820Z"",""superseded"":false,""id"":15,""createdAt"":""2026-09-28T09:51:23.844Z"",""updatedAt"":""2026-09-28T09:51:23.844Z""}",1412
EVT-AUTH-001-4-1790589086761,AUTH-001,1,2026-09-25T20:08:50.000Z,SBO.07,UTILITY_CHECK_COMPLETED,AUTHORITY_VALIDATION,,PASS,,A,documents/AUTH-001/AUTH-001_AUTHORITY_LETTER.pdf,"{""result_id"":""RES-AUTH-001-4"",""case_run_id"":""AUTH-001"",""submission_version"":1,""sequence"":""4"",""agent_id"":""SBO.07"",""utility_name"":""Identity & Authority Agent"",""check_type"":""AUTHORITY_VALIDATION"",""status"":""PASS"",""findings_json"":""{\""representative_named\"":true,\""account_management\"":true,\""service_ordering\"":true,\""contract_signing\"":true,\""scope\"":\""CLEAR\""}"",""reason_codes"":""AUTHORITY_SCOPE_CLEAR"",""evidence_references"":""documents/AUTH-001/AUTH-001_AUTHORITY_LETTER.pdf"",""confidence"":""0.97"",""human_review_required"":false,""recommended_next_step"":""Continue to system-data check"",""rule_ids"":""AUTH-003"",""rule_status_used"":""CONFIRMED_POC"",""created_at"":""2026-09-28T09:51:26.677Z"",""superseded"":false,""id"":16,""createdAt"":""2026-09-28T09:51:26.705Z"",""updatedAt"":""2026-09-28T09:51:26.705Z""}",1413
EVT-AUTH-001-5-1790589089291,AUTH-001,1,2026-09-25T20:08:50.000Z,SBO.12,UTILITY_CHECK_COMPLETED,SYSTEM_DATA_CHECK,,PASS,,,CRM_Accounts record for CUST-DEMO-AU-1001,"{""result_id"":""RES-AUTH-001-5"",""case_run_id"":""AUTH-001"",""submission_version"":1,""sequence"":""5"",""agent_id"":""SBO.12"",""utility_name"":""System Data Check Agent"",""check_type"":""SYSTEM_DATA_CHECK"",""status"":""PASS"",""findings_json"":""{\""pid_count\"":1,\""legal_name_consistent\"":true,\""open_duplicate_request\"":false}"",""reason_codes"":"""",""evidence_references"":""CRM_Accounts record for CUST-DEMO-AU-1001"",""confidence"":""1"",""human_review_required"":false,""recommended_next_step"":""Continue to financial check"",""rule_ids"":"""",""rule_status_used"":""CONFIRMED_POC"",""created_at"":""2026-09-28T09:51:29.190Z"",""superseded"":false,""id"":1,""createdAt"":""2026-09-28T09:00:48.999Z"",""updatedAt"":""2026-09-28T09:51:29.211Z""}",1414
EVT-AUTH-001-5-1790589089299,AUTH-001,1,2026-09-25T20:08:50.000Z,SBO.12,UTILITY_CHECK_COMPLETED,SYSTEM_DATA_CHECK,,PASS,,,CRM_Accounts record for CUST-DEMO-AU-1001,"{""result_id"":""RES-AUTH-001-5"",""case_run_id"":""AUTH-001"",""submission_version"":1,""sequence"":""5"",""agent_id"":""SBO.12"",""utility_name"":""System Data Check Agent"",""check_type"":""SYSTEM_DATA_CHECK"",""status"":""PASS"",""findings_json"":""{\""pid_count\"":1,\""legal_name_consistent\"":true,\""open_duplicate_request\"":false}"",""reason_codes"":"""",""evidence_references"":""CRM_Accounts record for CUST-DEMO-AU-1001"",""confidence"":""1"",""human_review_required"":false,""recommended_next_step"":""Continue to financial check"",""rule_ids"":"""",""rule_status_used"":""CONFIRMED_POC"",""created_at"":""2026-09-28T09:51:29.190Z"",""superseded"":false,""id"":2,""createdAt"":""2026-09-28T09:00:51.577Z"",""updatedAt"":""2026-09-28T09:51:29.211Z""}",1414
EVT-AUTH-001-5-1790589089306,AUTH-001,1,2026-09-25T20:08:50.000Z,SBO.12,UTILITY_CHECK_COMPLETED,SYSTEM_DATA_CHECK,,PASS,,,CRM_Accounts record for CUST-DEMO-AU-1001,"{""result_id"":""RES-AUTH-001-5"",""case_run_id"":""AUTH-001"",""submission_version"":1,""sequence"":""5"",""agent_id"":""SBO.12"",""utility_name"":""System Data Check Agent"",""check_type"":""SYSTEM_DATA_CHECK"",""status"":""PASS"",""findings_json"":""{\""pid_count\"":1,\""legal_name_consistent\"":true,\""open_duplicate_request\"":false}"",""reason_codes"":"""",""evidence_references"":""CRM_Accounts record for CUST-DEMO-AU-1001"",""confidence"":""1"",""human_review_required"":false,""recommended_next_step"":""Continue to financial check"",""rule_ids"":"""",""rule_status_used"":""CONFIRMED_POC"",""created_at"":""2026-09-28T09:51:29.190Z"",""superseded"":false,""id"":3,""createdAt"":""2026-09-28T09:00:53.406Z"",""updatedAt"":""2026-09-28T09:51:29.211Z""}",1414
EVT-AUTH-001-5-1790589089313,AUTH-001,1,2026-09-25T20:08:50.000Z,SBO.12,UTILITY_CHECK_COMPLETED,SYSTEM_DATA_CHECK,,PASS,,,CRM_Accounts record for CUST-DEMO-AU-1001,"{""result_id"":""RES-AUTH-001-5"",""case_run_id"":""AUTH-001"",""submission_version"":1,""sequence"":""5"",""agent_id"":""SBO.12"",""utility_name"":""System Data Check Agent"",""check_type"":""SYSTEM_DATA_CHECK"",""status"":""PASS"",""findings_json"":""{\""pid_count\"":1,\""legal_name_consistent\"":true,\""open_duplicate_request\"":false}"",""reason_codes"":"""",""evidence_references"":""CRM_Accounts record for CUST-DEMO-AU-1001"",""confidence"":""1"",""human_review_required"":false,""recommended_next_step"":""Continue to financial check"",""rule_ids"":"""",""rule_status_used"":""CONFIRMED_POC"",""created_at"":""2026-09-28T09:51:29.190Z"",""superseded"":false,""id"":4,""createdAt"":""2026-09-28T09:00:55.983Z"",""updatedAt"":""2026-09-28T09:51:29.211Z""}",1414
EVT-AUTH-001-5-1790589089320,AUTH-001,1,2026-09-25T20:08:50.000Z,SBO.12,UTILITY_CHECK_COMPLETED,SYSTEM_DATA_CHECK,,PASS,,,CRM_Accounts record for CUST-DEMO-AU-1001,"{""result_id"":""RES-AUTH-001-5"",""case_run_id"":""AUTH-001"",""submission_version"":1,""sequence"":""5"",""agent_id"":""SBO.12"",""utility_name"":""System Data Check Agent"",""check_type"":""SYSTEM_DATA_CHECK"",""status"":""PASS"",""findings_json"":""{\""pid_count\"":1,\""legal_name_consistent\"":true,\""open_duplicate_request\"":false}"",""reason_codes"":"""",""evidence_references"":""CRM_Accounts record for CUST-DEMO-AU-1001"",""confidence"":""1"",""human_review_required"":false,""recommended_next_step"":""Continue to financial check"",""rule_ids"":"""",""rule_status_used"":""CONFIRMED_POC"",""created_at"":""2026-09-28T09:51:29.190Z"",""superseded"":false,""id"":5,""createdAt"":""2026-09-28T09:02:03.899Z"",""updatedAt"":""2026-09-28T09:51:29.211Z""}",1414
EVT-AUTH-001-5-1790589089326,AUTH-001,1,2026-09-25T20:08:50.000Z,SBO.12,UTILITY_CHECK_COMPLETED,SYSTEM_DATA_CHECK,,PASS,,,CRM_Accounts record for CUST-DEMO-AU-1001,"{""result_id"":""RES-AUTH-001-5"",""case_run_id"":""AUTH-001"",""submission_version"":1,""sequence"":""5"",""agent_id"":""SBO.12"",""utility_name"":""System Data Check Agent"",""check_type"":""SYSTEM_DATA_CHECK"",""status"":""PASS"",""findings_json"":""{\""pid_count\"":1,\""legal_name_consistent\"":true,\""open_duplicate_request\"":false}"",""reason_codes"":"""",""evidence_references"":""CRM_Accounts record for CUST-DEMO-AU-1001"",""confidence"":""1"",""human_review_required"":false,""recommended_next_step"":""Continue to financial check"",""rule_ids"":"""",""rule_status_used"":""CONFIRMED_POC"",""created_at"":""2026-09-28T09:51:29.190Z"",""superseded"":false,""id"":6,""createdAt"":""2026-09-28T09:02:07.351Z"",""updatedAt"":""2026-09-28T09:51:29.211Z""}",1414
EVT-AUTH-001-5-1790589089333,AUTH-001,1,2026-09-25T20:08:50.000Z,SBO.12,UTILITY_CHECK_COMPLETED,SYSTEM_DATA_CHECK,,PASS,,,CRM_Accounts record for CUST-DEMO-AU-1001,"{""result_id"":""RES-AUTH-001-5"",""case_run_id"":""AUTH-001"",""submission_version"":1,""sequence"":""5"",""agent_id"":""SBO.12"",""utility_name"":""System Data Check Agent"",""check_type"":""SYSTEM_DATA_CHECK"",""status"":""PASS"",""findings_json"":""{\""pid_count\"":1,\""legal_name_consistent\"":true,\""open_duplicate_request\"":false}"",""reason_codes"":"""",""evidence_references"":""CRM_Accounts record for CUST-DEMO-AU-1001"",""confidence"":""1"",""human_review_required"":false,""recommended_next_step"":""Continue to financial check"",""rule_ids"":"""",""rule_status_used"":""CONFIRMED_POC"",""created_at"":""2026-09-28T09:51:29.190Z"",""superseded"":false,""id"":7,""createdAt"":""2026-09-28T09:02:09.321Z"",""updatedAt"":""2026-09-28T09:51:29.211Z""}",1414
EVT-AUTH-001-5-1790589089339,AUTH-001,1,2026-09-25T20:08:50.000Z,SBO.12,UTILITY_CHECK_COMPLETED,SYSTEM_DATA_CHECK,,PASS,,,CRM_Accounts record for CUST-DEMO-AU-1001,"{""result_id"":""RES-AUTH-001-5"",""case_run_id"":""AUTH-001"",""submission_version"":1,""sequence"":""5"",""agent_id"":""SBO.12"",""utility_name"":""System Data Check Agent"",""check_type"":""SYSTEM_DATA_CHECK"",""status"":""PASS"",""findings_json"":""{\""pid_count\"":1,\""legal_name_consistent\"":true,\""open_duplicate_request\"":false}"",""reason_codes"":"""",""evidence_references"":""CRM_Accounts record for CUST-DEMO-AU-1001"",""confidence"":""1"",""human_review_required"":false,""recommended_next_step"":""Continue to financial check"",""rule_ids"":"""",""rule_status_used"":""CONFIRMED_POC"",""created_at"":""2026-09-28T09:51:29.190Z"",""superseded"":false,""id"":8,""createdAt"":""2026-09-28T09:02:11.743Z"",""updatedAt"":""2026-09-28T09:51:29.211Z""}",1414
EVT-AUTH-001-5-1790589089346,AUTH-001,1,2026-09-25T20:08:50.000Z,SBO.12,UTILITY_CHECK_COMPLETED,SYSTEM_DATA_CHECK,,PASS,,,CRM_Accounts record for CUST-DEMO-AU-1001,"{""result_id"":""RES-AUTH-001-5"",""case_run_id"":""AUTH-001"",""submission_version"":1,""sequence"":""5"",""agent_id"":""SBO.12"",""utility_name"":""System Data Check Agent"",""check_type"":""SYSTEM_DATA_CHECK"",""status"":""PASS"",""findings_json"":""{\""pid_count\"":1,\""legal_name_consistent\"":true,\""open_duplicate_request\"":false}"",""reason_codes"":"""",""evidence_references"":""CRM_Accounts record for CUST-DEMO-AU-1001"",""confidence"":""1"",""human_review_required"":false,""recommended_next_step"":""Continue to financial check"",""rule_ids"":"""",""rule_status_used"":""CONFIRMED_POC"",""created_at"":""2026-09-28T09:51:29.190Z"",""superseded"":false,""id"":9,""createdAt"":""2026-09-28T09:02:16.198Z"",""updatedAt"":""2026-09-28T09:51:29.211Z""}",1414
EVT-AUTH-001-5-1790589089354,AUTH-001,1,2026-09-25T20:08:50.000Z,SBO.12,UTILITY_CHECK_COMPLETED,SYSTEM_DATA_CHECK,,PASS,,,CRM_Accounts record for CUST-DEMO-AU-1001,"{""result_id"":""RES-AUTH-001-5"",""case_run_id"":""AUTH-001"",""submission_version"":1,""sequence"":""5"",""agent_id"":""SBO.12"",""utility_name"":""System Data Check Agent"",""check_type"":""SYSTEM_DATA_CHECK"",""status"":""PASS"",""findings_json"":""{\""pid_count\"":1,\""legal_name_consistent\"":true,\""open_duplicate_request\"":false}"",""reason_codes"":"""",""evidence_references"":""CRM_Accounts record for CUST-DEMO-AU-1001"",""confidence"":""1"",""human_review_required"":false,""recommended_next_step"":""Continue to financial check"",""rule_ids"":"""",""rule_status_used"":""CONFIRMED_POC"",""created_at"":""2026-09-28T09:51:29.190Z"",""superseded"":false,""id"":10,""createdAt"":""2026-09-28T09:02:18.510Z"",""updatedAt"":""2026-09-28T09:51:29.211Z""}",1414
EVT-AUTH-001-5-1790589089361,AUTH-001,1,2026-09-25T20:08:50.000Z,SBO.12,UTILITY_CHECK_COMPLETED,SYSTEM_DATA_CHECK,,PASS,,,CRM_Accounts record for CUST-DEMO-AU-1001,"{""result_id"":""RES-AUTH-001-5"",""case_run_id"":""AUTH-001"",""submission_version"":1,""sequence"":""5"",""agent_id"":""SBO.12"",""utility_name"":""System Data Check Agent"",""check_type"":""SYSTEM_DATA_CHECK"",""status"":""PASS"",""findings_json"":""{\""pid_count\"":1,\""legal_name_consistent\"":true,\""open_duplicate_request\"":false}"",""reason_codes"":"""",""evidence_references"":""CRM_Accounts record for CUST-DEMO-AU-1001"",""confidence"":""1"",""human_review_required"":false,""recommended_next_step"":""Continue to financial check"",""rule_ids"":"""",""rule_status_used"":""CONFIRMED_POC"",""created_at"":""2026-09-28T09:51:29.190Z"",""superseded"":false,""id"":11,""createdAt"":""2026-09-28T09:03:29.316Z"",""updatedAt"":""2026-09-28T09:51:29.211Z""}",1414
EVT-AUTH-001-5-1790589089368,AUTH-001,1,2026-09-25T20:08:50.000Z,SBO.12,UTILITY_CHECK_COMPLETED,SYSTEM_DATA_CHECK,,PASS,,,CRM_Accounts record for CUST-DEMO-AU-1001,"{""result_id"":""RES-AUTH-001-5"",""case_run_id"":""AUTH-001"",""submission_version"":1,""sequence"":""5"",""agent_id"":""SBO.12"",""utility_name"":""System Data Check Agent"",""check_type"":""SYSTEM_DATA_CHECK"",""status"":""PASS"",""findings_json"":""{\""pid_count\"":1,\""legal_name_consistent\"":true,\""open_duplicate_request\"":false}"",""reason_codes"":"""",""evidence_references"":""CRM_Accounts record for CUST-DEMO-AU-1001"",""confidence"":""1"",""human_review_required"":false,""recommended_next_step"":""Continue to financial check"",""rule_ids"":"""",""rule_status_used"":""CONFIRMED_POC"",""created_at"":""2026-09-28T09:51:29.190Z"",""superseded"":false,""id"":12,""createdAt"":""2026-09-28T09:03:32.385Z"",""updatedAt"":""2026-09-28T09:51:29.211Z""}",1414
EVT-AUTH-001-5-1790589089374,AUTH-001,1,2026-09-25T20:08:50.000Z,SBO.12,UTILITY_CHECK_COMPLETED,SYSTEM_DATA_CHECK,,PASS,,,CRM_Accounts record for CUST-DEMO-AU-1001,"{""result_id"":""RES-AUTH-001-5"",""case_run_id"":""AUTH-001"",""submission_version"":1,""sequence"":""5"",""agent_id"":""SBO.12"",""utility_name"":""System Data Check Agent"",""check_type"":""SYSTEM_DATA_CHECK"",""status"":""PASS"",""findings_json"":""{\""pid_count\"":1,\""legal_name_consistent\"":true,\""open_duplicate_request\"":false}"",""reason_codes"":"""",""evidence_references"":""CRM_Accounts record for CUST-DEMO-AU-1001"",""confidence"":""1"",""human_review_required"":false,""recommended_next_step"":""Continue to financial check"",""rule_ids"":"""",""rule_status_used"":""CONFIRMED_POC"",""created_at"":""2026-09-28T09:51:29.190Z"",""superseded"":false,""id"":13,""createdAt"":""2026-09-28T09:51:19.002Z"",""updatedAt"":""2026-09-28T09:51:29.211Z""}",1414
EVT-AUTH-001-5-1790589089381,AUTH-001,1,2026-09-25T20:08:50.000Z,SBO.12,UTILITY_CHECK_COMPLETED,SYSTEM_DATA_CHECK,,PASS,,,CRM_Accounts record for CUST-DEMO-AU-1001,"{""result_id"":""RES-AUTH-001-5"",""case_run_id"":""AUTH-001"",""submission_version"":1,""sequence"":""5"",""agent_id"":""SBO.12"",""utility_name"":""System Data Check Agent"",""check_type"":""SYSTEM_DATA_CHECK"",""status"":""PASS"",""findings_json"":""{\""pid_count\"":1,\""legal_name_consistent\"":true,\""open_duplicate_request\"":false}"",""reason_codes"":"""",""evidence_references"":""CRM_Accounts record for CUST-DEMO-AU-1001"",""confidence"":""1"",""human_review_required"":false,""recommended_next_step"":""Continue to financial check"",""rule_ids"":"""",""rule_status_used"":""CONFIRMED_POC"",""created_at"":""2026-09-28T09:51:29.190Z"",""superseded"":false,""id"":14,""createdAt"":""2026-09-28T09:51:21.118Z"",""updatedAt"":""2026-09-28T09:51:29.211Z""}",1414
EVT-AUTH-001-5-1790589089388,AUTH-001,1,2026-09-25T20:08:50.000Z,SBO.12,UTILITY_CHECK_COMPLETED,SYSTEM_DATA_CHECK,,PASS,,,CRM_Accounts record for CUST-DEMO-AU-1001,"{""result_id"":""RES-AUTH-001-5"",""case_run_id"":""AUTH-001"",""submission_version"":1,""sequence"":""5"",""agent_id"":""SBO.12"",""utility_name"":""System Data Check Agent"",""check_type"":""SYSTEM_DATA_CHECK"",""status"":""PASS"",""findings_json"":""{\""pid_count\"":1,\""legal_name_consistent\"":true,\""open_duplicate_request\"":false}"",""reason_codes"":"""",""evidence_references"":""CRM_Accounts record for CUST-DEMO-AU-1001"",""confidence"":""1"",""human_review_required"":false,""recommended_next_step"":""Continue to financial check"",""rule_ids"":"""",""rule_status_used"":""CONFIRMED_POC"",""created_at"":""2026-09-28T09:51:29.190Z"",""superseded"":false,""id"":15,""createdAt"":""2026-09-28T09:51:23.844Z"",""updatedAt"":""2026-09-28T09:51:29.211Z""}",1414
EVT-AUTH-001-5-1790589089395,AUTH-001,1,2026-09-25T20:08:50.000Z,SBO.12,UTILITY_CHECK_COMPLETED,SYSTEM_DATA_CHECK,,PASS,,,CRM_Accounts record for CUST-DEMO-AU-1001,"{""result_id"":""RES-AUTH-001-5"",""case_run_id"":""AUTH-001"",""submission_version"":1,""sequence"":""5"",""agent_id"":""SBO.12"",""utility_name"":""System Data Check Agent"",""check_type"":""SYSTEM_DATA_CHECK"",""status"":""PASS"",""findings_json"":""{\""pid_count\"":1,\""legal_name_consistent\"":true,\""open_duplicate_request\"":false}"",""reason_codes"":"""",""evidence_references"":""CRM_Accounts record for CUST-DEMO-AU-1001"",""confidence"":""1"",""human_review_required"":false,""recommended_next_step"":""Continue to financial check"",""rule_ids"":"""",""rule_status_used"":""CONFIRMED_POC"",""created_at"":""2026-09-28T09:51:29.190Z"",""superseded"":false,""id"":16,""createdAt"":""2026-09-28T09:51:26.705Z"",""updatedAt"":""2026-09-28T09:51:29.211Z""}",1414
EVT-AUTH-001-6-1790589091695,AUTH-001,1,2026-09-25T20:08:50.000Z,SBO.09,UTILITY_CHECK_COMPLETED,FINANCIAL_CHECK,,PASS,,F,Financial_Records record(s) for CUST-DEMO-AU-1001,"{""result_id"":""RES-AUTH-001-6"",""case_run_id"":""AUTH-001"",""submission_version"":1,""sequence"":""6"",""agent_id"":""SBO.09"",""utility_name"":""Financial Checks Agent"",""check_type"":""FINANCIAL_CHECK"",""status"":""PASS"",""findings_json"":""{\""credit_hold\"":false,\""total_outstanding\"":0,\""policy_exception\"":false}"",""reason_codes"":""FINANCIAL_CHECK_CLEAR"",""evidence_references"":""Financial_Records record(s) for CUST-DEMO-AU-1001"",""confidence"":""1"",""human_review_required"":false,""recommended_next_step"":""Continue to final verification"",""rule_ids"":""FIN-001"",""rule_status_used"":""CONFIRMED_POC"",""created_at"":""2026-09-28T09:51:31.601Z"",""superseded"":false,""id"":17,""createdAt"":""2026-09-28T09:51:31.619Z"",""updatedAt"":""2026-09-28T09:51:31.619Z""}",1415
EVT-AUTH-001-7-1790589093409,AUTH-001,1,2026-09-25T20:08:50.000Z,SBO.10,UTILITY_CHECK_COMPLETED,FINAL_VERIFICATION,,PASS,,F,Mock final verification result for AUTH-001,"{""result_id"":""RES-AUTH-001-7"",""case_run_id"":""AUTH-001"",""submission_version"":1,""sequence"":""7"",""agent_id"":""SBO.10"",""utility_name"":""Compliance Agent"",""check_type"":""FINAL_VERIFICATION"",""status"":""PASS"",""findings_json"":""{\""status\"":\""SUCCESSFUL\"",\""fraud_flag\"":false,\""manual_verification_required\"":false}"",""reason_codes"":""FINAL_VERIFICATION_SUCCESSFUL"",""evidence_references"":""Mock final verification result for AUTH-001"",""confidence"":""1"",""human_review_required"":false,""recommended_next_step"":""Apply final approval rule"",""rule_ids"":""CMP-001"",""rule_status_used"":""CONFIRMED_POC"",""created_at"":""2026-09-28T09:51:33.305Z"",""superseded"":false,""id"":18,""createdAt"":""2026-09-28T09:51:33.328Z"",""updatedAt"":""2026-09-28T09:51:33.328Z""}",1416
EVT-AUTH-002-1-1790589155855,AUTH-002,1,2026-09-25T20:08:50.000Z,SBO.05,UTILITY_CHECK_COMPLETED,DOCUMENT_EXTRACTION,,FAIL,,A,documents/AUTH-002,"{""result_id"":""RES-AUTH-002-1"",""case_run_id"":""AUTH-002"",""submission_version"":1,""sequence"":""1"",""agent_id"":""SBO.05"",""utility_name"":""Document Extraction Agent"",""check_type"":""DOCUMENT_EXTRACTION"",""status"":""FAIL"",""findings_json"":""{\""documents_expected\"":3,\""documents_present\"":2,\""missing\"":[\""AUTHORITY_LETTER\""],\""all_readable\"":true}"",""reason_codes"":""AUTHORITY_MISSING"",""evidence_references"":""documents/AUTH-002"",""confidence"":""0.99"",""human_review_required"":false,""recommended_next_step"":""Request authority letter"",""rule_ids"":""AUTH-002"",""rule_status_used"":""CONFIRMED_POC"",""created_at"":""2026-09-28T09:52:35.759Z"",""superseded"":false,""id"":19,""createdAt"":""2026-09-28T09:52:35.776Z"",""updatedAt"":""2026-09-28T09:52:35.776Z""}",1419
EVT-AUTH-009-1-1790589255038,AUTH-009,1,2026-09-25T20:08:50.000Z,SBO.05,UTILITY_CHECK_COMPLETED,DOCUMENT_EXTRACTION_AND_SECURITY,,INCONCLUSIVE,,P,documents/AUTH-009/AUTH-009_AUTHORITY_LETTER.pdf,"{""result_id"":""RES-AUTH-009-1"",""case_run_id"":""AUTH-009"",""submission_version"":1,""sequence"":""1"",""agent_id"":""SBO.05"",""utility_name"":""Document Extraction Agent"",""check_type"":""DOCUMENT_EXTRACTION_AND_SECURITY"",""status"":""INCONCLUSIVE"",""findings_json"":""{\""documents_read\"":3,\""mandatory_missing\"":[],\""security_flag\"":\""PROMPT_INJECTION_TEST_STRING\""}"",""reason_codes"":""PROMPT_INJECTION_DETECTED"",""evidence_references"":""documents/AUTH-009/AUTH-009_AUTHORITY_LETTER.pdf"",""confidence"":""0.99"",""human_review_required"":false,""recommended_next_step"":""Quarantine and route to Security Review"",""rule_ids"":""SEC-001"",""rule_status_used"":""CONFIRMED_POC"",""created_at"":""2026-09-28T09:54:14.962Z"",""superseded"":false,""id"":20,""createdAt"":""2026-09-28T09:54:14.981Z"",""updatedAt"":""2026-09-28T09:54:14.981Z""}",1422
EVT-AUTH-001-1-1790590967846,AUTH-001,1,2026-09-25T20:08:50.000Z,SBO.05,UTILITY_CHECK_COMPLETED,DOCUMENT_EXTRACTION,,PASS,,,documents/AUTH-001,"{""result_id"":""RES-AUTH-001-1"",""case_run_id"":""AUTH-001"",""submission_version"":1,""sequence"":""1"",""agent_id"":""SBO.05"",""utility_name"":""Document Extraction Agent"",""check_type"":""DOCUMENT_EXTRACTION"",""status"":""PASS"",""findings_json"":""{\""documents_expected\"":3,\""documents_present\"":3,\""missing\"":[],\""all_readable\"":true}"",""reason_codes"":"""",""evidence_references"":""documents/AUTH-001"",""confidence"":""0.98"",""human_review_required"":false,""recommended_next_step"":""Continue to business validation"",""rule_ids"":"""",""rule_status_used"":""CONFIRMED_POC"",""created_at"":""2026-09-28T10:22:47.757Z"",""superseded"":false,""id"":21,""createdAt"":""2026-09-28T10:22:47.776Z"",""updatedAt"":""2026-09-28T10:22:47.776Z""}",1425
EVT-AUTH-001-2-1790590972034,AUTH-001,1,2026-09-25T20:08:50.000Z,SBO.06,UTILITY_CHECK_COMPLETED,BUSINESS_VALIDATION,,PASS,,B,Business_Register row for AU-DEMO-BIZ-1001,"{""result_id"":""RES-AUTH-001-2"",""case_run_id"":""AUTH-001"",""submission_version"":1,""sequence"":""2"",""agent_id"":""SBO.06"",""utility_name"":""Business Validation Utility"",""check_type"":""BUSINESS_VALIDATION"",""status"":""PASS"",""findings_json"":""{\""lookup_status\"":\""SUCCESS\"",\""registration_status\"":\""ACTIVE\"",\""name_match\"":true,\""identifier_match\"":true}"",""reason_codes"":""BUSINESS_ACTIVE"",""evidence_references"":""Business_Register row for AU-DEMO-BIZ-1001"",""confidence"":""1"",""human_review_required"":false,""recommended_next_step"":""Continue to identity validation"",""rule_ids"":""REG-001"",""rule_status_used"":""CONFIRMED_POC"",""created_at"":""2026-09-28T10:22:51.949Z"",""superseded"":false,""id"":22,""createdAt"":""2026-09-28T10:22:51.967Z"",""updatedAt"":""2026-09-28T10:22:51.967Z""}",1426
EVT-AUTH-001-3-1790590974810,AUTH-001,1,2026-09-25T20:08:50.000Z,SBO.07,UTILITY_CHECK_COMPLETED,IDENTITY_VALIDATION,,PASS,,I,documents/AUTH-001/AUTH-001_Identity_Profile.pdf,"{""result_id"":""RES-AUTH-001-3"",""case_run_id"":""AUTH-001"",""submission_version"":1,""sequence"":""3"",""agent_id"":""SBO.07"",""utility_name"":""Identity & Authority Agent"",""check_type"":""IDENTITY_VALIDATION"",""status"":""PASS"",""findings_json"":""{\""name_match\"":true,\""identity_status\"":\""VALID_SYNTHETIC\"",\""expired\"":false}"",""reason_codes"":""IDENTITY_VERIFIED"",""evidence_references"":""documents/AUTH-001/AUTH-001_Identity_Profile.pdf"",""confidence"":""0.97"",""human_review_required"":false,""recommended_next_step"":""Continue to authority validation"",""rule_ids"":""ID-001"",""rule_status_used"":""CONFIRMED_POC"",""created_at"":""2026-09-28T10:22:54.708Z"",""superseded"":false,""id"":23,""createdAt"":""2026-09-28T10:22:54.732Z"",""updatedAt"":""2026-09-28T10:22:54.732Z""}",1427
EVT-AUTH-001-4-1790590977442,AUTH-001,1,2026-09-25T20:08:50.000Z,SBO.07,UTILITY_CHECK_COMPLETED,AUTHORITY_VALIDATION,,PASS,,A,documents/AUTH-001/AUTH-001_AUTHORITY_LETTER.pdf,"{""result_id"":""RES-AUTH-001-4"",""case_run_id"":""AUTH-001"",""submission_version"":1,""sequence"":""4"",""agent_id"":""SBO.07"",""utility_name"":""Identity & Authority Agent"",""check_type"":""AUTHORITY_VALIDATION"",""status"":""PASS"",""findings_json"":""{\""representative_named\"":true,\""account_management\"":true,\""service_ordering\"":true,\""contract_signing\"":true,\""scope\"":\""CLEAR\""}"",""reason_codes"":""AUTHORITY_SCOPE_CLEAR"",""evidence_references"":""documents/AUTH-001/AUTH-001_AUTHORITY_LETTER.pdf"",""confidence"":""0.97"",""human_review_required"":false,""recommended_next_step"":""Continue to system-data check"",""rule_ids"":""AUTH-003"",""rule_status_used"":""CONFIRMED_POC"",""created_at"":""2026-09-28T10:22:57.343Z"",""superseded"":false,""id"":24,""createdAt"":""2026-09-28T10:22:57.361Z"",""updatedAt"":""2026-09-28T10:22:57.361Z""}",1428
EVT-AUTH-001-5-1790590980043,AUTH-001,1,2026-09-25T20:08:50.000Z,SBO.12,UTILITY_CHECK_COMPLETED,SYSTEM_DATA_CHECK,,PASS,,,CRM_Accounts record for CUST-DEMO-AU-1001,"{""result_id"":""RES-AUTH-001-5"",""case_run_id"":""AUTH-001"",""submission_version"":1,""sequence"":""5"",""agent_id"":""SBO.12"",""utility_name"":""System Data Check Agent"",""check_type"":""SYSTEM_DATA_CHECK"",""status"":""PASS"",""findings_json"":""{\""pid_count\"":1,\""legal_name_consistent\"":true,\""open_duplicate_request\"":false}"",""reason_codes"":"""",""evidence_references"":""CRM_Accounts record for CUST-DEMO-AU-1001"",""confidence"":""1"",""human_review_required"":false,""recommended_next_step"":""Continue to financial check"",""rule_ids"":"""",""rule_status_used"":""CONFIRMED_POC"",""created_at"":""2026-09-28T10:22:59.955Z"",""superseded"":false,""id"":19,""createdAt"":""2026-09-28T09:52:35.776Z"",""updatedAt"":""2026-09-28T10:22:59.973Z""}",1429
EVT-AUTH-001-5-1790590980052,AUTH-001,1,2026-09-25T20:08:50.000Z,SBO.12,UTILITY_CHECK_COMPLETED,SYSTEM_DATA_CHECK,,PASS,,,CRM_Accounts record for CUST-DEMO-AU-1001,"{""result_id"":""RES-AUTH-001-5"",""case_run_id"":""AUTH-001"",""submission_version"":1,""sequence"":""5"",""agent_id"":""SBO.12"",""utility_name"":""System Data Check Agent"",""check_type"":""SYSTEM_DATA_CHECK"",""status"":""PASS"",""findings_json"":""{\""pid_count\"":1,\""legal_name_consistent\"":true,\""open_duplicate_request\"":false}"",""reason_codes"":"""",""evidence_references"":""CRM_Accounts record for CUST-DEMO-AU-1001"",""confidence"":""1"",""human_review_required"":false,""recommended_next_step"":""Continue to financial check"",""rule_ids"":"""",""rule_status_used"":""CONFIRMED_POC"",""created_at"":""2026-09-28T10:22:59.955Z"",""superseded"":false,""id"":20,""createdAt"":""2026-09-28T09:54:14.981Z"",""updatedAt"":""2026-09-28T10:22:59.973Z""}",1429
EVT-AUTH-001-5-1790590980059,AUTH-001,1,2026-09-25T20:08:50.000Z,SBO.12,UTILITY_CHECK_COMPLETED,SYSTEM_DATA_CHECK,,PASS,,,CRM_Accounts record for CUST-DEMO-AU-1001,"{""result_id"":""RES-AUTH-001-5"",""case_run_id"":""AUTH-001"",""submission_version"":1,""sequence"":""5"",""agent_id"":""SBO.12"",""utility_name"":""System Data Check Agent"",""check_type"":""SYSTEM_DATA_CHECK"",""status"":""PASS"",""findings_json"":""{\""pid_count\"":1,\""legal_name_consistent\"":true,\""open_duplicate_request\"":false}"",""reason_codes"":"""",""evidence_references"":""CRM_Accounts record for CUST-DEMO-AU-1001"",""confidence"":""1"",""human_review_required"":false,""recommended_next_step"":""Continue to financial check"",""rule_ids"":"""",""rule_status_used"":""CONFIRMED_POC"",""created_at"":""2026-09-28T10:22:59.955Z"",""superseded"":false,""id"":21,""createdAt"":""2026-09-28T10:22:47.776Z"",""updatedAt"":""2026-09-28T10:22:59.973Z""}",1429
EVT-AUTH-001-5-1790590980066,AUTH-001,1,2026-09-25T20:08:50.000Z,SBO.12,UTILITY_CHECK_COMPLETED,SYSTEM_DATA_CHECK,,PASS,,,CRM_Accounts record for CUST-DEMO-AU-1001,"{""result_id"":""RES-AUTH-001-5"",""case_run_id"":""AUTH-001"",""submission_version"":1,""sequence"":""5"",""agent_id"":""SBO.12"",""utility_name"":""System Data Check Agent"",""check_type"":""SYSTEM_DATA_CHECK"",""status"":""PASS"",""findings_json"":""{\""pid_count\"":1,\""legal_name_consistent\"":true,\""open_duplicate_request\"":false}"",""reason_codes"":"""",""evidence_references"":""CRM_Accounts record for CUST-DEMO-AU-1001"",""confidence"":""1"",""human_review_required"":false,""recommended_next_step"":""Continue to financial check"",""rule_ids"":"""",""rule_status_used"":""CONFIRMED_POC"",""created_at"":""2026-09-28T10:22:59.955Z"",""superseded"":false,""id"":22,""createdAt"":""2026-09-28T10:22:51.967Z"",""updatedAt"":""2026-09-28T10:22:59.973Z""}",1429
EVT-AUTH-001-5-1790590980072,AUTH-001,1,2026-09-25T20:08:50.000Z,SBO.12,UTILITY_CHECK_COMPLETED,SYSTEM_DATA_CHECK,,PASS,,,CRM_Accounts record for CUST-DEMO-AU-1001,"{""result_id"":""RES-AUTH-001-5"",""case_run_id"":""AUTH-001"",""submission_version"":1,""sequence"":""5"",""agent_id"":""SBO.12"",""utility_name"":""System Data Check Agent"",""check_type"":""SYSTEM_DATA_CHECK"",""status"":""PASS"",""findings_json"":""{\""pid_count\"":1,\""legal_name_consistent\"":true,\""open_duplicate_request\"":false}"",""reason_codes"":"""",""evidence_references"":""CRM_Accounts record for CUST-DEMO-AU-1001"",""confidence"":""1"",""human_review_required"":false,""recommended_next_step"":""Continue to financial check"",""rule_ids"":"""",""rule_status_used"":""CONFIRMED_POC"",""created_at"":""2026-09-28T10:22:59.955Z"",""superseded"":false,""id"":23,""createdAt"":""2026-09-28T10:22:54.732Z"",""updatedAt"":""2026-09-28T10:22:59.973Z""}",1429
EVT-AUTH-001-5-1790590980079,AUTH-001,1,2026-09-25T20:08:50.000Z,SBO.12,UTILITY_CHECK_COMPLETED,SYSTEM_DATA_CHECK,,PASS,,,CRM_Accounts record for CUST-DEMO-AU-1001,"{""result_id"":""RES-AUTH-001-5"",""case_run_id"":""AUTH-001"",""submission_version"":1,""sequence"":""5"",""agent_id"":""SBO.12"",""utility_name"":""System Data Check Agent"",""check_type"":""SYSTEM_DATA_CHECK"",""status"":""PASS"",""findings_json"":""{\""pid_count\"":1,\""legal_name_consistent\"":true,\""open_duplicate_request\"":false}"",""reason_codes"":"""",""evidence_references"":""CRM_Accounts record for CUST-DEMO-AU-1001"",""confidence"":""1"",""human_review_required"":false,""recommended_next_step"":""Continue to financial check"",""rule_ids"":"""",""rule_status_used"":""CONFIRMED_POC"",""created_at"":""2026-09-28T10:22:59.955Z"",""superseded"":false,""id"":24,""createdAt"":""2026-09-28T10:22:57.361Z"",""updatedAt"":""2026-09-28T10:22:59.973Z""}",1429
EVT-AUTH-001-6-1790590982542,AUTH-001,1,2026-09-25T20:08:50.000Z,SBO.09,UTILITY_CHECK_COMPLETED,FINANCIAL_CHECK,,PASS,,F,Financial_Records record(s) for CUST-DEMO-AU-1001,"{""result_id"":""RES-AUTH-001-6"",""case_run_id"":""AUTH-001"",""submission_version"":1,""sequence"":""6"",""agent_id"":""SBO.09"",""utility_name"":""Financial Checks Agent"",""check_type"":""FINANCIAL_CHECK"",""status"":""PASS"",""findings_json"":""{\""credit_hold\"":false,\""total_outstanding\"":0,\""policy_exception\"":false}"",""reason_codes"":""FINANCIAL_CHECK_CLEAR"",""evidence_references"":""Financial_Records record(s) for CUST-DEMO-AU-1001"",""confidence"":""1"",""human_review_required"":false,""recommended_next_step"":""Continue to final verification"",""rule_ids"":""FIN-001"",""rule_status_used"":""CONFIRMED_POC"",""created_at"":""2026-09-28T10:23:02.459Z"",""superseded"":false,""id"":25,""createdAt"":""2026-09-28T10:23:02.477Z"",""updatedAt"":""2026-09-28T10:23:02.477Z""}",1430
EVT-AUTH-001-7-1790590984870,AUTH-001,1,2026-09-25T20:08:50.000Z,SBO.10,UTILITY_CHECK_COMPLETED,FINAL_VERIFICATION,,PASS,,F,Mock final verification result for AUTH-001,"{""result_id"":""RES-AUTH-001-7"",""case_run_id"":""AUTH-001"",""submission_version"":1,""sequence"":""7"",""agent_id"":""SBO.10"",""utility_name"":""Compliance Agent"",""check_type"":""FINAL_VERIFICATION"",""status"":""PASS"",""findings_json"":""{\""status\"":\""SUCCESSFUL\"",\""fraud_flag\"":false,\""manual_verification_required\"":false}"",""reason_codes"":""FINAL_VERIFICATION_SUCCESSFUL"",""evidence_references"":""Mock final verification result for AUTH-001"",""confidence"":""1"",""human_review_required"":false,""recommended_next_step"":""Apply final approval rule"",""rule_ids"":""CMP-001"",""rule_status_used"":""CONFIRMED_POC"",""created_at"":""2026-09-28T10:23:04.784Z"",""superseded"":false,""id"":26,""createdAt"":""2026-09-28T10:23:04.804Z"",""updatedAt"":""2026-09-28T10:23:04.804Z""}",1431
EVT-AUTH-001-1-1790591897803,AUTH-001,1,2026-09-25T20:08:50.000Z,SBO.05,UTILITY_CHECK_COMPLETED,DOCUMENT_EXTRACTION,,PASS,,,documents/AUTH-001,"{""result_id"":""RES-AUTH-001-1"",""case_run_id"":""AUTH-001"",""submission_version"":1,""sequence"":""1"",""agent_id"":""SBO.05"",""utility_name"":""Document Extraction Agent"",""check_type"":""DOCUMENT_EXTRACTION"",""status"":""PASS"",""findings_json"":""{\""documents_expected\"":3,\""documents_present\"":3,\""missing\"":[],\""all_readable\"":true}"",""reason_codes"":"""",""evidence_references"":""documents/AUTH-001"",""confidence"":""0.98"",""human_review_required"":false,""recommended_next_step"":""Continue to business validation"",""rule_ids"":"""",""rule_status_used"":""CONFIRMED_POC"",""created_at"":""2026-09-28T10:38:17.713Z"",""superseded"":false,""id"":1,""createdAt"":""2026-09-28T10:38:17.735Z"",""updatedAt"":""2026-09-28T10:38:17.735Z""}",1434
EVT-AUTH-001-2-1790591901860,AUTH-001,1,2026-09-25T20:08:50.000Z,SBO.06,UTILITY_CHECK_COMPLETED,BUSINESS_VALIDATION,,PASS,,B,Business_Register row for AU-DEMO-BIZ-1001,"{""result_id"":""RES-AUTH-001-2"",""case_run_id"":""AUTH-001"",""submission_version"":1,""sequence"":""2"",""agent_id"":""SBO.06"",""utility_name"":""Business Validation Utility"",""check_type"":""BUSINESS_VALIDATION"",""status"":""PASS"",""findings_json"":""{\""lookup_status\"":\""SUCCESS\"",\""registration_status\"":\""ACTIVE\"",\""name_match\"":true,\""identifier_match\"":true}"",""reason_codes"":""BUSINESS_ACTIVE"",""evidence_references"":""Business_Register row for AU-DEMO-BIZ-1001"",""confidence"":""1"",""human_review_required"":false,""recommended_next_step"":""Continue to identity validation"",""rule_ids"":""REG-001"",""rule_status_used"":""CONFIRMED_POC"",""created_at"":""2026-09-28T10:38:21.762Z"",""superseded"":false,""id"":2,""createdAt"":""2026-09-28T10:38:21.806Z"",""updatedAt"":""2026-09-28T10:38:21.806Z""}",1435
EVT-AUTH-001-3-1790591904504,AUTH-001,1,2026-09-25T20:08:50.000Z,SBO.07,UTILITY_CHECK_COMPLETED,IDENTITY_VALIDATION,,PASS,,I,documents/AUTH-001/AUTH-001_Identity_Profile.pdf,"{""result_id"":""RES-AUTH-001-3"",""case_run_id"":""AUTH-001"",""submission_version"":1,""sequence"":""3"",""agent_id"":""SBO.07"",""utility_name"":""Identity & Authority Agent"",""check_type"":""IDENTITY_VALIDATION"",""status"":""PASS"",""findings_json"":""{\""name_match\"":true,\""identity_status\"":\""VALID_SYNTHETIC\"",\""expired\"":false}"",""reason_codes"":""IDENTITY_VERIFIED"",""evidence_references"":""documents/AUTH-001/AUTH-001_Identity_Profile.pdf"",""confidence"":""0.97"",""human_review_required"":false,""recommended_next_step"":""Continue to authority validation"",""rule_ids"":""ID-001"",""rule_status_used"":""CONFIRMED_POC"",""created_at"":""2026-09-28T10:38:24.429Z"",""superseded"":false,""id"":3,""createdAt"":""2026-09-28T10:38:24.452Z"",""updatedAt"":""2026-09-28T10:38:24.452Z""}",1436
EVT-AUTH-001-4-1790591907172,AUTH-001,1,2026-09-25T20:08:50.000Z,SBO.07,UTILITY_CHECK_COMPLETED,AUTHORITY_VALIDATION,,PASS,,A,documents/AUTH-001/AUTH-001_AUTHORITY_LETTER.pdf,"{""result_id"":""RES-AUTH-001-4"",""case_run_id"":""AUTH-001"",""submission_version"":1,""sequence"":""4"",""agent_id"":""SBO.07"",""utility_name"":""Identity & Authority Agent"",""check_type"":""AUTHORITY_VALIDATION"",""status"":""PASS"",""findings_json"":""{\""representative_named\"":true,\""account_management\"":true,\""service_ordering\"":true,\""contract_signing\"":true,\""scope\"":\""CLEAR\""}"",""reason_codes"":""AUTHORITY_SCOPE_CLEAR"",""evidence_references"":""documents/AUTH-001/AUTH-001_AUTHORITY_LETTER.pdf"",""confidence"":""0.97"",""human_review_required"":false,""recommended_next_step"":""Continue to system-data check"",""rule_ids"":""AUTH-003"",""rule_status_used"":""CONFIRMED_POC"",""created_at"":""2026-09-28T10:38:27.084Z"",""superseded"":false,""id"":4,""createdAt"":""2026-09-28T10:38:27.102Z"",""updatedAt"":""2026-09-28T10:38:27.102Z""}",1437
EVT-AUTH-001-5-1790591910238,AUTH-001,1,2026-09-25T20:08:50.000Z,SBO.12,UTILITY_CHECK_COMPLETED,SYSTEM_DATA_CHECK,,PASS,,,CRM_Accounts record for CUST-DEMO-AU-1001,"{""result_id"":""RES-AUTH-001-5"",""case_run_id"":""AUTH-001"",""submission_version"":1,""sequence"":""5"",""agent_id"":""SBO.12"",""utility_name"":""System Data Check Agent"",""check_type"":""SYSTEM_DATA_CHECK"",""status"":""PASS"",""findings_json"":""{\""pid_count\"":1,\""legal_name_consistent\"":true,\""open_duplicate_request\"":false}"",""reason_codes"":"""",""evidence_references"":""CRM_Accounts record for CUST-DEMO-AU-1001"",""confidence"":""1"",""human_review_required"":false,""recommended_next_step"":""Continue to financial check"",""rule_ids"":"""",""rule_status_used"":""CONFIRMED_POC"",""created_at"":""2026-09-28T10:38:30.125Z"",""superseded"":false,""id"":1,""createdAt"":""2026-09-28T10:38:17.735Z"",""updatedAt"":""2026-09-28T10:38:30.142Z""}",1438
EVT-AUTH-001-5-1790591910246,AUTH-001,1,2026-09-25T20:08:50.000Z,SBO.12,UTILITY_CHECK_COMPLETED,SYSTEM_DATA_CHECK,,PASS,,,CRM_Accounts record for CUST-DEMO-AU-1001,"{""result_id"":""RES-AUTH-001-5"",""case_run_id"":""AUTH-001"",""submission_version"":1,""sequence"":""5"",""agent_id"":""SBO.12"",""utility_name"":""System Data Check Agent"",""check_type"":""SYSTEM_DATA_CHECK"",""status"":""PASS"",""findings_json"":""{\""pid_count\"":1,\""legal_name_consistent\"":true,\""open_duplicate_request\"":false}"",""reason_codes"":"""",""evidence_references"":""CRM_Accounts record for CUST-DEMO-AU-1001"",""confidence"":""1"",""human_review_required"":false,""recommended_next_step"":""Continue to financial check"",""rule_ids"":"""",""rule_status_used"":""CONFIRMED_POC"",""created_at"":""2026-09-28T10:38:30.125Z"",""superseded"":false,""id"":2,""createdAt"":""2026-09-28T10:38:21.806Z"",""updatedAt"":""2026-09-28T10:38:30.142Z""}",1438
EVT-AUTH-001-5-1790591910253,AUTH-001,1,2026-09-25T20:08:50.000Z,SBO.12,UTILITY_CHECK_COMPLETED,SYSTEM_DATA_CHECK,,PASS,,,CRM_Accounts record for CUST-DEMO-AU-1001,"{""result_id"":""RES-AUTH-001-5"",""case_run_id"":""AUTH-001"",""submission_version"":1,""sequence"":""5"",""agent_id"":""SBO.12"",""utility_name"":""System Data Check Agent"",""check_type"":""SYSTEM_DATA_CHECK"",""status"":""PASS"",""findings_json"":""{\""pid_count\"":1,\""legal_name_consistent\"":true,\""open_duplicate_request\"":false}"",""reason_codes"":"""",""evidence_references"":""CRM_Accounts record for CUST-DEMO-AU-1001"",""confidence"":""1"",""human_review_required"":false,""recommended_next_step"":""Continue to financial check"",""rule_ids"":"""",""rule_status_used"":""CONFIRMED_POC"",""created_at"":""2026-09-28T10:38:30.125Z"",""superseded"":false,""id"":3,""createdAt"":""2026-09-28T10:38:24.452Z"",""updatedAt"":""2026-09-28T10:38:30.142Z""}",1438
EVT-AUTH-001-5-1790591910260,AUTH-001,1,2026-09-25T20:08:50.000Z,SBO.12,UTILITY_CHECK_COMPLETED,SYSTEM_DATA_CHECK,,PASS,,,CRM_Accounts record for CUST-DEMO-AU-1001,"{""result_id"":""RES-AUTH-001-5"",""case_run_id"":""AUTH-001"",""submission_version"":1,""sequence"":""5"",""agent_id"":""SBO.12"",""utility_name"":""System Data Check Agent"",""check_type"":""SYSTEM_DATA_CHECK"",""status"":""PASS"",""findings_json"":""{\""pid_count\"":1,\""legal_name_consistent\"":true,\""open_duplicate_request\"":false}"",""reason_codes"":"""",""evidence_references"":""CRM_Accounts record for CUST-DEMO-AU-1001"",""confidence"":""1"",""human_review_required"":false,""recommended_next_step"":""Continue to financial check"",""rule_ids"":"""",""rule_status_used"":""CONFIRMED_POC"",""created_at"":""2026-09-28T10:38:30.125Z"",""superseded"":false,""id"":4,""createdAt"":""2026-09-28T10:38:27.102Z"",""updatedAt"":""2026-09-28T10:38:30.142Z""}",1438
EVT-AUTH-001-6-1790591912799,AUTH-001,1,2026-09-25T20:08:50.000Z,SBO.09,UTILITY_CHECK_COMPLETED,FINANCIAL_CHECK,,PASS,,F,Financial_Records record(s) for CUST-DEMO-AU-1001,"{""result_id"":""RES-AUTH-001-6"",""case_run_id"":""AUTH-001"",""submission_version"":1,""sequence"":""6"",""agent_id"":""SBO.09"",""utility_name"":""Financial Checks Agent"",""check_type"":""FINANCIAL_CHECK"",""status"":""PASS"",""findings_json"":""{\""credit_hold\"":false,\""total_outstanding\"":0,\""policy_exception\"":false}"",""reason_codes"":""FINANCIAL_CHECK_CLEAR"",""evidence_references"":""Financial_Records record(s) for CUST-DEMO-AU-1001"",""confidence"":""1"",""human_review_required"":false,""recommended_next_step"":""Continue to final verification"",""rule_ids"":""FIN-001"",""rule_status_used"":""CONFIRMED_POC"",""created_at"":""2026-09-28T10:38:32.719Z"",""superseded"":false,""id"":5,""createdAt"":""2026-09-28T10:38:32.741Z"",""updatedAt"":""2026-09-28T10:38:32.741Z""}",1439
EVT-AUTH-001-7-1790591914833,AUTH-001,1,2026-09-25T20:08:50.000Z,SBO.10,UTILITY_CHECK_COMPLETED,FINAL_VERIFICATION,,PASS,,F,Mock final verification result for AUTH-001,"{""result_id"":""RES-AUTH-001-7"",""case_run_id"":""AUTH-001"",""submission_version"":1,""sequence"":""7"",""agent_id"":""SBO.10"",""utility_name"":""Compliance Agent"",""check_type"":""FINAL_VERIFICATION"",""status"":""PASS"",""findings_json"":""{\""status\"":\""SUCCESSFUL\"",\""fraud_flag\"":false,\""manual_verification_required\"":false}"",""reason_codes"":""FINAL_VERIFICATION_SUCCESSFUL"",""evidence_references"":""Mock final verification result for AUTH-001"",""confidence"":""1"",""human_review_required"":false,""recommended_next_step"":""Apply final approval rule"",""rule_ids"":""CMP-001"",""rule_status_used"":""CONFIRMED_POC"",""created_at"":""2026-09-28T10:38:34.747Z"",""superseded"":false,""id"":6,""createdAt"":""2026-09-28T10:38:34.769Z"",""updatedAt"":""2026-09-28T10:38:34.769Z""}",1440
EVT-AUTH-001-1-1790593038296,AUTH-001,1,2026-09-25T20:08:50.000Z,SBO.05,UTILITY_CHECK_COMPLETED,DOCUMENT_EXTRACTION,,PASS,,,documents/AUTH-001,"{""result_id"":""RES-AUTH-001-1"",""case_run_id"":""AUTH-001"",""submission_version"":1,""sequence"":""1"",""agent_id"":""SBO.05"",""utility_name"":""Document Extraction Agent"",""check_type"":""DOCUMENT_EXTRACTION"",""status"":""PASS"",""findings_json"":""{\""documents_expected\"":3,\""documents_present\"":3,\""missing\"":[],\""all_readable\"":true}"",""reason_codes"":"""",""evidence_references"":""documents/AUTH-001"",""confidence"":""0.98"",""human_review_required"":false,""recommended_next_step"":""Continue to business validation"",""rule_ids"":"""",""rule_status_used"":""CONFIRMED_POC"",""created_at"":""2026-09-28T10:57:18.215Z"",""superseded"":false,""id"":1,""createdAt"":""2026-09-28T10:57:18.237Z"",""updatedAt"":""2026-09-28T10:57:18.237Z""}",1443
EVT-AUTH-001-2-1790593040325,AUTH-001,1,2026-09-25T20:08:50.000Z,SBO.06,UTILITY_CHECK_COMPLETED,BUSINESS_VALIDATION,,PASS,,B,Business_Register row for AU-DEMO-BIZ-1001,"{""result_id"":""RES-AUTH-001-2"",""case_run_id"":""AUTH-001"",""submission_version"":1,""sequence"":""2"",""agent_id"":""SBO.06"",""utility_name"":""Business Validation Utility"",""check_type"":""BUSINESS_VALIDATION"",""status"":""PASS"",""findings_json"":""{\""lookup_status\"":\""SUCCESS\"",\""registration_status\"":\""ACTIVE\"",\""name_match\"":true,\""identifier_match\"":true}"",""reason_codes"":""BUSINESS_ACTIVE"",""evidence_references"":""Business_Register row for AU-DEMO-BIZ-1001"",""confidence"":""1"",""human_review_required"":false,""recommended_next_step"":""Continue to identity validation"",""rule_ids"":""REG-001"",""rule_status_used"":""CONFIRMED_POC"",""created_at"":""2026-09-28T10:57:20.252Z"",""superseded"":false,""id"":2,""createdAt"":""2026-09-28T10:57:20.269Z"",""updatedAt"":""2026-09-28T10:57:20.269Z""}",1444
EVT-AUTH-001-3-1790593042925,AUTH-001,1,2026-09-25T20:08:50.000Z,SBO.07,UTILITY_CHECK_COMPLETED,IDENTITY_VALIDATION,,PASS,,I,documents/AUTH-001/AUTH-001_Identity_Profile.pdf,"{""result_id"":""RES-AUTH-001-3"",""case_run_id"":""AUTH-001"",""submission_version"":1,""sequence"":""3"",""agent_id"":""SBO.07"",""utility_name"":""Identity & Authority Agent"",""check_type"":""IDENTITY_VALIDATION"",""status"":""PASS"",""findings_json"":""{\""name_match\"":true,\""identity_status\"":\""VALID_SYNTHETIC\"",\""expired\"":false}"",""reason_codes"":""IDENTITY_VERIFIED"",""evidence_references"":""documents/AUTH-001/AUTH-001_Identity_Profile.pdf"",""confidence"":""0.97"",""human_review_required"":false,""recommended_next_step"":""Continue to authority validation"",""rule_ids"":""ID-001"",""rule_status_used"":""CONFIRMED_POC"",""created_at"":""2026-09-28T10:57:22.838Z"",""superseded"":false,""id"":3,""createdAt"":""2026-09-28T10:57:22.855Z"",""updatedAt"":""2026-09-28T10:57:22.855Z""}",1445
EVT-AUTH-001-4-1790593045624,AUTH-001,1,2026-09-25T20:08:50.000Z,SBO.07,UTILITY_CHECK_COMPLETED,AUTHORITY_VALIDATION,,PASS,,A,documents/AUTH-001/AUTH-001_AUTHORITY_LETTER.pdf,"{""result_id"":""RES-AUTH-001-4"",""case_run_id"":""AUTH-001"",""submission_version"":1,""sequence"":""4"",""agent_id"":""SBO.07"",""utility_name"":""Identity & Authority Agent"",""check_type"":""AUTHORITY_VALIDATION"",""status"":""PASS"",""findings_json"":""{\""representative_named\"":true,\""account_management\"":true,\""service_ordering\"":true,\""contract_signing\"":true,\""scope\"":\""CLEAR\""}"",""reason_codes"":""AUTHORITY_SCOPE_CLEAR"",""evidence_references"":""documents/AUTH-001/AUTH-001_AUTHORITY_LETTER.pdf"",""confidence"":""0.97"",""human_review_required"":false,""recommended_next_step"":""Continue to system-data check"",""rule_ids"":""AUTH-003"",""rule_status_used"":""CONFIRMED_POC"",""created_at"":""2026-09-28T10:57:25.549Z"",""superseded"":false,""id"":4,""createdAt"":""2026-09-28T10:57:25.568Z"",""updatedAt"":""2026-09-28T10:57:25.568Z""}",1446
EVT-AUTH-001-5-1790593049156,AUTH-001,1,2026-09-25T20:08:50.000Z,SBO.12,UTILITY_CHECK_COMPLETED,SYSTEM_DATA_CHECK,,PASS,,,CRM_Accounts record for CUST-DEMO-AU-1001,"{""result_id"":""RES-AUTH-001-5"",""case_run_id"":""AUTH-001"",""submission_version"":1,""sequence"":""5"",""agent_id"":""SBO.12"",""utility_name"":""System Data Check Agent"",""check_type"":""SYSTEM_DATA_CHECK"",""status"":""PASS"",""findings_json"":""{\""pid_count\"":1,\""legal_name_consistent\"":true,\""open_duplicate_request\"":false}"",""reason_codes"":"""",""evidence_references"":""CRM_Accounts record for CUST-DEMO-AU-1001"",""confidence"":""1"",""human_review_required"":false,""recommended_next_step"":""Continue to financial check"",""rule_ids"":"""",""rule_status_used"":""CONFIRMED_POC"",""created_at"":""2026-09-28T10:57:29.066Z"",""superseded"":false,""id"":1,""createdAt"":""2026-09-28T10:57:18.237Z"",""updatedAt"":""2026-09-28T10:57:29.087Z""}",1447
EVT-AUTH-001-5-1790593049165,AUTH-001,1,2026-09-25T20:08:50.000Z,SBO.12,UTILITY_CHECK_COMPLETED,SYSTEM_DATA_CHECK,,PASS,,,CRM_Accounts record for CUST-DEMO-AU-1001,"{""result_id"":""RES-AUTH-001-5"",""case_run_id"":""AUTH-001"",""submission_version"":1,""sequence"":""5"",""agent_id"":""SBO.12"",""utility_name"":""System Data Check Agent"",""check_type"":""SYSTEM_DATA_CHECK"",""status"":""PASS"",""findings_json"":""{\""pid_count\"":1,\""legal_name_consistent\"":true,\""open_duplicate_request\"":false}"",""reason_codes"":"""",""evidence_references"":""CRM_Accounts record for CUST-DEMO-AU-1001"",""confidence"":""1"",""human_review_required"":false,""recommended_next_step"":""Continue to financial check"",""rule_ids"":"""",""rule_status_used"":""CONFIRMED_POC"",""created_at"":""2026-09-28T10:57:29.066Z"",""superseded"":false,""id"":2,""createdAt"":""2026-09-28T10:57:20.269Z"",""updatedAt"":""2026-09-28T10:57:29.087Z""}",1447
EVT-AUTH-001-5-1790593049172,AUTH-001,1,2026-09-25T20:08:50.000Z,SBO.12,UTILITY_CHECK_COMPLETED,SYSTEM_DATA_CHECK,,PASS,,,CRM_Accounts record for CUST-DEMO-AU-1001,"{""result_id"":""RES-AUTH-001-5"",""case_run_id"":""AUTH-001"",""submission_version"":1,""sequence"":""5"",""agent_id"":""SBO.12"",""utility_name"":""System Data Check Agent"",""check_type"":""SYSTEM_DATA_CHECK"",""status"":""PASS"",""findings_json"":""{\""pid_count\"":1,\""legal_name_consistent\"":true,\""open_duplicate_request\"":false}"",""reason_codes"":"""",""evidence_references"":""CRM_Accounts record for CUST-DEMO-AU-1001"",""confidence"":""1"",""human_review_required"":false,""recommended_next_step"":""Continue to financial check"",""rule_ids"":"""",""rule_status_used"":""CONFIRMED_POC"",""created_at"":""2026-09-28T10:57:29.066Z"",""superseded"":false,""id"":3,""createdAt"":""2026-09-28T10:57:22.855Z"",""updatedAt"":""2026-09-28T10:57:29.087Z""}",1447
EVT-AUTH-001-5-1790593049179,AUTH-001,1,2026-09-25T20:08:50.000Z,SBO.12,UTILITY_CHECK_COMPLETED,SYSTEM_DATA_CHECK,,PASS,,,CRM_Accounts record for CUST-DEMO-AU-1001,"{""result_id"":""RES-AUTH-001-5"",""case_run_id"":""AUTH-001"",""submission_version"":1,""sequence"":""5"",""agent_id"":""SBO.12"",""utility_name"":""System Data Check Agent"",""check_type"":""SYSTEM_DATA_CHECK"",""status"":""PASS"",""findings_json"":""{\""pid_count\"":1,\""legal_name_consistent\"":true,\""open_duplicate_request\"":false}"",""reason_codes"":"""",""evidence_references"":""CRM_Accounts record for CUST-DEMO-AU-1001"",""confidence"":""1"",""human_review_required"":false,""recommended_next_step"":""Continue to financial check"",""rule_ids"":"""",""rule_status_used"":""CONFIRMED_POC"",""created_at"":""2026-09-28T10:57:29.066Z"",""superseded"":false,""id"":4,""createdAt"":""2026-09-28T10:57:25.568Z"",""updatedAt"":""2026-09-28T10:57:29.087Z""}",1447
EVT-AUTH-001-6-1790593051356,AUTH-001,1,2026-09-25T20:08:50.000Z,SBO.09,UTILITY_CHECK_COMPLETED,FINANCIAL_CHECK,,PASS,,F,Financial_Records record(s) for CUST-DEMO-AU-1001,"{""result_id"":""RES-AUTH-001-6"",""case_run_id"":""AUTH-001"",""submission_version"":1,""sequence"":""6"",""agent_id"":""SBO.09"",""utility_name"":""Financial Checks Agent"",""check_type"":""FINANCIAL_CHECK"",""status"":""PASS"",""findings_json"":""{\""credit_hold\"":false,\""total_outstanding\"":0,\""policy_exception\"":false}"",""reason_codes"":""FINANCIAL_CHECK_CLEAR"",""evidence_references"":""Financial_Records record(s) for CUST-DEMO-AU-1001"",""confidence"":""1"",""human_review_required"":false,""recommended_next_step"":""Continue to final verification"",""rule_ids"":""FIN-001"",""rule_status_used"":""CONFIRMED_POC"",""created_at"":""2026-09-28T10:57:31.277Z"",""superseded"":false,""id"":5,""createdAt"":""2026-09-28T10:57:31.301Z"",""updatedAt"":""2026-09-28T10:57:31.301Z""}",1448
EVT-AUTH-001-7-1790593055086,AUTH-001,1,2026-09-25T20:08:50.000Z,SBO.10,UTILITY_CHECK_COMPLETED,FINAL_VERIFICATION,,PASS,,F,Mock final verification result for AUTH-001,"{""result_id"":""RES-AUTH-001-7"",""case_run_id"":""AUTH-001"",""submission_version"":1,""sequence"":""7"",""agent_id"":""SBO.10"",""utility_name"":""Compliance Agent"",""check_type"":""FINAL_VERIFICATION"",""status"":""PASS"",""findings_json"":""{\""status\"":\""SUCCESSFUL\"",\""fraud_flag\"":false,\""manual_verification_required\"":false}"",""reason_codes"":""FINAL_VERIFICATION_SUCCESSFUL"",""evidence_references"":""Mock final verification result for AUTH-001"",""confidence"":""1"",""human_review_required"":false,""recommended_next_step"":""Apply final approval rule"",""rule_ids"":""CMP-001"",""rule_status_used"":""CONFIRMED_POC"",""created_at"":""2026-09-28T10:57:34.996Z"",""superseded"":false,""id"":6,""createdAt"":""2026-09-28T10:57:35.015Z"",""updatedAt"":""2026-09-28T10:57:35.015Z""}",1449
EVT-AUTH-001-1-1790594146403,AUTH-001,1,2026-09-25T20:08:50.000Z,SBO.05,UTILITY_CHECK_COMPLETED,DOCUMENT_EXTRACTION,,PASS,,,documents/AUTH-001,"{""result_id"":""RES-AUTH-001-1"",""case_run_id"":""AUTH-001"",""submission_version"":1,""sequence"":""1"",""agent_id"":""SBO.05"",""utility_name"":""Document Extraction Agent"",""check_type"":""DOCUMENT_EXTRACTION"",""status"":""PASS"",""findings_json"":""{\""documents_expected\"":3,\""documents_present\"":3,\""missing\"":[],\""all_readable\"":true}"",""reason_codes"":"""",""evidence_references"":""documents/AUTH-001"",""confidence"":""0.98"",""human_review_required"":false,""recommended_next_step"":""Continue to business validation"",""rule_ids"":"""",""rule_status_used"":""CONFIRMED_POC"",""created_at"":""2026-09-28T11:15:46.320Z"",""superseded"":false,""id"":1,""createdAt"":""2026-09-28T11:15:46.344Z"",""updatedAt"":""2026-09-28T11:15:46.344Z""}",1452
EVT-AUTH-001-2-1790594149275,AUTH-001,1,2026-09-25T20:08:50.000Z,SBO.06,UTILITY_CHECK_COMPLETED,BUSINESS_VALIDATION,,PASS,,B,Business_Register row for AU-DEMO-BIZ-1001,"{""result_id"":""RES-AUTH-001-2"",""case_run_id"":""AUTH-001"",""submission_version"":1,""sequence"":""2"",""agent_id"":""SBO.06"",""utility_name"":""Business Validation Utility"",""check_type"":""BUSINESS_VALIDATION"",""status"":""PASS"",""findings_json"":""{\""lookup_status\"":\""SUCCESS\"",\""registration_status\"":\""ACTIVE\"",\""name_match\"":true,\""identifier_match\"":true}"",""reason_codes"":""BUSINESS_ACTIVE"",""evidence_references"":""Business_Register row for AU-DEMO-BIZ-1001"",""confidence"":""1"",""human_review_required"":false,""recommended_next_step"":""Continue to identity validation"",""rule_ids"":""REG-001"",""rule_status_used"":""CONFIRMED_POC"",""created_at"":""2026-09-28T11:15:49.173Z"",""superseded"":false,""id"":2,""createdAt"":""2026-09-28T11:15:49.191Z"",""updatedAt"":""2026-09-28T11:15:49.191Z""}",1453
EVT-AUTH-001-3-1790594151676,AUTH-001,1,2026-09-25T20:08:50.000Z,SBO.07,UTILITY_CHECK_COMPLETED,IDENTITY_VALIDATION,,PASS,,I,documents/AUTH-001/AUTH-001_Identity_Profile.pdf,"{""result_id"":""RES-AUTH-001-3"",""case_run_id"":""AUTH-001"",""submission_version"":1,""sequence"":""3"",""agent_id"":""SBO.07"",""utility_name"":""Identity & Authority Agent"",""check_type"":""IDENTITY_VALIDATION"",""status"":""PASS"",""findings_json"":""{\""name_match\"":true,\""identity_status\"":\""VALID_SYNTHETIC\"",\""expired\"":false}"",""reason_codes"":""IDENTITY_VERIFIED"",""evidence_references"":""documents/AUTH-001/AUTH-001_Identity_Profile.pdf"",""confidence"":""0.97"",""human_review_required"":false,""recommended_next_step"":""Continue to authority validation"",""rule_ids"":""ID-001"",""rule_status_used"":""CONFIRMED_POC"",""created_at"":""2026-09-28T11:15:51.601Z"",""superseded"":false,""id"":3,""createdAt"":""2026-09-28T11:15:51.623Z"",""updatedAt"":""2026-09-28T11:15:51.623Z""}",1454
EVT-AUTH-001-4-1790594158269,AUTH-001,1,2026-09-25T20:08:50.000Z,SBO.07,UTILITY_CHECK_COMPLETED,AUTHORITY_VALIDATION,,PASS,,A,documents/AUTH-001/AUTH-001_AUTHORITY_LETTER.pdf,"{""result_id"":""RES-AUTH-001-4"",""case_run_id"":""AUTH-001"",""submission_version"":1,""sequence"":""4"",""agent_id"":""SBO.07"",""utility_name"":""Identity & Authority Agent"",""check_type"":""AUTHORITY_VALIDATION"",""status"":""PASS"",""findings_json"":""{\""representative_named\"":true,\""account_management\"":true,\""service_ordering\"":true,\""contract_signing\"":true,\""scope\"":\""CLEAR\""}"",""reason_codes"":""AUTHORITY_SCOPE_CLEAR"",""evidence_references"":""documents/AUTH-001/AUTH-001_AUTHORITY_LETTER.pdf"",""confidence"":""0.97"",""human_review_required"":false,""recommended_next_step"":""Continue to system-data check"",""rule_ids"":""AUTH-003"",""rule_status_used"":""CONFIRMED_POC"",""created_at"":""2026-09-28T11:15:58.098Z"",""superseded"":false,""id"":4,""createdAt"":""2026-09-28T11:15:58.195Z"",""updatedAt"":""2026-09-28T11:15:58.195Z""}",1455
EVT-AUTH-001-5-1790594162388,AUTH-001,1,2026-09-25T20:08:50.000Z,SBO.12,UTILITY_CHECK_COMPLETED,SYSTEM_DATA_CHECK,,PASS,,,CRM_Accounts record for CUST-DEMO-AU-1001,"{""result_id"":""RES-AUTH-001-5"",""case_run_id"":""AUTH-001"",""submission_version"":1,""sequence"":""5"",""agent_id"":""SBO.12"",""utility_name"":""System Data Check Agent"",""check_type"":""SYSTEM_DATA_CHECK"",""status"":""PASS"",""findings_json"":""{\""pid_count\"":1,\""legal_name_consistent\"":true,\""open_duplicate_request\"":false}"",""reason_codes"":"""",""evidence_references"":""CRM_Accounts record for CUST-DEMO-AU-1001"",""confidence"":""1"",""human_review_required"":false,""recommended_next_step"":""Continue to financial check"",""rule_ids"":"""",""rule_status_used"":""CONFIRMED_POC"",""created_at"":""2026-09-28T11:16:02.308Z"",""superseded"":false,""id"":1,""createdAt"":""2026-09-28T11:15:46.344Z"",""updatedAt"":""2026-09-28T11:16:02.326Z""}",1456
EVT-AUTH-001-5-1790594162396,AUTH-001,1,2026-09-25T20:08:50.000Z,SBO.12,UTILITY_CHECK_COMPLETED,SYSTEM_DATA_CHECK,,PASS,,,CRM_Accounts record for CUST-DEMO-AU-1001,"{""result_id"":""RES-AUTH-001-5"",""case_run_id"":""AUTH-001"",""submission_version"":1,""sequence"":""5"",""agent_id"":""SBO.12"",""utility_name"":""System Data Check Agent"",""check_type"":""SYSTEM_DATA_CHECK"",""status"":""PASS"",""findings_json"":""{\""pid_count\"":1,\""legal_name_consistent\"":true,\""open_duplicate_request\"":false}"",""reason_codes"":"""",""evidence_references"":""CRM_Accounts record for CUST-DEMO-AU-1001"",""confidence"":""1"",""human_review_required"":false,""recommended_next_step"":""Continue to financial check"",""rule_ids"":"""",""rule_status_used"":""CONFIRMED_POC"",""created_at"":""2026-09-28T11:16:02.308Z"",""superseded"":false,""id"":2,""createdAt"":""2026-09-28T11:15:49.191Z"",""updatedAt"":""2026-09-28T11:16:02.326Z""}",1456
EVT-AUTH-001-5-1790594162402,AUTH-001,1,2026-09-25T20:08:50.000Z,SBO.12,UTILITY_CHECK_COMPLETED,SYSTEM_DATA_CHECK,,PASS,,,CRM_Accounts record for CUST-DEMO-AU-1001,"{""result_id"":""RES-AUTH-001-5"",""case_run_id"":""AUTH-001"",""submission_version"":1,""sequence"":""5"",""agent_id"":""SBO.12"",""utility_name"":""System Data Check Agent"",""check_type"":""SYSTEM_DATA_CHECK"",""status"":""PASS"",""findings_json"":""{\""pid_count\"":1,\""legal_name_consistent\"":true,\""open_duplicate_request\"":false}"",""reason_codes"":"""",""evidence_references"":""CRM_Accounts record for CUST-DEMO-AU-1001"",""confidence"":""1"",""human_review_required"":false,""recommended_next_step"":""Continue to financial check"",""rule_ids"":"""",""rule_status_used"":""CONFIRMED_POC"",""created_at"":""2026-09-28T11:16:02.308Z"",""superseded"":false,""id"":3,""createdAt"":""2026-09-28T11:15:51.623Z"",""updatedAt"":""2026-09-28T11:16:02.326Z""}",1456
EVT-AUTH-001-5-1790594162409,AUTH-001,1,2026-09-25T20:08:50.000Z,SBO.12,UTILITY_CHECK_COMPLETED,SYSTEM_DATA_CHECK,,PASS,,,CRM_Accounts record for CUST-DEMO-AU-1001,"{""result_id"":""RES-AUTH-001-5"",""case_run_id"":""AUTH-001"",""submission_version"":1,""sequence"":""5"",""agent_id"":""SBO.12"",""utility_name"":""System Data Check Agent"",""check_type"":""SYSTEM_DATA_CHECK"",""status"":""PASS"",""findings_json"":""{\""pid_count\"":1,\""legal_name_consistent\"":true,\""open_duplicate_request\"":false}"",""reason_codes"":"""",""evidence_references"":""CRM_Accounts record for CUST-DEMO-AU-1001"",""confidence"":""1"",""human_review_required"":false,""recommended_next_step"":""Continue to financial check"",""rule_ids"":"""",""rule_status_used"":""CONFIRMED_POC"",""created_at"":""2026-09-28T11:16:02.308Z"",""superseded"":false,""id"":4,""createdAt"":""2026-09-28T11:15:58.195Z"",""updatedAt"":""2026-09-28T11:16:02.326Z""}",1456
EVT-AUTH-001-6-1790594164555,AUTH-001,1,2026-09-25T20:08:50.000Z,SBO.09,UTILITY_CHECK_COMPLETED,FINANCIAL_CHECK,,PASS,,F,Financial_Records record(s) for CUST-DEMO-AU-1001,"{""result_id"":""RES-AUTH-001-6"",""case_run_id"":""AUTH-001"",""submission_version"":1,""sequence"":""6"",""agent_id"":""SBO.09"",""utility_name"":""Financial Checks Agent"",""check_type"":""FINANCIAL_CHECK"",""status"":""PASS"",""findings_json"":""{\""credit_hold\"":false,\""total_outstanding\"":0,\""policy_exception\"":false}"",""reason_codes"":""FINANCIAL_CHECK_CLEAR"",""evidence_references"":""Financial_Records record(s) for CUST-DEMO-AU-1001"",""confidence"":""1"",""human_review_required"":false,""recommended_next_step"":""Continue to final verification"",""rule_ids"":""FIN-001"",""rule_status_used"":""CONFIRMED_POC"",""created_at"":""2026-09-28T11:16:04.462Z"",""superseded"":false,""id"":5,""createdAt"":""2026-09-28T11:16:04.482Z"",""updatedAt"":""2026-09-28T11:16:04.482Z""}",1457
EVT-AUTH-001-7-1790594168510,AUTH-001,1,2026-09-25T20:08:50.000Z,SBO.10,UTILITY_CHECK_COMPLETED,FINAL_VERIFICATION,,PASS,,F,Mock final verification result for AUTH-001,"{""result_id"":""RES-AUTH-001-7"",""case_run_id"":""AUTH-001"",""submission_version"":1,""sequence"":""7"",""agent_id"":""SBO.10"",""utility_name"":""Compliance Agent"",""check_type"":""FINAL_VERIFICATION"",""status"":""PASS"",""findings_json"":""{\""status\"":\""SUCCESSFUL\"",\""fraud_flag\"":false,\""manual_verification_required\"":false}"",""reason_codes"":""FINAL_VERIFICATION_SUCCESSFUL"",""evidence_references"":""Mock final verification result for AUTH-001"",""confidence"":""1"",""human_review_required"":false,""recommended_next_step"":""Apply final approval rule"",""rule_ids"":""CMP-001"",""rule_status_used"":""CONFIRMED_POC"",""created_at"":""2026-09-28T11:16:08.435Z"",""superseded"":false,""id"":6,""createdAt"":""2026-09-28T11:16:08.453Z"",""updatedAt"":""2026-09-28T11:16:08.453Z""}",1458
EVT-AUTH-001-7-1790602629694,AUTH-001,1,2026-09-25T20:08:50.000Z,SBO.10,UTILITY_CHECK_COMPLETED,FINAL_VERIFICATION,,PASS,,F,Mock final verification result for AUTH-001,"{""result_id"":""RES-AUTH-001-7"",""case_run_id"":""AUTH-001"",""submission_version"":1,""sequence"":""7"",""agent_id"":""SBO.10"",""utility_name"":""Compliance Agent"",""check_type"":""FINAL_VERIFICATION"",""status"":""PASS"",""findings_json"":""{\""status\"":\""SUCCESSFUL\"",\""fraud_flag\"":false,\""manual_verification_required\"":false}"",""reason_codes"":""FINAL_VERIFICATION_SUCCESSFUL"",""evidence_references"":""Mock final verification result for AUTH-001"",""confidence"":""1"",""human_review_required"":false,""recommended_next_step"":""Apply final approval rule"",""rule_ids"":""CMP-001"",""rule_status_used"":""CONFIRMED_POC"",""created_at"":""2026-09-28T13:37:03.268Z"",""superseded"":false,""id"":1,""createdAt"":""2026-09-28T13:37:03.295Z"",""updatedAt"":""2026-09-28T13:37:03.295Z""}",1479
EVT-AUTH-001-7-1790602638925,AUTH-001,1,2026-09-25T20:08:50.000Z,SBO.10,UTILITY_CHECK_COMPLETED,FINAL_VERIFICATION,,PASS,,F,Mock final verification result for AUTH-001,"{""result_id"":""RES-AUTH-001-7"",""case_run_id"":""AUTH-001"",""submission_version"":1,""sequence"":""7"",""agent_id"":""SBO.10"",""utility_name"":""Compliance Agent"",""check_type"":""FINAL_VERIFICATION"",""status"":""PASS"",""findings_json"":""{\""status\"":\""SUCCESSFUL\"",\""fraud_flag\"":false,\""manual_verification_required\"":false}"",""reason_codes"":""FINAL_VERIFICATION_SUCCESSFUL"",""evidence_references"":""Mock final verification result for AUTH-001"",""confidence"":""1"",""human_review_required"":false,""recommended_next_step"":""Apply final approval rule"",""rule_ids"":""CMP-001"",""rule_status_used"":""CONFIRMED_POC"",""created_at"":""2026-09-28T13:37:03.268Z"",""superseded"":false,""id"":1,""createdAt"":""2026-09-28T13:37:03.295Z"",""updatedAt"":""2026-09-28T13:37:03.295Z""}",1480
EVT-AUTH-001-5-1790602840218,AUTH-001,1,2026-09-25T20:08:50.000Z,SBO.12,UTILITY_CHECK_COMPLETED,SYSTEM_DATA_CHECK,,PASS,,,CRM_Accounts record for CUST-DEMO-AU-1001,"{""result_id"":""RES-AUTH-001-V1-SYSTEM_DATA_CHECK"",""case_run_id"":""AUTH-001"",""submission_version"":1,""sequence"":""5"",""agent_id"":""SBO.12"",""utility_name"":""System Data Check Agent"",""check_type"":""SYSTEM_DATA_CHECK"",""status"":""PASS"",""findings_json"":""{\""pid_count\"":1,\""legal_name_consistent\"":true,\""open_duplicate_request\"":false}"",""reason_codes"":"""",""evidence_references"":""CRM_Accounts record for CUST-DEMO-AU-1001"",""confidence"":""1"",""human_review_required"":false,""recommended_next_step"":""Continue to financial check"",""rule_ids"":"""",""rule_status_used"":""CONFIRMED_POC"",""created_at"":""2026-09-28T13:40:38.003Z"",""superseded"":false,""id"":2,""createdAt"":""2026-09-28T13:40:38.060Z"",""updatedAt"":""2026-09-28T13:40:38.060Z""}",1490
EVT-AUTH-001-6-1790603024125,AUTH-001,1,2026-09-25T20:08:50.000Z,SBO.09,UTILITY_CHECK_COMPLETED,FINANCIAL_CHECK,,PASS,,F,Financial_Records record(s) for CUST-DEMO-AU-1001,"{""result_id"":""RES-AUTH-001-6"",""case_run_id"":""AUTH-001"",""submission_version"":1,""sequence"":""6"",""agent_id"":""SBO.09"",""utility_name"":""Financial Checks Agent"",""check_type"":""FINANCIAL_CHECK"",""status"":""PASS"",""findings_json"":""{\""credit_hold\"":false,\""total_outstanding\"":0,\""policy_exception\"":false}"",""reason_codes"":""FINANCIAL_CHECK_CLEAR"",""evidence_references"":""Financial_Records record(s) for CUST-DEMO-AU-1001"",""confidence"":""1"",""human_review_required"":false,""recommended_next_step"":""Continue to final verification"",""rule_ids"":""FIN-001"",""rule_status_used"":""CONFIRMED_POC"",""created_at"":""2026-09-28T13:43:44.008Z"",""superseded"":false,""id"":3,""createdAt"":""2026-09-28T13:43:44.029Z"",""updatedAt"":""2026-09-28T13:43:44.029Z""}",1494
EVT-AUTH-001-5-1790603444777,AUTH-001,1,2026-09-25T20:08:50.000Z,SBO.12,UTILITY_CHECK_COMPLETED,SYSTEM_DATA_CHECK,,PASS,,,CRM_Accounts record for CUST-DEMO-AU-1001,"{""result_id"":""RES-AUTH-001-V1-SYSTEM_DATA_CHECK"",""case_run_id"":""AUTH-001"",""submission_version"":1,""sequence"":""5"",""agent_id"":""SBO.12"",""utility_name"":""System Data Check Agent"",""check_type"":""SYSTEM_DATA_CHECK"",""status"":""PASS"",""findings_json"":""{\""pid_count\"":1,\""legal_name_consistent\"":true,\""open_duplicate_request\"":false}"",""reason_codes"":"""",""evidence_references"":""CRM_Accounts record for CUST-DEMO-AU-1001"",""confidence"":""1"",""human_review_required"":false,""recommended_next_step"":""Continue to financial check"",""rule_ids"":"""",""rule_status_used"":""CONFIRMED_POC"",""created_at"":""2026-09-28T13:50:44.705Z"",""superseded"":false,""id"":2,""createdAt"":""2026-09-28T13:40:38.060Z"",""updatedAt"":""2026-09-28T13:50:44.723Z""}",1496
EVT-AUTH-001-6-1790603462298,AUTH-001,1,2026-09-25T20:08:50.000Z,SBO.09,UTILITY_CHECK_COMPLETED,FINANCIAL_CHECK,,PASS,,F,Financial_Records record(s) for CUST-DEMO-AU-1001,"{""result_id"":""RES-AUTH-001-6"",""case_run_id"":""AUTH-001"",""submission_version"":1,""sequence"":""6"",""agent_id"":""SBO.09"",""utility_name"":""Financial Checks Agent"",""check_type"":""FINANCIAL_CHECK"",""status"":""PASS"",""findings_json"":""{\""credit_hold\"":false,\""total_outstanding\"":0,\""policy_exception\"":false}"",""reason_codes"":""FINANCIAL_CHECK_CLEAR"",""evidence_references"":""Financial_Records record(s) for CUST-DEMO-AU-1001"",""confidence"":""1"",""human_review_required"":false,""recommended_next_step"":""Continue to final verification"",""rule_ids"":""FIN-001"",""rule_status_used"":""CONFIRMED_POC"",""created_at"":""2026-09-28T13:51:02.215Z"",""superseded"":false,""id"":3,""createdAt"":""2026-09-28T13:43:44.029Z"",""updatedAt"":""2026-09-28T13:51:02.233Z""}",1497
EVT-AUTH-001-1-1790603796396,AUTH-001,1,2026-09-25T20:08:50.000Z,SBO.05,UTILITY_CHECK_COMPLETED,DOCUMENT_EXTRACTION,,PASS,,,documents/AUTH-001,"{""result_id"":""RES-AUTH-001-1"",""case_run_id"":""AUTH-001"",""submission_version"":1,""sequence"":""1"",""agent_id"":""SBO.05"",""utility_name"":""Document Extraction Agent"",""check_type"":""DOCUMENT_EXTRACTION"",""status"":""PASS"",""findings_json"":""{\""documents_expected\"":3,\""documents_present\"":3,\""missing\"":[],\""all_readable\"":true}"",""reason_codes"":"""",""evidence_references"":""documents/AUTH-001"",""confidence"":""0.98"",""human_review_required"":false,""recommended_next_step"":""Continue to business validation"",""rule_ids"":"""",""rule_status_used"":""CONFIRMED_POC"",""created_at"":""2026-09-28T13:56:36.317Z"",""superseded"":false,""id"":1,""createdAt"":""2026-09-28T13:56:36.338Z"",""updatedAt"":""2026-09-28T13:56:36.338Z""}",1499
EVT-AUTH-001-2-1790603801005,AUTH-001,1,2026-09-25T20:08:50.000Z,SBO.06,UTILITY_CHECK_COMPLETED,BUSINESS_VALIDATION,,PASS,,B,Business_Register row for AU-DEMO-BIZ-1001,"{""result_id"":""RES-AUTH-001-2"",""case_run_id"":""AUTH-001"",""submission_version"":1,""sequence"":""2"",""agent_id"":""SBO.06"",""utility_name"":""Business Validation Utility"",""check_type"":""BUSINESS_VALIDATION"",""status"":""PASS"",""findings_json"":""{\""lookup_status\"":\""SUCCESS\"",\""registration_status\"":\""ACTIVE\"",\""name_match\"":true,\""identifier_match\"":true}"",""reason_codes"":""BUSINESS_ACTIVE"",""evidence_references"":""Business_Register row for AU-DEMO-BIZ-1001"",""confidence"":""1"",""human_review_required"":false,""recommended_next_step"":""Continue to identity validation"",""rule_ids"":""REG-001"",""rule_status_used"":""CONFIRMED_POC"",""created_at"":""2026-09-28T13:56:40.903Z"",""superseded"":false,""id"":2,""createdAt"":""2026-09-28T13:56:40.931Z"",""updatedAt"":""2026-09-28T13:56:40.931Z""}",1500
EVT-AUTH-001-3-1790603805228,AUTH-001,1,2026-09-25T20:08:50.000Z,SBO.07,UTILITY_CHECK_COMPLETED,IDENTITY_VALIDATION,,PASS,,I,documents/AUTH-001/AUTH-001_Identity_Profile.pdf,"{""result_id"":""RES-AUTH-001-3"",""case_run_id"":""AUTH-001"",""submission_version"":1,""sequence"":""3"",""agent_id"":""SBO.07"",""utility_name"":""Identity & Authority Agent"",""check_type"":""IDENTITY_VALIDATION"",""status"":""PASS"",""findings_json"":""{\""name_match\"":true,\""identity_status\"":\""VALID_SYNTHETIC\"",\""expired\"":false}"",""reason_codes"":""IDENTITY_VERIFIED"",""evidence_references"":""documents/AUTH-001/AUTH-001_Identity_Profile.pdf"",""confidence"":""0.97"",""human_review_required"":false,""recommended_next_step"":""Continue to authority validation"",""rule_ids"":""ID-001"",""rule_status_used"":""CONFIRMED_POC"",""created_at"":""2026-09-28T13:56:45.136Z"",""superseded"":false,""id"":3,""createdAt"":""2026-09-28T13:56:45.157Z"",""updatedAt"":""2026-09-28T13:56:45.157Z""}",1501
EVT-AUTH-001-4-1790603810060,AUTH-001,1,2026-09-25T20:08:50.000Z,SBO.07,UTILITY_CHECK_COMPLETED,AUTHORITY_VALIDATION,,PASS,,A,documents/AUTH-001/AUTH-001_AUTHORITY_LETTER.pdf,"{""result_id"":""RES-AUTH-001-4"",""case_run_id"":""AUTH-001"",""submission_version"":1,""sequence"":""4"",""agent_id"":""SBO.07"",""utility_name"":""Identity & Authority Agent"",""check_type"":""AUTHORITY_VALIDATION"",""status"":""PASS"",""findings_json"":""{\""representative_named\"":true,\""account_management\"":true,\""service_ordering\"":true,\""contract_signing\"":true,\""scope\"":\""CLEAR\""}"",""reason_codes"":""AUTHORITY_SCOPE_CLEAR"",""evidence_references"":""documents/AUTH-001/AUTH-001_AUTHORITY_LETTER.pdf"",""confidence"":""0.97"",""human_review_required"":false,""recommended_next_step"":""Continue to system-data check"",""rule_ids"":""AUTH-003"",""rule_status_used"":""CONFIRMED_POC"",""created_at"":""2026-09-28T13:56:49.982Z"",""superseded"":false,""id"":4,""createdAt"":""2026-09-28T13:56:50.002Z"",""updatedAt"":""2026-09-28T13:56:50.002Z""}",1502
EVT-AUTH-001-5-1790603814010,AUTH-001,1,2026-09-25T20:08:50.000Z,SBO.12,UTILITY_CHECK_COMPLETED,SYSTEM_DATA_CHECK,,PASS,,,CRM_Accounts record for CUST-DEMO-AU-1001,"{""result_id"":""RES-AUTH-001-V1-SYSTEM_DATA_CHECK"",""case_run_id"":""AUTH-001"",""submission_version"":1,""sequence"":""5"",""agent_id"":""SBO.12"",""utility_name"":""System Data Check Agent"",""check_type"":""SYSTEM_DATA_CHECK"",""status"":""PASS"",""findings_json"":""{\""pid_count\"":1,\""legal_name_consistent\"":true,\""open_duplicate_request\"":false}"",""reason_codes"":"""",""evidence_references"":""CRM_Accounts record for CUST-DEMO-AU-1001"",""confidence"":""1"",""human_review_required"":false,""recommended_next_step"":""Continue to financial check"",""rule_ids"":"""",""rule_status_used"":""CONFIRMED_POC"",""created_at"":""2026-09-28T13:56:53.922Z"",""superseded"":false,""id"":5,""createdAt"":""2026-09-28T13:56:53.947Z"",""updatedAt"":""2026-09-28T13:56:53.947Z""}",1503
EVT-AUTH-001-6-1790603816397,AUTH-001,1,2026-09-25T20:08:50.000Z,SBO.09,UTILITY_CHECK_COMPLETED,FINANCIAL_CHECK,,PASS,,F,Financial_Records record(s) for CUST-DEMO-AU-1001,"{""result_id"":""RES-AUTH-001-6"",""case_run_id"":""AUTH-001"",""submission_version"":1,""sequence"":""6"",""agent_id"":""SBO.09"",""utility_name"":""Financial Checks Agent"",""check_type"":""FINANCIAL_CHECK"",""status"":""PASS"",""findings_json"":""{\""credit_hold\"":false,\""total_outstanding\"":0,\""policy_exception\"":false}"",""reason_codes"":""FINANCIAL_CHECK_CLEAR"",""evidence_references"":""Financial_Records record(s) for CUST-DEMO-AU-1001"",""confidence"":""1"",""human_review_required"":false,""recommended_next_step"":""Continue to final verification"",""rule_ids"":""FIN-001"",""rule_status_used"":""CONFIRMED_POC"",""created_at"":""2026-09-28T13:56:56.299Z"",""superseded"":false,""id"":6,""createdAt"":""2026-09-28T13:56:56.329Z"",""updatedAt"":""2026-09-28T13:56:56.329Z""}",1504
EVT-AUTH-001-7-1790603819686,AUTH-001,1,2026-09-25T20:08:50.000Z,SBO.10,UTILITY_CHECK_COMPLETED,FINAL_VERIFICATION,,PASS,,F,Mock final verification result for AUTH-001,"{""result_id"":""RES-AUTH-001-7"",""case_run_id"":""AUTH-001"",""submission_version"":1,""sequence"":""7"",""agent_id"":""SBO.10"",""utility_name"":""Compliance Agent"",""check_type"":""FINAL_VERIFICATION"",""status"":""PASS"",""findings_json"":""{\""status\"":\""SUCCESSFUL\"",\""fraud_flag\"":false,\""manual_verification_required\"":false}"",""reason_codes"":""FINAL_VERIFICATION_SUCCESSFUL"",""evidence_references"":""Mock final verification result for AUTH-001"",""confidence"":""1"",""human_review_required"":false,""recommended_next_step"":""Apply final approval rule"",""rule_ids"":""CMP-001"",""rule_status_used"":""CONFIRMED_POC"",""created_at"":""2026-09-28T13:56:59.597Z"",""superseded"":false,""id"":7,""createdAt"":""2026-09-28T13:56:59.614Z"",""updatedAt"":""2026-09-28T13:56:59.614Z""}",1505
EVT-AUTH-003-1-1790604526853,AUTH-003,1,2026-09-25T20:08:50.000Z,SBO.05,UTILITY_CHECK_COMPLETED,DOCUMENT_EXTRACTION,,PASS,,,documents/AUTH-003,"{""result_id"":""RES-AUTH-003-1"",""case_run_id"":""AUTH-003"",""submission_version"":1,""sequence"":""1"",""agent_id"":""SBO.05"",""utility_name"":""Document Extraction Agent"",""check_type"":""DOCUMENT_EXTRACTION"",""status"":""PASS"",""findings_json"":""{\""documents_expected\"":3,\""documents_present\"":3,\""missing\"":[],\""all_readable\"":true}"",""reason_codes"":"""",""evidence_references"":""documents/AUTH-003"",""confidence"":""0.98"",""human_review_required"":false,""recommended_next_step"":""Continue to business validation"",""rule_ids"":"""",""rule_status_used"":""CONFIRMED_POC"",""created_at"":""2026-09-28T14:08:46.768Z"",""superseded"":false,""id"":8,""createdAt"":""2026-09-28T14:08:46.792Z"",""updatedAt"":""2026-09-28T14:08:46.792Z""}",1508
EVT-AUTH-003-2-1790604533591,AUTH-003,1,2026-09-25T20:08:50.000Z,SBO.06,UTILITY_CHECK_COMPLETED,BUSINESS_VALIDATION,,PASS,,B,Business_Register row for AU-DEMO-BIZ-1002,"{""result_id"":""RES-AUTH-003-2"",""case_run_id"":""AUTH-003"",""submission_version"":1,""sequence"":""2"",""agent_id"":""SBO.06"",""utility_name"":""Business Validation Utility"",""check_type"":""BUSINESS_VALIDATION"",""status"":""PASS"",""findings_json"":""{\""lookup_status\"":\""SUCCESS\"",\""registration_status\"":\""ACTIVE\"",\""name_match\"":true,\""identifier_match\"":true}"",""reason_codes"":""BUSINESS_ACTIVE"",""evidence_references"":""Business_Register row for AU-DEMO-BIZ-1002"",""confidence"":""1"",""human_review_required"":false,""recommended_next_step"":""Continue to identity validation"",""rule_ids"":""REG-001"",""rule_status_used"":""CONFIRMED_POC"",""created_at"":""2026-09-28T14:08:53.523Z"",""superseded"":false,""id"":9,""createdAt"":""2026-09-28T14:08:53.542Z"",""updatedAt"":""2026-09-28T14:08:53.542Z""}",1509
EVT-AUTH-003-3-1790604536717,AUTH-003,1,2026-09-25T20:08:50.000Z,SBO.07,UTILITY_CHECK_COMPLETED,IDENTITY_VALIDATION,,PASS,,I,documents/AUTH-003/AUTH-003_Identity_Profile.pdf,"{""result_id"":""RES-AUTH-003-3"",""case_run_id"":""AUTH-003"",""submission_version"":1,""sequence"":""3"",""agent_id"":""SBO.07"",""utility_name"":""Identity & Authority Agent"",""check_type"":""IDENTITY_VALIDATION"",""status"":""PASS"",""findings_json"":""{\""name_match\"":true,\""identity_status\"":\""VALID_SYNTHETIC\"",\""expired\"":false}"",""reason_codes"":""IDENTITY_VERIFIED"",""evidence_references"":""documents/AUTH-003/AUTH-003_Identity_Profile.pdf"",""confidence"":""0.97"",""human_review_required"":false,""recommended_next_step"":""Continue to authority validation"",""rule_ids"":""ID-001"",""rule_status_used"":""CONFIRMED_POC"",""created_at"":""2026-09-28T14:08:56.610Z"",""superseded"":false,""id"":10,""createdAt"":""2026-09-28T14:08:56.641Z"",""updatedAt"":""2026-09-28T14:08:56.641Z""}",1510
EVT-AUTH-003-4-1790604539352,AUTH-003,1,2026-09-25T20:08:50.000Z,SBO.07,UTILITY_CHECK_COMPLETED,AUTHORITY_VALIDATION,,INCONCLUSIVE,,A,documents/AUTH-003/AUTH-003_AUTHORITY_LETTER.pdf,"{""result_id"":""RES-AUTH-003-4"",""case_run_id"":""AUTH-003"",""submission_version"":1,""sequence"":""4"",""agent_id"":""SBO.07"",""utility_name"":""Identity & Authority Agent"",""check_type"":""AUTHORITY_VALIDATION"",""status"":""INCONCLUSIVE"",""findings_json"":""{\""representative_named\"":true,\""account_enquiries\"":true,\""service_ordering\"":false,\""contract_signing\"":false,\""scope\"":\""AMBIGUOUS\""}"",""reason_codes"":""AUTHORITY_SCOPE_AMBIGUOUS"",""evidence_references"":""documents/AUTH-003/AUTH-003_AUTHORITY_LETTER.pdf"",""confidence"":""0.94"",""human_review_required"":false,""recommended_next_step"":""Route to Authority Review"",""rule_ids"":""AUTH-004"",""rule_status_used"":""CONFIRMED_POC"",""created_at"":""2026-09-28T14:08:59.241Z"",""superseded"":false,""id"":11,""createdAt"":""2026-09-28T14:08:59.261Z"",""updatedAt"":""2026-09-28T14:08:59.261Z""}",1511
EVT-AUTH-003-EVIDENCE-CANCELLED-1790604791756,AUTH-003,1,2026-09-28T14:13:11.762Z,CUSTOMER_SYNTHETIC,EVIDENCE_REQUEST_CANCELLED,EVIDENCE_COLLECTION,WAITING_FOR_EVIDENCE,EVIDENCE_REQUEST_CANCELLED,,CUSTOMER_CANCELLED_EVIDENCE_REQUEST,EVID-AUTH-003-V1-1790604585433,"{""evidence_request_id"":""EVID-AUTH-003-V1-1790604585433"",""case_run_id"":""AUTH-003"",""submission_version"":1,""evidence_upload_url"":""https://pocagents.app.n8n.cloud/form/submit-case-evidence?evidence_request_id=EVID-AUTH-003-V1-1790604585433&case_run_id=AUTH-003"",""customer_reply"":""CANCEL"",""normalized_reply"":""CANCEL"",""customer_cancelled"":true,""upload_acknowledged"":false}",1507
EVT-AUTH-003-1-1790604963517,AUTH-003,1,2026-09-25T20:08:50.000Z,SBO.05,UTILITY_CHECK_COMPLETED,DOCUMENT_EXTRACTION,,PASS,,,documents/AUTH-003,"{""result_id"":""RES-AUTH-003-1"",""case_run_id"":""AUTH-003"",""submission_version"":1,""sequence"":""1"",""agent_id"":""SBO.05"",""utility_name"":""Document Extraction Agent"",""check_type"":""DOCUMENT_EXTRACTION"",""status"":""PASS"",""findings_json"":""{\""documents_expected\"":3,\""documents_present\"":3,\""missing\"":[],\""all_readable\"":true}"",""reason_codes"":"""",""evidence_references"":""documents/AUTH-003"",""confidence"":""0.98"",""human_review_required"":false,""recommended_next_step"":""Continue to business validation"",""rule_ids"":"""",""rule_status_used"":""CONFIRMED_POC"",""created_at"":""2026-09-28T14:16:03.420Z"",""superseded"":false,""id"":8,""createdAt"":""2026-09-28T14:16:03.441Z"",""updatedAt"":""2026-09-28T14:16:03.441Z""}",1516
EVT-AUTH-003-2-1790604966432,AUTH-003,1,2026-09-25T20:08:50.000Z,SBO.06,UTILITY_CHECK_COMPLETED,BUSINESS_VALIDATION,,PASS,,B,Business_Register row for AU-DEMO-BIZ-1002,"{""result_id"":""RES-AUTH-003-2"",""case_run_id"":""AUTH-003"",""submission_version"":1,""sequence"":""2"",""agent_id"":""SBO.06"",""utility_name"":""Business Validation Utility"",""check_type"":""BUSINESS_VALIDATION"",""status"":""PASS"",""findings_json"":""{\""lookup_status\"":\""SUCCESS\"",\""registration_status\"":\""ACTIVE\"",\""name_match\"":true,\""identifier_match\"":true}"",""reason_codes"":""BUSINESS_ACTIVE"",""evidence_references"":""Business_Register row for AU-DEMO-BIZ-1002"",""confidence"":""1"",""human_review_required"":false,""recommended_next_step"":""Continue to identity validation"",""rule_ids"":""REG-001"",""rule_status_used"":""CONFIRMED_POC"",""created_at"":""2026-09-28T14:16:06.340Z"",""superseded"":false,""id"":9,""createdAt"":""2026-09-28T14:16:06.360Z"",""updatedAt"":""2026-09-28T14:16:06.360Z""}",1517
EVT-AUTH-003-3-1790604970310,AUTH-003,1,2026-09-25T20:08:50.000Z,SBO.07,UTILITY_CHECK_COMPLETED,IDENTITY_VALIDATION,,PASS,,I,documents/AUTH-003/AUTH-003_Identity_Profile.pdf,"{""result_id"":""RES-AUTH-003-3"",""case_run_id"":""AUTH-003"",""submission_version"":1,""sequence"":""3"",""agent_id"":""SBO.07"",""utility_name"":""Identity & Authority Agent"",""check_type"":""IDENTITY_VALIDATION"",""status"":""PASS"",""findings_json"":""{\""name_match\"":true,\""identity_status\"":\""VALID_SYNTHETIC\"",\""expired\"":false}"",""reason_codes"":""IDENTITY_VERIFIED"",""evidence_references"":""documents/AUTH-003/AUTH-003_Identity_Profile.pdf"",""confidence"":""0.97"",""human_review_required"":false,""recommended_next_step"":""Continue to authority validation"",""rule_ids"":""ID-001"",""rule_status_used"":""CONFIRMED_POC"",""created_at"":""2026-09-28T14:16:10.228Z"",""superseded"":false,""id"":10,""createdAt"":""2026-09-28T14:16:10.246Z"",""updatedAt"":""2026-09-28T14:16:10.246Z""}",1518
EVT-AUTH-003-4-1790604974911,AUTH-003,1,2026-09-25T20:08:50.000Z,SBO.07,UTILITY_CHECK_COMPLETED,AUTHORITY_VALIDATION,,INCONCLUSIVE,,A,documents/AUTH-003/AUTH-003_AUTHORITY_LETTER.pdf,"{""result_id"":""RES-AUTH-003-4"",""case_run_id"":""AUTH-003"",""submission_version"":1,""sequence"":""4"",""agent_id"":""SBO.07"",""utility_name"":""Identity & Authority Agent"",""check_type"":""AUTHORITY_VALIDATION"",""status"":""INCONCLUSIVE"",""findings_json"":""{\""representative_named\"":true,\""account_enquiries\"":true,\""service_ordering\"":false,\""contract_signing\"":false,\""scope\"":\""AMBIGUOUS\""}"",""reason_codes"":""AUTHORITY_SCOPE_AMBIGUOUS"",""evidence_references"":""documents/AUTH-003/AUTH-003_AUTHORITY_LETTER.pdf"",""confidence"":""0.94"",""human_review_required"":false,""recommended_next_step"":""Route to Authority Review"",""rule_ids"":""AUTH-004"",""rule_status_used"":""CONFIRMED_POC"",""created_at"":""2026-09-28T14:16:14.836Z"",""superseded"":false,""id"":11,""createdAt"":""2026-09-28T14:16:14.857Z"",""updatedAt"":""2026-09-28T14:16:14.857Z""}",1519
EVT-AUTH-003-1-1790606257640,AUTH-003,1,2026-09-25T20:08:50.000Z,SBO.05,UTILITY_CHECK_COMPLETED,DOCUMENT_EXTRACTION,,PASS,,,documents/AUTH-003,"{""result_id"":""RES-AUTH-003-1"",""case_run_id"":""AUTH-003"",""submission_version"":1,""sequence"":""1"",""agent_id"":""SBO.05"",""utility_name"":""Document Extraction Agent"",""check_type"":""DOCUMENT_EXTRACTION"",""status"":""PASS"",""findings_json"":""{\""documents_expected\"":3,\""documents_present\"":3,\""missing\"":[],\""all_readable\"":true}"",""reason_codes"":"""",""evidence_references"":""documents/AUTH-003"",""confidence"":""0.98"",""human_review_required"":false,""recommended_next_step"":""Continue to business validation"",""rule_ids"":"""",""rule_status_used"":""CONFIRMED_POC"",""created_at"":""2026-09-28T14:37:37.565Z"",""superseded"":false,""id"":8,""createdAt"":""2026-09-28T14:37:37.582Z"",""updatedAt"":""2026-09-28T14:37:37.582Z""}",1524
EVT-AUTH-003-2-1790606261155,AUTH-003,1,2026-09-25T20:08:50.000Z,SBO.06,UTILITY_CHECK_COMPLETED,BUSINESS_VALIDATION,,PASS,,B,Business_Register row for AU-DEMO-BIZ-1002,"{""result_id"":""RES-AUTH-003-2"",""case_run_id"":""AUTH-003"",""submission_version"":1,""sequence"":""2"",""agent_id"":""SBO.06"",""utility_name"":""Business Validation Utility"",""check_type"":""BUSINESS_VALIDATION"",""status"":""PASS"",""findings_json"":""{\""lookup_status\"":\""SUCCESS\"",\""registration_status\"":\""ACTIVE\"",\""name_match\"":true,\""identifier_match\"":true}"",""reason_codes"":""BUSINESS_ACTIVE"",""evidence_references"":""Business_Register row for AU-DEMO-BIZ-1002"",""confidence"":""1"",""human_review_required"":false,""recommended_next_step"":""Continue to identity validation"",""rule_ids"":""REG-001"",""rule_status_used"":""CONFIRMED_POC"",""created_at"":""2026-09-28T14:37:41.066Z"",""superseded"":false,""id"":9,""createdAt"":""2026-09-28T14:37:41.091Z"",""updatedAt"":""2026-09-28T14:37:41.091Z""}",1525
EVT-AUTH-003-3-1790606263638,AUTH-003,1,2026-09-25T20:08:50.000Z,SBO.07,UTILITY_CHECK_COMPLETED,IDENTITY_VALIDATION,,PASS,,I,documents/AUTH-003/AUTH-003_Identity_Profile.pdf,"{""result_id"":""RES-AUTH-003-3"",""case_run_id"":""AUTH-003"",""submission_version"":1,""sequence"":""3"",""agent_id"":""SBO.07"",""utility_name"":""Identity & Authority Agent"",""check_type"":""IDENTITY_VALIDATION"",""status"":""PASS"",""findings_json"":""{\""name_match\"":true,\""identity_status\"":\""VALID_SYNTHETIC\"",\""expired\"":false}"",""reason_codes"":""IDENTITY_VERIFIED"",""evidence_references"":""documents/AUTH-003/AUTH-003_Identity_Profile.pdf"",""confidence"":""0.97"",""human_review_required"":false,""recommended_next_step"":""Continue to authority validation"",""rule_ids"":""ID-001"",""rule_status_used"":""CONFIRMED_POC"",""created_at"":""2026-09-28T14:37:43.569Z"",""superseded"":false,""id"":10,""createdAt"":""2026-09-28T14:37:43.587Z"",""updatedAt"":""2026-09-28T14:37:43.587Z""}",1526
EVT-AUTH-003-4-1790606268042,AUTH-003,1,2026-09-25T20:08:50.000Z,SBO.07,UTILITY_CHECK_COMPLETED,AUTHORITY_VALIDATION,,INCONCLUSIVE,,A,documents/AUTH-003/AUTH-003_AUTHORITY_LETTER.pdf,"{""result_id"":""RES-AUTH-003-4"",""case_run_id"":""AUTH-003"",""submission_version"":1,""sequence"":""4"",""agent_id"":""SBO.07"",""utility_name"":""Identity & Authority Agent"",""check_type"":""AUTHORITY_VALIDATION"",""status"":""INCONCLUSIVE"",""findings_json"":""{\""representative_named\"":true,\""account_enquiries\"":true,\""service_ordering\"":false,\""contract_signing\"":false,\""scope\"":\""AMBIGUOUS\""}"",""reason_codes"":""AUTHORITY_SCOPE_AMBIGUOUS"",""evidence_references"":""documents/AUTH-003/AUTH-003_AUTHORITY_LETTER.pdf"",""confidence"":""0.94"",""human_review_required"":false,""recommended_next_step"":""Route to Authority Review"",""rule_ids"":""AUTH-004"",""rule_status_used"":""CONFIRMED_POC"",""created_at"":""2026-09-28T14:37:47.957Z"",""superseded"":false,""id"":11,""createdAt"":""2026-09-28T14:37:47.976Z"",""updatedAt"":""2026-09-28T14:37:47.976Z""}",1527
EVT-AUTH-003-EVIDENCE-CANCELLED-1790606404512,AUTH-003,1,2026-09-28T14:40:04.514Z,CUSTOMER_SYNTHETIC,EVIDENCE_REQUEST_CANCELLED,EVIDENCE_COLLECTION,WAITING_FOR_EVIDENCE,EVIDENCE_REQUEST_CANCELLED,,CUSTOMER_CANCELLED_EVIDENCE_REQUEST,EVID-AUTH-003-V1-1790606306210,"{""evidence_request_id"":""EVID-AUTH-003-V1-1790606306210"",""case_run_id"":""AUTH-003"",""submission_version"":1,""evidence_upload_url"":""https://pocagents.app.n8n.cloud/form/submit-case-evidence?evidence_request_id=EVID-AUTH-003-V1-1790606306210&case_run_id=AUTH-003"",""customer_reply"":""CANCEL"",""normalized_reply"":""CANCEL"",""customer_cancelled"":true,""upload_acknowledged"":false}",1523
EVT-AUTH-003-1-1790653431373,AUTH-003,1,2026-09-25T20:08:50.000Z,SBO.05,UTILITY_CHECK_COMPLETED,DOCUMENT_EXTRACTION,,PASS,,,documents/AUTH-003,"{""result_id"":""RES-AUTH-003-1"",""case_run_id"":""AUTH-003"",""submission_version"":1,""sequence"":""1"",""agent_id"":""SBO.05"",""utility_name"":""Document Extraction Agent"",""check_type"":""DOCUMENT_EXTRACTION"",""status"":""PASS"",""findings_json"":""{\""documents_expected\"":3,\""documents_present\"":3,\""missing\"":[],\""all_readable\"":true}"",""reason_codes"":"""",""evidence_references"":""documents/AUTH-003"",""confidence"":""0.98"",""human_review_required"":false,""recommended_next_step"":""Continue to business validation"",""rule_ids"":"""",""rule_status_used"":""CONFIRMED_POC"",""created_at"":""2026-09-29T03:43:51.289Z"",""superseded"":false,""id"":8,""createdAt"":""2026-09-29T03:43:51.314Z"",""updatedAt"":""2026-09-29T03:43:51.314Z""}",1544
EVT-AUTH-003-2-1790653435251,AUTH-003,1,2026-09-25T20:08:50.000Z,SBO.06,UTILITY_CHECK_COMPLETED,BUSINESS_VALIDATION,,PASS,,B,Business_Register row for AU-DEMO-BIZ-1002,"{""result_id"":""RES-AUTH-003-2"",""case_run_id"":""AUTH-003"",""submission_version"":1,""sequence"":""2"",""agent_id"":""SBO.06"",""utility_name"":""Business Validation Utility"",""check_type"":""BUSINESS_VALIDATION"",""status"":""PASS"",""findings_json"":""{\""lookup_status\"":\""SUCCESS\"",\""registration_status\"":\""ACTIVE\"",\""name_match\"":true,\""identifier_match\"":true}"",""reason_codes"":""BUSINESS_ACTIVE"",""evidence_references"":""Business_Register row for AU-DEMO-BIZ-1002"",""confidence"":""1"",""human_review_required"":false,""recommended_next_step"":""Continue to identity validation"",""rule_ids"":""REG-001"",""rule_status_used"":""CONFIRMED_POC"",""created_at"":""2026-09-29T03:43:55.166Z"",""superseded"":false,""id"":9,""createdAt"":""2026-09-29T03:43:55.184Z"",""updatedAt"":""2026-09-29T03:43:55.184Z""}",1545
EVT-AUTH-003-3-1790653438803,AUTH-003,1,2026-09-25T20:08:50.000Z,SBO.07,UTILITY_CHECK_COMPLETED,IDENTITY_VALIDATION,,PASS,,I,documents/AUTH-003/AUTH-003_Identity_Profile.pdf,"{""result_id"":""RES-AUTH-003-3"",""case_run_id"":""AUTH-003"",""submission_version"":1,""sequence"":""3"",""agent_id"":""SBO.07"",""utility_name"":""Identity & Authority Agent"",""check_type"":""IDENTITY_VALIDATION"",""status"":""PASS"",""findings_json"":""{\""name_match\"":true,\""identity_status\"":\""VALID_SYNTHETIC\"",\""expired\"":false}"",""reason_codes"":""IDENTITY_VERIFIED"",""evidence_references"":""documents/AUTH-003/AUTH-003_Identity_Profile.pdf"",""confidence"":""0.97"",""human_review_required"":false,""recommended_next_step"":""Continue to authority validation"",""rule_ids"":""ID-001"",""rule_status_used"":""CONFIRMED_POC"",""created_at"":""2026-09-29T03:43:58.728Z"",""superseded"":false,""id"":10,""createdAt"":""2026-09-29T03:43:58.749Z"",""updatedAt"":""2026-09-29T03:43:58.749Z""}",1546
EVT-AUTH-003-4-1790653442323,AUTH-003,1,2026-09-25T20:08:50.000Z,SBO.07,UTILITY_CHECK_COMPLETED,AUTHORITY_VALIDATION,,INCONCLUSIVE,,A,documents/AUTH-003/AUTH-003_AUTHORITY_LETTER.pdf,"{""result_id"":""RES-AUTH-003-4"",""case_run_id"":""AUTH-003"",""submission_version"":1,""sequence"":""4"",""agent_id"":""SBO.07"",""utility_name"":""Identity & Authority Agent"",""check_type"":""AUTHORITY_VALIDATION"",""status"":""INCONCLUSIVE"",""findings_json"":""{\""representative_named\"":true,\""account_enquiries\"":true,\""service_ordering\"":false,\""contract_signing\"":false,\""scope\"":\""AMBIGUOUS\""}"",""reason_codes"":""AUTHORITY_SCOPE_AMBIGUOUS"",""evidence_references"":""documents/AUTH-003/AUTH-003_AUTHORITY_LETTER.pdf"",""confidence"":""0.94"",""human_review_required"":false,""recommended_next_step"":""Route to Authority Review"",""rule_ids"":""AUTH-004"",""rule_status_used"":""CONFIRMED_POC"",""created_at"":""2026-09-29T03:44:02.257Z"",""superseded"":false,""id"":11,""createdAt"":""2026-09-29T03:44:02.276Z"",""updatedAt"":""2026-09-29T03:44:02.276Z""}",1547
EVT-AUTH-003-EVIDENCE-CANCELLED-1790653521524,AUTH-003,1,2026-09-29T03:45:21.527Z,CUSTOMER_SYNTHETIC,EVIDENCE_REQUEST_CANCELLED,EVIDENCE_COLLECTION,WAITING_FOR_EVIDENCE,EVIDENCE_REQUEST_CANCELLED,,CUSTOMER_CANCELLED_EVIDENCE_REQUEST,EVID-AUTH-003-V1-1790653474231,"{""evidence_request_id"":""EVID-AUTH-003-V1-1790653474231"",""case_run_id"":""AUTH-003"",""submission_version"":1,""evidence_upload_url"":""https://pocagents.app.n8n.cloud/form/submit-case-evidence?evidence_request_id=EVID-AUTH-003-V1-1790653474231&case_run_id=AUTH-003"",""customer_reply"":""CANCEL"",""normalized_reply"":""CANCEL"",""customer_cancelled"":true,""upload_acknowledged"":false}",1543
EVT-AUTH-003-1-1790653777123,AUTH-003,1,2026-09-25T20:08:50.000Z,SBO.05,UTILITY_CHECK_COMPLETED,DOCUMENT_EXTRACTION,,PASS,,,documents/AUTH-003,"{""result_id"":""RES-AUTH-003-1"",""case_run_id"":""AUTH-003"",""submission_version"":1,""sequence"":""1"",""agent_id"":""SBO.05"",""utility_name"":""Document Extraction Agent"",""check_type"":""DOCUMENT_EXTRACTION"",""status"":""PASS"",""findings_json"":""{\""documents_expected\"":3,\""documents_present\"":3,\""missing\"":[],\""all_readable\"":true}"",""reason_codes"":"""",""evidence_references"":""documents/AUTH-003"",""confidence"":""0.98"",""human_review_required"":false,""recommended_next_step"":""Continue to business validation"",""rule_ids"":"""",""rule_status_used"":""CONFIRMED_POC"",""created_at"":""2026-09-29T03:49:37.032Z"",""superseded"":false,""id"":8,""createdAt"":""2026-09-29T03:49:37.053Z"",""updatedAt"":""2026-09-29T03:49:37.053Z""}",1551
EVT-AUTH-003-2-1790653781126,AUTH-003,1,2026-09-25T20:08:50.000Z,SBO.06,UTILITY_CHECK_COMPLETED,BUSINESS_VALIDATION,,PASS,,B,Business_Register row for AU-DEMO-BIZ-1002,"{""result_id"":""RES-AUTH-003-2"",""case_run_id"":""AUTH-003"",""submission_version"":1,""sequence"":""2"",""agent_id"":""SBO.06"",""utility_name"":""Business Validation Utility"",""check_type"":""BUSINESS_VALIDATION"",""status"":""PASS"",""findings_json"":""{\""lookup_status\"":\""SUCCESS\"",\""registration_status\"":\""ACTIVE\"",\""name_match\"":true,\""identifier_match\"":true}"",""reason_codes"":""BUSINESS_ACTIVE"",""evidence_references"":""Business_Register row for AU-DEMO-BIZ-1002"",""confidence"":""1"",""human_review_required"":false,""recommended_next_step"":""Continue to identity validation"",""rule_ids"":""REG-001"",""rule_status_used"":""CONFIRMED_POC"",""created_at"":""2026-09-29T03:49:41.052Z"",""superseded"":false,""id"":9,""createdAt"":""2026-09-29T03:49:41.076Z"",""updatedAt"":""2026-09-29T03:49:41.076Z""}",1552
EVT-AUTH-003-3-1790653784042,AUTH-003,1,2026-09-25T20:08:50.000Z,SBO.07,UTILITY_CHECK_COMPLETED,IDENTITY_VALIDATION,,PASS,,I,documents/AUTH-003/AUTH-003_Identity_Profile.pdf,"{""result_id"":""RES-AUTH-003-3"",""case_run_id"":""AUTH-003"",""submission_version"":1,""sequence"":""3"",""agent_id"":""SBO.07"",""utility_name"":""Identity & Authority Agent"",""check_type"":""IDENTITY_VALIDATION"",""status"":""PASS"",""findings_json"":""{\""name_match\"":true,\""identity_status\"":\""VALID_SYNTHETIC\"",\""expired\"":false}"",""reason_codes"":""IDENTITY_VERIFIED"",""evidence_references"":""documents/AUTH-003/AUTH-003_Identity_Profile.pdf"",""confidence"":""0.97"",""human_review_required"":false,""recommended_next_step"":""Continue to authority validation"",""rule_ids"":""ID-001"",""rule_status_used"":""CONFIRMED_POC"",""created_at"":""2026-09-29T03:49:43.958Z"",""superseded"":false,""id"":10,""createdAt"":""2026-09-29T03:49:43.987Z"",""updatedAt"":""2026-09-29T03:49:43.987Z""}",1553
EVT-AUTH-003-4-1790653787427,AUTH-003,1,2026-09-25T20:08:50.000Z,SBO.07,UTILITY_CHECK_COMPLETED,AUTHORITY_VALIDATION,,INCONCLUSIVE,,A,documents/AUTH-003/AUTH-003_AUTHORITY_LETTER.pdf,"{""result_id"":""RES-AUTH-003-4"",""case_run_id"":""AUTH-003"",""submission_version"":1,""sequence"":""4"",""agent_id"":""SBO.07"",""utility_name"":""Identity & Authority Agent"",""check_type"":""AUTHORITY_VALIDATION"",""status"":""INCONCLUSIVE"",""findings_json"":""{\""representative_named\"":true,\""account_enquiries\"":true,\""service_ordering\"":false,\""contract_signing\"":false,\""scope\"":\""AMBIGUOUS\""}"",""reason_codes"":""AUTHORITY_SCOPE_AMBIGUOUS"",""evidence_references"":""documents/AUTH-003/AUTH-003_AUTHORITY_LETTER.pdf"",""confidence"":""0.94"",""human_review_required"":false,""recommended_next_step"":""Route to Authority Review"",""rule_ids"":""AUTH-004"",""rule_status_used"":""CONFIRMED_POC"",""created_at"":""2026-09-29T03:49:47.354Z"",""superseded"":false,""id"":11,""createdAt"":""2026-09-29T03:49:47.374Z"",""updatedAt"":""2026-09-29T03:49:47.374Z""}",1554
EVT-AUTH-003-FILE-EVIDENCE-1790653965756,AUTH-003,1,2026-09-29T03:52:45.766Z,CUSTOMER_SYNTHETIC,ADDITIONAL_EVIDENCE_RECEIVED,EVIDENCE_COLLECTION,WAITING_FOR_EVIDENCE,EVIDENCE_RECEIVED,,CUSTOMER_FILE_EVIDENCE_RECEIVED,EVIDENCE-AUTH-003-1790653965539,"{""evidence_id"":""EVIDENCE-AUTH-003-1790653965539"",""evidence_request_id"":""EVID-AUTH-003-V1-1790653810384"",""case_run_id"":""AUTH-003"",""submission_version"":1,""evidence_type"":""OTHER"",""evidence_source"":""FILE_UPLOAD"",""file_name"":""AUTH-003_AUTHORITY_LETTER.pdf"",""mime_type"":""application/pdf"",""storage_url"":"""",""evidence_text"":""ANZ B2B AGENT PROTOTYPE - SYNTHETIC DOCUMENT Pack v1.0\nSYNTHETIC POC DATA - NOT A REAL DOCUMENT\nNo legal validity. No real person, business, identifier, address, or government record is represented. Page 1\nAuthorised Representative Letter\nSYNTHETIC POC DATA ONLY - NOT A REAL CUSTOMER, BUSINESS, IDENTITY, GOVERNMENT RECORD,\nCREDIT RESULT, OR LEGAL DOCUMENT.\nCompany \nBluegum Vector Demo Pty Ltd\nSynthetic business identifier \nAU-DEMO-BIZ-1002\nIssue date \n2026-08-15\nSubmission version \n1\nRepresentative \nLiam Chen\nRepresentative role \nOffice Manager\nTo: B2B Telecommunications Operations - Prototype\nLiam Chen is authorised to manage day-to-day telecommunications enquiries, communicate with the service provider,\nand coordinate account administration.\nPrototype note: The letter does not explicitly mention ordering services or signing/approving commitments.\nSigned for and on behalf of the company:\nOlivia Martin - Demo Director\nSynthetic signature reference: SIGN-DEMO-001"",""structured_data_json"":""{\""evidence_notes\"":\""\"",\""extracted_character_count\"":976}"",""validation_status"":""RECEIVED"",""confidence"":0,""provided_at"":""2026-09-29T03:52:45.539Z"",""superseded"":false}",1557
EVT-AUTH-003-EVIDENCE-RESOLUTION-1790654272528,AUTH-003,1,2026-09-29T03:57:52.530Z,SBO.02,ADDITIONAL_EVIDENCE_REQUIRED,EVIDENCE_RESOLUTION,RECEIVED,INSUFFICIENT,EVID-002,ADDITIONAL_EVIDENCE_INSUFFICIENT,EVIDENCE-AUTH-003-1790653965539,"{""result_id"":""RES-AUTH-003-V1-AUTHORITY_VALIDATION"",""case_run_id"":""AUTH-003"",""submission_version"":1,""sequence"":4,""agent_id"":""SBO.02"",""utility_name"":""Evidence Resolution Utility"",""check_type"":""AUTHORITY_VALIDATION"",""status"":""INCONCLUSIVE"",""findings"":{""evidence_resolution"":true,""evidence_request_id"":""EVID-AUTH-003-V1-1790653810384"",""resolution_status"":""PARTIAL"",""resolved"":false,""supported_facts"":[""The submitted letter explicitly authorises Liam Chen to manage day-to-day telecommunications enquiries."",""The submitted letter explicitly authorises Liam Chen to communicate with the service provider."",""The submitted letter explicitly authorises Liam Chen to coordinate account administration."",""The letter is signed 'Olivia Martin - Demo Director' (signature block present in the document)."",""The document text explicitly notes it does not mention ordering services or signing/approving commitments.""],""remaining_gaps"":[""No explicit authority clause granting Liam Chen the right to order services on behalf of Bluegum Vector Demo Pty Ltd."",""No explicit authority clause granting Liam Chen the right to approve plan changes."",""No explicit authority clause granting Liam Chen the right to sign or approve telecom commercial commitments."",""The requested 'Exact authority clause or revised authority document' that explicitly covers ordering, plan-change approval, and signing/approval permissions was not provided.""],""evidence_count"":1},""reason_codes"":[""ADDITIONAL_EVIDENCE_INSUFFICIENT"",""AUTHORITY_SCOPE_AMBIGUOUS"",""MISSING_ORDERING_AUTHORITY"",""MISSING_PLAN_CHANGE_APPROVAL_AUTHORITY"",""MISSING_SIGNING_APPROVAL_AUTHORITY"",""PARTIAL_EVIDENCE_PROVIDED""],""evidence_references"":[""EVIDENCE-AUTH-003-1790653965539""],""confidence"":0.9,""human_review_required"":false,""recommended_next_step"":""Request a revised authority document or an exact authority clause that explicitly grants Liam Chen the rights to (a) order services, (b) approve plan changes, and (c) sign/approve telecom commitments for Bluegum Vector Demo Pty Ltd. The revised document should be dated and signed by an authorised company officer and explicitly list the requested permissions."",""rule_ids"":[""EVID-002""],""rule_status_used"":""CONFIRMED_POC"",""is_terminal"":true,""terminal_outcome"":""NEED_MORE_INFORMATION"",""evidence_request_id"":""EVID-AUTH-003-V1-1790653810384"",""resolution_status"":""PARTIAL"",""current_attempt_count"":1,""max_attempts"":3,""retry_allowed"":true,""escalation_required"":false,""evidence_request_status"":""INSUFFICIENT""}",1560
EVT-AUTH-003-1-1790654797220,AUTH-003,1,2026-09-25T20:08:50.000Z,SBO.05,UTILITY_CHECK_COMPLETED,DOCUMENT_EXTRACTION,,PASS,,,documents/AUTH-003,"{""result_id"":""RES-AUTH-003-1"",""case_run_id"":""AUTH-003"",""submission_version"":1,""sequence"":""1"",""agent_id"":""SBO.05"",""utility_name"":""Document Extraction Agent"",""check_type"":""DOCUMENT_EXTRACTION"",""status"":""PASS"",""findings_json"":""{\""documents_expected\"":3,\""documents_present\"":3,\""missing\"":[],\""all_readable\"":true}"",""reason_codes"":"""",""evidence_references"":""documents/AUTH-003"",""confidence"":""0.98"",""human_review_required"":false,""recommended_next_step"":""Continue to business validation"",""rule_ids"":"""",""rule_status_used"":""CONFIRMED_POC"",""created_at"":""2026-09-29T04:06:37.137Z"",""superseded"":false,""id"":8,""createdAt"":""2026-09-29T04:06:37.156Z"",""updatedAt"":""2026-09-29T04:06:37.156Z""}",1565
EVT-AUTH-003-2-1790654800847,AUTH-003,1,2026-09-25T20:08:50.000Z,SBO.06,UTILITY_CHECK_COMPLETED,BUSINESS_VALIDATION,,PASS,,B,Business_Register row for AU-DEMO-BIZ-1002,"{""result_id"":""RES-AUTH-003-2"",""case_run_id"":""AUTH-003"",""submission_version"":1,""sequence"":""2"",""agent_id"":""SBO.06"",""utility_name"":""Business Validation Utility"",""check_type"":""BUSINESS_VALIDATION"",""status"":""PASS"",""findings_json"":""{\""lookup_status\"":\""SUCCESS\"",\""registration_status\"":\""ACTIVE\"",\""name_match\"":true,\""identifier_match\"":true}"",""reason_codes"":""BUSINESS_ACTIVE"",""evidence_references"":""Business_Register row for AU-DEMO-BIZ-1002"",""confidence"":""1"",""human_review_required"":false,""recommended_next_step"":""Continue to identity validation"",""rule_ids"":""REG-001"",""rule_status_used"":""CONFIRMED_POC"",""created_at"":""2026-09-29T04:06:40.766Z"",""superseded"":false,""id"":9,""createdAt"":""2026-09-29T04:06:40.794Z"",""updatedAt"":""2026-09-29T04:06:40.794Z""}",1566
EVT-AUTH-003-3-1790654803449,AUTH-003,1,2026-09-25T20:08:50.000Z,SBO.07,UTILITY_CHECK_COMPLETED,IDENTITY_VALIDATION,,PASS,,I,documents/AUTH-003/AUTH-003_Identity_Profile.pdf,"{""result_id"":""RES-AUTH-003-3"",""case_run_id"":""AUTH-003"",""submission_version"":1,""sequence"":""3"",""agent_id"":""SBO.07"",""utility_name"":""Identity & Authority Agent"",""check_type"":""IDENTITY_VALIDATION"",""status"":""PASS"",""findings_json"":""{\""name_match\"":true,\""identity_status\"":\""VALID_SYNTHETIC\"",\""expired\"":false}"",""reason_codes"":""IDENTITY_VERIFIED"",""evidence_references"":""documents/AUTH-003/AUTH-003_Identity_Profile.pdf"",""confidence"":""0.97"",""human_review_required"":false,""recommended_next_step"":""Continue to authority validation"",""rule_ids"":""ID-001"",""rule_status_used"":""CONFIRMED_POC"",""created_at"":""2026-09-29T04:06:43.369Z"",""superseded"":false,""id"":10,""createdAt"":""2026-09-29T04:06:43.393Z"",""updatedAt"":""2026-09-29T04:06:43.393Z""}",1567
EVT-AUTH-003-4-1790654806882,AUTH-003,1,2026-09-25T20:08:50.000Z,SBO.07,UTILITY_CHECK_COMPLETED,AUTHORITY_VALIDATION,,INCONCLUSIVE,,A,documents/AUTH-003/AUTH-003_AUTHORITY_LETTER.pdf,"{""result_id"":""RES-AUTH-003-4"",""case_run_id"":""AUTH-003"",""submission_version"":1,""sequence"":""4"",""agent_id"":""SBO.07"",""utility_name"":""Identity & Authority Agent"",""check_type"":""AUTHORITY_VALIDATION"",""status"":""INCONCLUSIVE"",""findings_json"":""{\""representative_named\"":true,\""account_enquiries\"":true,\""service_ordering\"":false,\""contract_signing\"":false,\""scope\"":\""AMBIGUOUS\""}"",""reason_codes"":""AUTHORITY_SCOPE_AMBIGUOUS"",""evidence_references"":""documents/AUTH-003/AUTH-003_AUTHORITY_LETTER.pdf"",""confidence"":""0.94"",""human_review_required"":false,""recommended_next_step"":""Route to Authority Review"",""rule_ids"":""AUTH-004"",""rule_status_used"":""CONFIRMED_POC"",""created_at"":""2026-09-29T04:06:46.807Z"",""superseded"":false,""id"":11,""createdAt"":""2026-09-29T04:06:46.825Z"",""updatedAt"":""2026-09-29T04:06:46.825Z""}",1568
EVT-AUTH-003-FILE-EVIDENCE-1790654848788,AUTH-003,1,2026-09-29T04:07:28.790Z,CUSTOMER_SYNTHETIC,ADDITIONAL_EVIDENCE_RECEIVED,EVIDENCE_COLLECTION,WAITING_FOR_EVIDENCE,EVIDENCE_RECEIVED,,CUSTOMER_FILE_EVIDENCE_RECEIVED,EVIDENCE-AUTH-003-1790654848629,"{""evidence_id"":""EVIDENCE-AUTH-003-1790654848629"",""evidence_request_id"":""EVID-AUTH-003-V1-1790654819895"",""case_run_id"":""AUTH-003"",""submission_version"":1,""evidence_type"":""OTHER"",""evidence_source"":""FILE_UPLOAD"",""file_name"":""AUTH-003_AUTHORITY_LETTER.pdf"",""mime_type"":""application/pdf"",""storage_url"":"""",""evidence_text"":""ANZ B2B AGENT PROTOTYPE - SYNTHETIC DOCUMENT Pack v1.0\nSYNTHETIC POC DATA - NOT A REAL DOCUMENT\nNo legal validity. No real person, business, identifier, address, or government record is represented. Page 1\nAuthorised Representative Letter\nSYNTHETIC POC DATA ONLY - NOT A REAL CUSTOMER, BUSINESS, IDENTITY, GOVERNMENT RECORD,\nCREDIT RESULT, OR LEGAL DOCUMENT.\nCompany \nBluegum Vector Demo Pty Ltd\nSynthetic business identifier \nAU-DEMO-BIZ-1002\nIssue date \n2026-08-15\nSubmission version \n1\nRepresentative \nLiam Chen\nRepresentative role \nOffice Manager\nTo: B2B Telecommunications Operations - Prototype\nLiam Chen is authorised to manage day-to-day telecommunications enquiries, communicate with the service provider,\nand coordinate account administration.\nPrototype note: The letter does not explicitly mention ordering services or signing/approving commitments.\nSigned for and on behalf of the company:\nOlivia Martin - Demo Director\nSynthetic signature reference: SIGN-DEMO-001"",""structured_data_json"":""{\""evidence_notes\"":\""\"",\""extracted_character_count\"":976}"",""validation_status"":""RECEIVED"",""confidence"":0,""provided_at"":""2026-09-29T04:07:28.629Z"",""superseded"":false}",1570
EVT-AUTH-003-1-1790654928487,AUTH-003,1,2026-09-25T20:08:50.000Z,SBO.05,UTILITY_CHECK_COMPLETED,DOCUMENT_EXTRACTION,,PASS,,,documents/AUTH-003,"{""result_id"":""RES-AUTH-003-1"",""case_run_id"":""AUTH-003"",""submission_version"":1,""sequence"":""1"",""agent_id"":""SBO.05"",""utility_name"":""Document Extraction Agent"",""check_type"":""DOCUMENT_EXTRACTION"",""status"":""PASS"",""findings_json"":""{\""documents_expected\"":3,\""documents_present\"":3,\""missing\"":[],\""all_readable\"":true}"",""reason_codes"":"""",""evidence_references"":""documents/AUTH-003"",""confidence"":""0.98"",""human_review_required"":false,""recommended_next_step"":""Continue to business validation"",""rule_ids"":"""",""rule_status_used"":""CONFIRMED_POC"",""created_at"":""2026-09-29T04:08:48.414Z"",""superseded"":false,""id"":8,""createdAt"":""2026-09-29T04:08:48.435Z"",""updatedAt"":""2026-09-29T04:08:48.435Z""}",1574
EVT-AUTH-003-2-1790654933267,AUTH-003,1,2026-09-25T20:08:50.000Z,SBO.06,UTILITY_CHECK_COMPLETED,BUSINESS_VALIDATION,,PASS,,B,Business_Register row for AU-DEMO-BIZ-1002,"{""result_id"":""RES-AUTH-003-2"",""case_run_id"":""AUTH-003"",""submission_version"":1,""sequence"":""2"",""agent_id"":""SBO.06"",""utility_name"":""Business Validation Utility"",""check_type"":""BUSINESS_VALIDATION"",""status"":""PASS"",""findings_json"":""{\""lookup_status\"":\""SUCCESS\"",\""registration_status\"":\""ACTIVE\"",\""name_match\"":true,\""identifier_match\"":true}"",""reason_codes"":""BUSINESS_ACTIVE"",""evidence_references"":""Business_Register row for AU-DEMO-BIZ-1002"",""confidence"":""1"",""human_review_required"":false,""recommended_next_step"":""Continue to identity validation"",""rule_ids"":""REG-001"",""rule_status_used"":""CONFIRMED_POC"",""created_at"":""2026-09-29T04:08:53.177Z"",""superseded"":false,""id"":9,""createdAt"":""2026-09-29T04:08:53.197Z"",""updatedAt"":""2026-09-29T04:08:53.197Z""}",1575
EVT-AUTH-003-3-1790654935930,AUTH-003,1,2026-09-25T20:08:50.000Z,SBO.07,UTILITY_CHECK_COMPLETED,IDENTITY_VALIDATION,,PASS,,I,documents/AUTH-003/AUTH-003_Identity_Profile.pdf,"{""result_id"":""RES-AUTH-003-3"",""case_run_id"":""AUTH-003"",""submission_version"":1,""sequence"":""3"",""agent_id"":""SBO.07"",""utility_name"":""Identity & Authority Agent"",""check_type"":""IDENTITY_VALIDATION"",""status"":""PASS"",""findings_json"":""{\""name_match\"":true,\""identity_status\"":\""VALID_SYNTHETIC\"",\""expired\"":false}"",""reason_codes"":""IDENTITY_VERIFIED"",""evidence_references"":""documents/AUTH-003/AUTH-003_Identity_Profile.pdf"",""confidence"":""0.97"",""human_review_required"":false,""recommended_next_step"":""Continue to authority validation"",""rule_ids"":""ID-001"",""rule_status_used"":""CONFIRMED_POC"",""created_at"":""2026-09-29T04:08:55.864Z"",""superseded"":false,""id"":10,""createdAt"":""2026-09-29T04:08:55.883Z"",""updatedAt"":""2026-09-29T04:08:55.883Z""}",1576
EVT-AUTH-003-4-1790654938802,AUTH-003,1,2026-09-25T20:08:50.000Z,SBO.07,UTILITY_CHECK_COMPLETED,AUTHORITY_VALIDATION,,INCONCLUSIVE,,A,documents/AUTH-003/AUTH-003_AUTHORITY_LETTER.pdf,"{""result_id"":""RES-AUTH-003-4"",""case_run_id"":""AUTH-003"",""submission_version"":1,""sequence"":""4"",""agent_id"":""SBO.07"",""utility_name"":""Identity & Authority Agent"",""check_type"":""AUTHORITY_VALIDATION"",""status"":""INCONCLUSIVE"",""findings_json"":""{\""representative_named\"":true,\""account_enquiries\"":true,\""service_ordering\"":false,\""contract_signing\"":false,\""scope\"":\""AMBIGUOUS\""}"",""reason_codes"":""AUTHORITY_SCOPE_AMBIGUOUS"",""evidence_references"":""documents/AUTH-003/AUTH-003_AUTHORITY_LETTER.pdf"",""confidence"":""0.94"",""human_review_required"":false,""recommended_next_step"":""Route to Authority Review"",""rule_ids"":""AUTH-004"",""rule_status_used"":""CONFIRMED_POC"",""created_at"":""2026-09-29T04:08:58.714Z"",""superseded"":false,""id"":11,""createdAt"":""2026-09-29T04:08:58.736Z"",""updatedAt"":""2026-09-29T04:08:58.736Z""}",1577
EVT-AUTH-003-FILE-EVIDENCE-1790655051742,AUTH-003,1,2026-09-29T04:10:51.743Z,CUSTOMER_SYNTHETIC,ADDITIONAL_EVIDENCE_RECEIVED,EVIDENCE_COLLECTION,WAITING_FOR_EVIDENCE,EVIDENCE_RECEIVED,,CUSTOMER_FILE_EVIDENCE_RECEIVED,EVIDENCE-AUTH-003-1790655051595,"{""evidence_id"":""EVIDENCE-AUTH-003-1790655051595"",""evidence_request_id"":""EVID-AUTH-003-V1-1790654954567"",""case_run_id"":""AUTH-003"",""submission_version"":1,""evidence_type"":""OTHER"",""evidence_source"":""FILE_UPLOAD"",""file_name"":""AUTH-003_AUTHORITY_LETTER.pdf"",""mime_type"":""application/pdf"",""storage_url"":"""",""evidence_text"":""ANZ B2B AGENT PROTOTYPE - SYNTHETIC DOCUMENT Pack v1.0\nSYNTHETIC POC DATA - NOT A REAL DOCUMENT\nNo legal validity. No real person, business, identifier, address, or government record is represented. Page 1\nAuthorised Representative Letter\nSYNTHETIC POC DATA ONLY - NOT A REAL CUSTOMER, BUSINESS, IDENTITY, GOVERNMENT RECORD,\nCREDIT RESULT, OR LEGAL DOCUMENT.\nCompany \nBluegum Vector Demo Pty Ltd\nSynthetic business identifier \nAU-DEMO-BIZ-1002\nIssue date \n2026-08-15\nSubmission version \n1\nRepresentative \nLiam Chen\nRepresentative role \nOffice Manager\nTo: B2B Telecommunications Operations - Prototype\nLiam Chen is authorised to manage day-to-day telecommunications enquiries, communicate with the service provider,\nand coordinate account administration.\nPrototype note: The letter does not explicitly mention ordering services or signing/approving commitments.\nSigned for and on behalf of the company:\nOlivia Martin - Demo Director\nSynthetic signature reference: SIGN-DEMO-001"",""structured_data_json"":""{\""evidence_notes\"":\""\"",\""extracted_character_count\"":976}"",""validation_status"":""RECEIVED"",""confidence"":0,""provided_at"":""2026-09-29T04:10:51.595Z"",""superseded"":false}",1579
EVT-AUTH-003-EVIDENCE-RESOLUTION-1790655074582,AUTH-003,1,2026-09-29T04:11:14.585Z,SBO.02,ADDITIONAL_EVIDENCE_REQUIRED,EVIDENCE_RESOLUTION,RECEIVED,INSUFFICIENT,EVID-002,ADDITIONAL_EVIDENCE_INSUFFICIENT,EVIDENCE-AUTH-003-1790655051595,"{""result_id"":""RES-AUTH-003-V1-AUTHORITY_VALIDATION"",""case_run_id"":""AUTH-003"",""submission_version"":1,""sequence"":4,""agent_id"":""SBO.02"",""utility_name"":""Evidence Resolution Utility"",""check_type"":""AUTHORITY_VALIDATION"",""status"":""INCONCLUSIVE"",""findings"":{""evidence_resolution"":true,""evidence_request_id"":""EVID-AUTH-003-V1-1790654954567"",""resolution_status"":""PARTIAL"",""resolved"":false,""supported_facts"":[""Document names the company as Bluegum Vector Demo Pty Ltd."",""Document shows the synthetic business identifier AU-DEMO-BIZ-1002."",""Representative is named as Liam Chen with role 'Office Manager'."",""Letter explicitly authorises Liam Chen to manage day-to-day telecommunications enquiries."",""Letter explicitly authorises Liam Chen to communicate with the service provider."",""Letter explicitly authorises Liam Chen to coordinate account administration."",""Letter issue date is 2026-08-15 and it is signed 'Olivia Martin - Demo Director' (synthetic signature reference).""],""remaining_gaps"":[""No explicit authority in the document to order services on behalf of the company."",""No explicit authority in the document to approve plan changes."",""No explicit authority in the document to sign or approve telecom commercial commitments.""],""evidence_count"":1},""reason_codes"":[""ADDITIONAL_EVIDENCE_INSUFFICIENT"",""AUTHORITY_SCOPE_AMBIGUOUS"",""MISSING_ORDERING_AUTHORITY"",""MISSING_SIGNING_AUTHORITY""],""evidence_references"":[""EVIDENCE-AUTH-003-1790655051595""],""confidence"":0.8,""human_review_required"":false,""recommended_next_step"":""Request a revised authority clause or authority document that explicitly grants Liam Chen the specific rights to: (1) order services, (2) approve plan changes, and (3) sign/approve telecom commitments. Prefer this on company letterhead and signed by an authorised company officer (e.g., director) or provide a formal board resolution / power of attorney that contains these exact authorities."",""rule_ids"":[""EVID-002""],""rule_status_used"":""CONFIRMED_POC"",""is_terminal"":true,""terminal_outcome"":""NEED_MORE_INFORMATION"",""evidence_request_id"":""EVID-AUTH-003-V1-1790654954567"",""resolution_status"":""PARTIAL"",""current_attempt_count"":1,""max_attempts"":3,""retry_allowed"":true,""escalation_required"":false,""evidence_request_status"":""INSUFFICIENT""}",1580
EVT-AUTH-003-FILE-EVIDENCE-1790655114150,AUTH-003,1,2026-09-29T04:11:54.151Z,CUSTOMER_SYNTHETIC,ADDITIONAL_EVIDENCE_RECEIVED,EVIDENCE_COLLECTION,WAITING_FOR_EVIDENCE,EVIDENCE_RECEIVED,,CUSTOMER_FILE_EVIDENCE_RECEIVED,EVIDENCE-AUTH-003-1790655113995,"{""evidence_id"":""EVIDENCE-AUTH-003-1790655113995"",""evidence_request_id"":""EVID-AUTH-003-V1-1790654954567"",""case_run_id"":""AUTH-003"",""submission_version"":1,""evidence_type"":""OTHER"",""evidence_source"":""FILE_UPLOAD"",""file_name"":""AUTH-003_REVISED_AUTHORITY_LETTER_APPROVAL_PATH.pdf"",""mime_type"":""application/pdf"",""storage_url"":"""",""evidence_text"":""ANZ B2B AGENT PROTOTYPE - SYNTHETIC DOCUMENT\nRevised Authorised Representative Letter\nSYNTHETIC POC DATA ONLY - NOT A REAL CUSTOMER, BUSINESS, IDENTITY, GOVERNMENT RECORD, CREDIT RESULT,\nOR LEGAL DOCUMENT.\nCompany Bluegum Vector Demo Pty Ltd\nSynthetic business identifier AU-DEMO-BIZ-1002\nCase reference AUTH-003\nSubmission version 1\nIssue date 2026-09-29\nValid until 2027-09-28\nAuthorised representative Liam Chen\nRepresentative role Office Manager\nTo: B2B Telecommunications Operations - Prototype\nBluegum Vector Demo Pty Ltd hereby appoints and expressly authorises Liam Chen to act on behalf of the company for\nthe telecommunications permissions stated below.\nExplicit authority scope\n1. Order new telecommunications services, including new service connections, product orders, and associated service\nrequests.\n2. Approve commercial commitments associated with those services, including quoted charges, service terms, and\napproved commercial conditions.\n3. Request and approve service or plan changes, including additions, removals, migrations, upgrades, downgrades,\nand other authorised service changes.\n4. Execute and sign telecommunications service agreements and related service-order documentation on behalf of\nBluegum Vector Demo Pty Ltd.\nAuthority confirmation\nThis authority applies specifically to authorised-representative case AUTH-003. The permissions above are intentional,\ncurrent, and are not limited to general enquiries or account administration.\nFor this synthetic POC, this revised letter supersedes the earlier synthetic authority letter that allowed day-to-day\nenquiries and account administration but did not explicitly grant service-ordering or agreement-signing authority.\nCompany declaration\nThe undersigned synthetic company officer confirms that Liam Chen is authorised to exercise all permissions listed above\nduring the validity period of this document.\nSigned for and on behalf of the company Olivia Martin - Demo Director\nSynthetic signature reference SIGN-DEMO-003-REV1\nSynthetic approval reference AUTH-003-APPROVAL-PATH-001\nPrototype note: Intentionally drafted to resolve AUTHORITY_SCOPE_AMBIGUOUS in the AUTH-003 synthetic test case. Not a real legal instrument."",""structured_data_json"":""{\""evidence_notes\"":\""\"",\""extracted_character_count\"":2202}"",""validation_status"":""RECEIVED"",""confidence"":0,""provided_at"":""2026-09-29T04:11:53.995Z"",""superseded"":false}",1581
EVT-AUTH-003-EVIDENCE-RESOLUTION-1790655138957,AUTH-003,1,2026-09-29T04:12:18.960Z,SBO.02,ADDITIONAL_EVIDENCE_REQUIRED,EVIDENCE_RESOLUTION,RECEIVED,ACCEPTED,EVID-001,ADDITIONAL_EVIDENCE_ACCEPTED,EVIDENCE-AUTH-003-1790655051595; EVIDENCE-AUTH-003-1790655113995,"{""result_id"":""RES-AUTH-003-V1-AUTHORITY_VALIDATION"",""case_run_id"":""AUTH-003"",""submission_version"":1,""sequence"":4,""agent_id"":""SBO.02"",""utility_name"":""Evidence Resolution Utility"",""check_type"":""AUTHORITY_VALIDATION"",""status"":""PASS"",""findings"":{""evidence_resolution"":true,""evidence_request_id"":""EVID-AUTH-003-V1-1790654954567"",""resolution_status"":""RESOLVED"",""resolved"":true,""supported_facts"":[""Revised authority letter explicitly grants Liam Chen authority to order new telecommunications services, including new service connections and product orders."",""Revised authority letter explicitly grants Liam Chen authority to approve commercial commitments, including quoted charges, service terms, and approved commercial conditions."",""Revised authority letter explicitly grants Liam Chen authority to request and approve service or plan changes (additions, removals, migrations, upgrades, downgrades)."",""Revised authority letter explicitly grants Liam Chen authority to execute and sign telecommunications service agreements and related service-order documentation on behalf of Bluegum Vector Demo Pty Ltd."",""The letter explicitly states the authority applies specifically to authorised-representative case AUTH-003."",""The document is signed 'Olivia Martin - Demo Director' and includes an issued date (2026-09-29) and a validity period (valid until 2027-09-28).""],""remaining_gaps"":[],""evidence_count"":2},""reason_codes"":[""ADDITIONAL_EVIDENCE_ACCEPTED"",""AUTHORITY_CLAUSE_EXPLICIT"",""AUTHORITY_SCOPE_AMBIGUOUS_RESOLVED"",""SIGNED_COMPANY_OFFICER"",""AUTHORITY_APPLIES_TO_CASE_AUTH-003""],""evidence_references"":[""EVIDENCE-AUTH-003-1790655051595"",""EVIDENCE-AUTH-003-1790655113995""],""confidence"":0.7,""human_review_required"":false,""recommended_next_step"":""Accept the revised authority letter as fulfilling the requested exact authority clause for case AUTH-003 and proceed to grant the specified permissions to Liam Chen. If required by operational policy, perform independent authenticity verification of the document/signature before finalising system changes."",""rule_ids"":[""EVID-001""],""rule_status_used"":""CONFIRMED_POC"",""is_terminal"":false,""terminal_outcome"":"""",""evidence_request_id"":""EVID-AUTH-003-V1-1790654954567"",""resolution_status"":""RESOLVED"",""current_attempt_count"":2,""max_attempts"":3,""retry_allowed"":false,""escalation_required"":false,""evidence_request_status"":""ACCEPTED""}",1582
EVT-AUTH-003-5-1790655145950,AUTH-003,1,2026-09-25T20:08:50.000Z,SBO.12,UTILITY_CHECK_COMPLETED,SYSTEM_DATA_CHECK,,NOT_RUN,,,,"{""result_id"":""RES-AUTH-003-V1-SYSTEM_DATA_CHECK"",""case_run_id"":""AUTH-003"",""submission_version"":1,""sequence"":""5"",""agent_id"":""SBO.12"",""utility_name"":""System Data Check Agent"",""check_type"":""SYSTEM_DATA_CHECK"",""status"":""NOT_RUN"",""findings_json"":""{\""reason\"":\""Authority scope unresolved\""}"",""reason_codes"":"""",""evidence_references"":"""",""confidence"":""0"",""human_review_required"":false,""recommended_next_step"":""Await Authority Review"",""rule_ids"":"""",""rule_status_used"":""N/A"",""created_at"":""2026-09-29T04:12:25.835Z"",""superseded"":false,""id"":12,""createdAt"":""2026-09-29T04:12:25.854Z"",""updatedAt"":""2026-09-29T04:12:25.854Z""}",1583
EVT-AUTH-003-5-1790655153172,AUTH-003,1,2026-09-25T20:08:50.000Z,SBO.12,UTILITY_CHECK_COMPLETED,SYSTEM_DATA_CHECK,,NOT_RUN,,,,"{""result_id"":""RES-AUTH-003-V1-SYSTEM_DATA_CHECK"",""case_run_id"":""AUTH-003"",""submission_version"":1,""sequence"":""5"",""agent_id"":""SBO.12"",""utility_name"":""System Data Check Agent"",""check_type"":""SYSTEM_DATA_CHECK"",""status"":""NOT_RUN"",""findings_json"":""{\""reason\"":\""Authority scope unresolved\""}"",""reason_codes"":"""",""evidence_references"":"""",""confidence"":""0"",""human_review_required"":false,""recommended_next_step"":""Await Authority Review"",""rule_ids"":"""",""rule_status_used"":""N/A"",""created_at"":""2026-09-29T04:12:33.102Z"",""superseded"":false,""id"":12,""createdAt"":""2026-09-29T04:12:25.854Z"",""updatedAt"":""2026-09-29T04:12:33.122Z""}",1584
EVT-AUTH-003-5-1790655157605,AUTH-003,1,2026-09-25T20:08:50.000Z,SBO.12,UTILITY_CHECK_COMPLETED,SYSTEM_DATA_CHECK,,NOT_RUN,,,,"{""result_id"":""RES-AUTH-003-V1-SYSTEM_DATA_CHECK"",""case_run_id"":""AUTH-003"",""submission_version"":1,""sequence"":""5"",""agent_id"":""SBO.12"",""utility_name"":""System Data Check Agent"",""check_type"":""SYSTEM_DATA_CHECK"",""status"":""NOT_RUN"",""findings_json"":""{\""reason\"":\""Authority scope unresolved\""}"",""reason_codes"":"""",""evidence_references"":"""",""confidence"":""0"",""human_review_required"":false,""recommended_next_step"":""Await Authority Review"",""rule_ids"":"""",""rule_status_used"":""N/A"",""created_at"":""2026-09-29T04:12:37.536Z"",""superseded"":false,""id"":12,""createdAt"":""2026-09-29T04:12:25.854Z"",""updatedAt"":""2026-09-29T04:12:37.554Z""}",1585
EVT-AUTH-003-5-1790655163388,AUTH-003,1,2026-09-25T20:08:50.000Z,SBO.12,UTILITY_CHECK_COMPLETED,SYSTEM_DATA_CHECK,,NOT_RUN,,,,"{""result_id"":""RES-AUTH-003-V1-SYSTEM_DATA_CHECK"",""case_run_id"":""AUTH-003"",""submission_version"":1,""sequence"":""5"",""agent_id"":""SBO.12"",""utility_name"":""System Data Check Agent"",""check_type"":""SYSTEM_DATA_CHECK"",""status"":""NOT_RUN"",""findings_json"":""{\""reason\"":\""Authority scope unresolved\""}"",""reason_codes"":"""",""evidence_references"":"""",""confidence"":""0"",""human_review_required"":false,""recommended_next_step"":""Await Authority Review"",""rule_ids"":"""",""rule_status_used"":""N/A"",""created_at"":""2026-09-29T04:12:43.304Z"",""superseded"":false,""id"":12,""createdAt"":""2026-09-29T04:12:25.854Z"",""updatedAt"":""2026-09-29T04:12:43.331Z""}",1586
EVT-AUTH-001-1-1790658305127,AUTH-001,1,2026-09-25T20:08:50.000Z,SBO.05,UTILITY_CHECK_COMPLETED,DOCUMENT_EXTRACTION,,PASS,,,documents/AUTH-001,"{""result_id"":""RES-AUTH-001-1"",""case_run_id"":""AUTH-001"",""submission_version"":1,""sequence"":""1"",""agent_id"":""SBO.05"",""utility_name"":""Document Extraction Agent"",""check_type"":""DOCUMENT_EXTRACTION"",""status"":""PASS"",""findings_json"":""{\""documents_expected\"":3,\""documents_present\"":3,\""missing\"":[],\""all_readable\"":true}"",""reason_codes"":"""",""evidence_references"":""documents/AUTH-001"",""confidence"":""0.98"",""human_review_required"":false,""recommended_next_step"":""Continue to business validation"",""rule_ids"":"""",""rule_status_used"":""CONFIRMED_POC"",""created_at"":""2026-09-29T05:05:05.024Z"",""superseded"":false,""id"":13,""createdAt"":""2026-09-29T05:05:05.050Z"",""updatedAt"":""2026-09-29T05:05:05.050Z""}",1589
EVT-AUTH-001-2-1790658307501,AUTH-001,1,2026-09-25T20:08:50.000Z,SBO.06,UTILITY_CHECK_COMPLETED,BUSINESS_VALIDATION,,PASS,,B,Business_Register row for AU-DEMO-BIZ-1001,"{""result_id"":""RES-AUTH-001-2"",""case_run_id"":""AUTH-001"",""submission_version"":1,""sequence"":""2"",""agent_id"":""SBO.06"",""utility_name"":""Business Validation Utility"",""check_type"":""BUSINESS_VALIDATION"",""status"":""PASS"",""findings_json"":""{\""lookup_status\"":\""SUCCESS\"",\""registration_status\"":\""ACTIVE\"",\""name_match\"":true,\""identifier_match\"":true}"",""reason_codes"":""BUSINESS_ACTIVE"",""evidence_references"":""Business_Register row for AU-DEMO-BIZ-1001"",""confidence"":""1"",""human_review_required"":false,""recommended_next_step"":""Continue to identity validation"",""rule_ids"":""REG-001"",""rule_status_used"":""CONFIRMED_POC"",""created_at"":""2026-09-29T05:05:07.413Z"",""superseded"":false,""id"":14,""createdAt"":""2026-09-29T05:05:07.431Z"",""updatedAt"":""2026-09-29T05:05:07.431Z""}",1590
EVT-AUTH-001-3-1790658311504,AUTH-001,1,2026-09-25T20:08:50.000Z,SBO.07,UTILITY_CHECK_COMPLETED,IDENTITY_VALIDATION,,PASS,,I,documents/AUTH-001/AUTH-001_Identity_Profile.pdf,"{""result_id"":""RES-AUTH-001-3"",""case_run_id"":""AUTH-001"",""submission_version"":1,""sequence"":""3"",""agent_id"":""SBO.07"",""utility_name"":""Identity & Authority Agent"",""check_type"":""IDENTITY_VALIDATION"",""status"":""PASS"",""findings_json"":""{\""name_match\"":true,\""identity_status\"":\""VALID_SYNTHETIC\"",\""expired\"":false}"",""reason_codes"":""IDENTITY_VERIFIED"",""evidence_references"":""documents/AUTH-001/AUTH-001_Identity_Profile.pdf"",""confidence"":""0.97"",""human_review_required"":false,""recommended_next_step"":""Continue to authority validation"",""rule_ids"":""ID-001"",""rule_status_used"":""CONFIRMED_POC"",""created_at"":""2026-09-29T05:05:11.419Z"",""superseded"":false,""id"":15,""createdAt"":""2026-09-29T05:05:11.440Z"",""updatedAt"":""2026-09-29T05:05:11.440Z""}",1591
EVT-AUTH-001-4-1790658314700,AUTH-001,1,2026-09-25T20:08:50.000Z,SBO.07,UTILITY_CHECK_COMPLETED,AUTHORITY_VALIDATION,,PASS,,A,documents/AUTH-001/AUTH-001_AUTHORITY_LETTER.pdf,"{""result_id"":""RES-AUTH-001-4"",""case_run_id"":""AUTH-001"",""submission_version"":1,""sequence"":""4"",""agent_id"":""SBO.07"",""utility_name"":""Identity & Authority Agent"",""check_type"":""AUTHORITY_VALIDATION"",""status"":""PASS"",""findings_json"":""{\""representative_named\"":true,\""account_management\"":true,\""service_ordering\"":true,\""contract_signing\"":true,\""scope\"":\""CLEAR\""}"",""reason_codes"":""AUTHORITY_SCOPE_CLEAR"",""evidence_references"":""documents/AUTH-001/AUTH-001_AUTHORITY_LETTER.pdf"",""confidence"":""0.97"",""human_review_required"":false,""recommended_next_step"":""Continue to system-data check"",""rule_ids"":""AUTH-003"",""rule_status_used"":""CONFIRMED_POC"",""created_at"":""2026-09-29T05:05:14.596Z"",""superseded"":false,""id"":16,""createdAt"":""2026-09-29T05:05:14.622Z"",""updatedAt"":""2026-09-29T05:05:14.622Z""}",1592
EVT-AUTH-001-5-1790658318451,AUTH-001,1,2026-09-25T20:08:50.000Z,SBO.12,UTILITY_CHECK_COMPLETED,SYSTEM_DATA_CHECK,,PASS,,,CRM_Accounts record for CUST-DEMO-AU-1001,"{""result_id"":""RES-AUTH-001-V1-SYSTEM_DATA_CHECK"",""case_run_id"":""AUTH-001"",""submission_version"":1,""sequence"":""5"",""agent_id"":""SBO.12"",""utility_name"":""System Data Check Agent"",""check_type"":""SYSTEM_DATA_CHECK"",""status"":""PASS"",""findings_json"":""{\""pid_count\"":1,\""legal_name_consistent\"":true,\""open_duplicate_request\"":false}"",""reason_codes"":"""",""evidence_references"":""CRM_Accounts record for CUST-DEMO-AU-1001"",""confidence"":""1"",""human_review_required"":false,""recommended_next_step"":""Continue to financial check"",""rule_ids"":"""",""rule_status_used"":""CONFIRMED_POC"",""created_at"":""2026-09-29T05:05:18.379Z"",""superseded"":false,""id"":17,""createdAt"":""2026-09-29T05:05:18.397Z"",""updatedAt"":""2026-09-29T05:05:18.397Z""}",1593
EVT-AUTH-001-6-1790658320398,AUTH-001,1,2026-09-25T20:08:50.000Z,SBO.09,UTILITY_CHECK_COMPLETED,FINANCIAL_CHECK,,PASS,,F,Financial_Records record(s) for CUST-DEMO-AU-1001,"{""result_id"":""RES-AUTH-001-6"",""case_run_id"":""AUTH-001"",""submission_version"":1,""sequence"":""6"",""agent_id"":""SBO.09"",""utility_name"":""Financial Checks Agent"",""check_type"":""FINANCIAL_CHECK"",""status"":""PASS"",""findings_json"":""{\""credit_hold\"":false,\""total_outstanding\"":0,\""policy_exception\"":false}"",""reason_codes"":""FINANCIAL_CHECK_CLEAR"",""evidence_references"":""Financial_Records record(s) for CUST-DEMO-AU-1001"",""confidence"":""1"",""human_review_required"":false,""recommended_next_step"":""Continue to final verification"",""rule_ids"":""FIN-001"",""rule_status_used"":""CONFIRMED_POC"",""created_at"":""2026-09-29T05:05:20.318Z"",""superseded"":false,""id"":18,""createdAt"":""2026-09-29T05:05:20.338Z"",""updatedAt"":""2026-09-29T05:05:20.338Z""}",1594
EVT-AUTH-001-7-1790658323842,AUTH-001,1,2026-09-25T20:08:50.000Z,SBO.10,UTILITY_CHECK_COMPLETED,FINAL_VERIFICATION,,PASS,,F,Mock final verification result for AUTH-001,"{""result_id"":""RES-AUTH-001-7"",""case_run_id"":""AUTH-001"",""submission_version"":1,""sequence"":""7"",""agent_id"":""SBO.10"",""utility_name"":""Compliance Agent"",""check_type"":""FINAL_VERIFICATION"",""status"":""PASS"",""findings_json"":""{\""status\"":\""SUCCESSFUL\"",\""fraud_flag\"":false,\""manual_verification_required\"":false}"",""reason_codes"":""FINAL_VERIFICATION_SUCCESSFUL"",""evidence_references"":""Mock final verification result for AUTH-001"",""confidence"":""1"",""human_review_required"":false,""recommended_next_step"":""Apply final approval rule"",""rule_ids"":""CMP-001"",""rule_status_used"":""CONFIRMED_POC"",""created_at"":""2026-09-29T05:05:23.752Z"",""superseded"":false,""id"":19,""createdAt"":""2026-09-29T05:05:23.771Z"",""updatedAt"":""2026-09-29T05:05:23.771Z""}",1595
EVT-AUTH-001-1-1790669587984,AUTH-001,1,2026-09-25T20:08:50.000Z,SBO.05,UTILITY_CHECK_COMPLETED,DOCUMENT_EXTRACTION,,PASS,,,documents/AUTH-001,"{""result_id"":""RES-AUTH-001-1"",""case_run_id"":""AUTH-001"",""submission_version"":1,""sequence"":""1"",""agent_id"":""SBO.05"",""utility_name"":""Document Extraction Agent"",""check_type"":""DOCUMENT_EXTRACTION"",""status"":""PASS"",""findings_json"":""{\""documents_expected\"":3,\""documents_present\"":3,\""missing\"":[],\""all_readable\"":true}"",""reason_codes"":"""",""evidence_references"":""documents/AUTH-001"",""confidence"":""0.98"",""human_review_required"":false,""recommended_next_step"":""Continue to business validation"",""rule_ids"":"""",""rule_status_used"":""CONFIRMED_POC"",""created_at"":""2026-09-29T08:13:07.881Z"",""superseded"":false,""id"":1,""createdAt"":""2026-09-29T08:13:07.906Z"",""updatedAt"":""2026-09-29T08:13:07.906Z""}",1598
EVT-AUTH-001-2-1790669591182,AUTH-001,1,2026-09-25T20:08:50.000Z,SBO.06,UTILITY_CHECK_COMPLETED,BUSINESS_VALIDATION,,PASS,,B,Business_Register row for AU-DEMO-BIZ-1001,"{""result_id"":""RES-AUTH-001-2"",""case_run_id"":""AUTH-001"",""submission_version"":1,""sequence"":""2"",""agent_id"":""SBO.06"",""utility_name"":""Business Validation Utility"",""check_type"":""BUSINESS_VALIDATION"",""status"":""PASS"",""findings_json"":""{\""lookup_status\"":\""SUCCESS\"",\""registration_status\"":\""ACTIVE\"",\""name_match\"":true,\""identifier_match\"":true}"",""reason_codes"":""BUSINESS_ACTIVE"",""evidence_references"":""Business_Register row for AU-DEMO-BIZ-1001"",""confidence"":""1"",""human_review_required"":false,""recommended_next_step"":""Continue to identity validation"",""rule_ids"":""REG-001"",""rule_status_used"":""CONFIRMED_POC"",""created_at"":""2026-09-29T08:13:11.109Z"",""superseded"":false,""id"":2,""createdAt"":""2026-09-29T08:13:11.133Z"",""updatedAt"":""2026-09-29T08:13:11.133Z""}",1599
EVT-AUTH-001-3-1790669593861,AUTH-001,1,2026-09-25T20:08:50.000Z,SBO.07,UTILITY_CHECK_COMPLETED,IDENTITY_VALIDATION,,PASS,,I,documents/AUTH-001/AUTH-001_Identity_Profile.pdf,"{""result_id"":""RES-AUTH-001-3"",""case_run_id"":""AUTH-001"",""submission_version"":1,""sequence"":""3"",""agent_id"":""SBO.07"",""utility_name"":""Identity & Authority Agent"",""check_type"":""IDENTITY_VALIDATION"",""status"":""PASS"",""findings_json"":""{\""name_match\"":true,\""identity_status\"":\""VALID_SYNTHETIC\"",\""expired\"":false}"",""reason_codes"":""IDENTITY_VERIFIED"",""evidence_references"":""documents/AUTH-001/AUTH-001_Identity_Profile.pdf"",""confidence"":""0.97"",""human_review_required"":false,""recommended_next_step"":""Continue to authority validation"",""rule_ids"":""ID-001"",""rule_status_used"":""CONFIRMED_POC"",""created_at"":""2026-09-29T08:13:13.794Z"",""superseded"":false,""id"":3,""createdAt"":""2026-09-29T08:13:13.814Z"",""updatedAt"":""2026-09-29T08:13:13.814Z""}",1600
EVT-AUTH-001-4-1790669598327,AUTH-001,1,2026-09-25T20:08:50.000Z,SBO.07,UTILITY_CHECK_COMPLETED,AUTHORITY_VALIDATION,,PASS,,A,documents/AUTH-001/AUTH-001_AUTHORITY_LETTER.pdf,"{""result_id"":""RES-AUTH-001-4"",""case_run_id"":""AUTH-001"",""submission_version"":1,""sequence"":""4"",""agent_id"":""SBO.07"",""utility_name"":""Identity & Authority Agent"",""check_type"":""AUTHORITY_VALIDATION"",""status"":""PASS"",""findings_json"":""{\""representative_named\"":true,\""account_management\"":true,\""service_ordering\"":true,\""contract_signing\"":true,\""scope\"":\""CLEAR\""}"",""reason_codes"":""AUTHORITY_SCOPE_CLEAR"",""evidence_references"":""documents/AUTH-001/AUTH-001_AUTHORITY_LETTER.pdf"",""confidence"":""0.97"",""human_review_required"":false,""recommended_next_step"":""Continue to system-data check"",""rule_ids"":""AUTH-003"",""rule_status_used"":""CONFIRMED_POC"",""created_at"":""2026-09-29T08:13:18.255Z"",""superseded"":false,""id"":4,""createdAt"":""2026-09-29T08:13:18.274Z"",""updatedAt"":""2026-09-29T08:13:18.274Z""}",1601
EVT-AUTH-001-5-1790669603846,AUTH-001,1,2026-09-25T20:08:50.000Z,SBO.12,UTILITY_CHECK_COMPLETED,SYSTEM_DATA_CHECK,,PASS,,,CRM_Accounts record for CUST-DEMO-AU-1001,"{""result_id"":""RES-AUTH-001-V1-SYSTEM_DATA_CHECK"",""case_run_id"":""AUTH-001"",""submission_version"":1,""sequence"":""5"",""agent_id"":""SBO.12"",""utility_name"":""System Data Check Agent"",""check_type"":""SYSTEM_DATA_CHECK"",""status"":""PASS"",""findings_json"":""{\""pid_count\"":1,\""legal_name_consistent\"":true,\""open_duplicate_request\"":false}"",""reason_codes"":"""",""evidence_references"":""CRM_Accounts record for CUST-DEMO-AU-1001"",""confidence"":""1"",""human_review_required"":false,""recommended_next_step"":""Continue to financial check"",""rule_ids"":"""",""rule_status_used"":""CONFIRMED_POC"",""created_at"":""2026-09-29T08:13:23.742Z"",""superseded"":false,""id"":5,""createdAt"":""2026-09-29T08:13:23.765Z"",""updatedAt"":""2026-09-29T08:13:23.765Z""}",1602
EVT-AUTH-001-6-1790669606733,AUTH-001,1,2026-09-25T20:08:50.000Z,SBO.09,UTILITY_CHECK_COMPLETED,FINANCIAL_CHECK,,PASS,,F,Financial_Records record(s) for CUST-DEMO-AU-1001,"{""result_id"":""RES-AUTH-001-6"",""case_run_id"":""AUTH-001"",""submission_version"":1,""sequence"":""6"",""agent_id"":""SBO.09"",""utility_name"":""Financial Checks Agent"",""check_type"":""FINANCIAL_CHECK"",""status"":""PASS"",""findings_json"":""{\""credit_hold\"":false,\""total_outstanding\"":0,\""policy_exception\"":false}"",""reason_codes"":""FINANCIAL_CHECK_CLEAR"",""evidence_references"":""Financial_Records record(s) for CUST-DEMO-AU-1001"",""confidence"":""1"",""human_review_required"":false,""recommended_next_step"":""Continue to final verification"",""rule_ids"":""FIN-001"",""rule_status_used"":""CONFIRMED_POC"",""created_at"":""2026-09-29T08:13:26.628Z"",""superseded"":false,""id"":6,""createdAt"":""2026-09-29T08:13:26.653Z"",""updatedAt"":""2026-09-29T08:13:26.653Z""}",1603
EVT-AUTH-001-7-1790669611702,AUTH-001,1,2026-09-25T20:08:50.000Z,SBO.10,UTILITY_CHECK_COMPLETED,FINAL_VERIFICATION,,PASS,,F,Mock final verification result for AUTH-001,"{""result_id"":""RES-AUTH-001-7"",""case_run_id"":""AUTH-001"",""submission_version"":1,""sequence"":""7"",""agent_id"":""SBO.10"",""utility_name"":""Compliance Agent"",""check_type"":""FINAL_VERIFICATION"",""status"":""PASS"",""findings_json"":""{\""status\"":\""SUCCESSFUL\"",\""fraud_flag\"":false,\""manual_verification_required\"":false}"",""reason_codes"":""FINAL_VERIFICATION_SUCCESSFUL"",""evidence_references"":""Mock final verification result for AUTH-001"",""confidence"":""1"",""human_review_required"":false,""recommended_next_step"":""Apply final approval rule"",""rule_ids"":""CMP-001"",""rule_status_used"":""CONFIRMED_POC"",""created_at"":""2026-09-29T08:13:31.614Z"",""superseded"":false,""id"":7,""createdAt"":""2026-09-29T08:13:31.633Z"",""updatedAt"":""2026-09-29T08:13:31.633Z""}",1604
EVT-AUTH-003-1-1790669679195,AUTH-003,1,2026-09-25T20:08:50.000Z,SBO.05,UTILITY_CHECK_COMPLETED,DOCUMENT_EXTRACTION,,PASS,,,documents/AUTH-003,"{""result_id"":""RES-AUTH-003-1"",""case_run_id"":""AUTH-003"",""submission_version"":1,""sequence"":""1"",""agent_id"":""SBO.05"",""utility_name"":""Document Extraction Agent"",""check_type"":""DOCUMENT_EXTRACTION"",""status"":""PASS"",""findings_json"":""{\""documents_expected\"":3,\""documents_present\"":3,\""missing\"":[],\""all_readable\"":true}"",""reason_codes"":"""",""evidence_references"":""documents/AUTH-003"",""confidence"":""0.98"",""human_review_required"":false,""recommended_next_step"":""Continue to business validation"",""rule_ids"":"""",""rule_status_used"":""CONFIRMED_POC"",""created_at"":""2026-09-29T08:14:39.115Z"",""superseded"":false,""id"":8,""createdAt"":""2026-09-29T08:14:39.135Z"",""updatedAt"":""2026-09-29T08:14:39.135Z""}",1607
EVT-AUTH-003-2-1790669682327,AUTH-003,1,2026-09-25T20:08:50.000Z,SBO.06,UTILITY_CHECK_COMPLETED,BUSINESS_VALIDATION,,PASS,,B,Business_Register row for AU-DEMO-BIZ-1002,"{""result_id"":""RES-AUTH-003-2"",""case_run_id"":""AUTH-003"",""submission_version"":1,""sequence"":""2"",""agent_id"":""SBO.06"",""utility_name"":""Business Validation Utility"",""check_type"":""BUSINESS_VALIDATION"",""status"":""PASS"",""findings_json"":""{\""lookup_status\"":\""SUCCESS\"",\""registration_status\"":\""ACTIVE\"",\""name_match\"":true,\""identifier_match\"":true}"",""reason_codes"":""BUSINESS_ACTIVE"",""evidence_references"":""Business_Register row for AU-DEMO-BIZ-1002"",""confidence"":""1"",""human_review_required"":false,""recommended_next_step"":""Continue to identity validation"",""rule_ids"":""REG-001"",""rule_status_used"":""CONFIRMED_POC"",""created_at"":""2026-09-29T08:14:42.234Z"",""superseded"":false,""id"":9,""createdAt"":""2026-09-29T08:14:42.252Z"",""updatedAt"":""2026-09-29T08:14:42.252Z""}",1608
EVT-AUTH-003-3-1790669684347,AUTH-003,1,2026-09-25T20:08:50.000Z,SBO.07,UTILITY_CHECK_COMPLETED,IDENTITY_VALIDATION,,PASS,,I,documents/AUTH-003/AUTH-003_Identity_Profile.pdf,"{""result_id"":""RES-AUTH-003-3"",""case_run_id"":""AUTH-003"",""submission_version"":1,""sequence"":""3"",""agent_id"":""SBO.07"",""utility_name"":""Identity & Authority Agent"",""check_type"":""IDENTITY_VALIDATION"",""status"":""PASS"",""findings_json"":""{\""name_match\"":true,\""identity_status\"":\""VALID_SYNTHETIC\"",\""expired\"":false}"",""reason_codes"":""IDENTITY_VERIFIED"",""evidence_references"":""documents/AUTH-003/AUTH-003_Identity_Profile.pdf"",""confidence"":""0.97"",""human_review_required"":false,""recommended_next_step"":""Continue to authority validation"",""rule_ids"":""ID-001"",""rule_status_used"":""CONFIRMED_POC"",""created_at"":""2026-09-29T08:14:44.249Z"",""superseded"":false,""id"":10,""createdAt"":""2026-09-29T08:14:44.269Z"",""updatedAt"":""2026-09-29T08:14:44.269Z""}",1609
EVT-AUTH-003-4-1790669687060,AUTH-003,1,2026-09-25T20:08:50.000Z,SBO.07,UTILITY_CHECK_COMPLETED,AUTHORITY_VALIDATION,,INCONCLUSIVE,,A,documents/AUTH-003/AUTH-003_AUTHORITY_LETTER.pdf,"{""result_id"":""RES-AUTH-003-4"",""case_run_id"":""AUTH-003"",""submission_version"":1,""sequence"":""4"",""agent_id"":""SBO.07"",""utility_name"":""Identity & Authority Agent"",""check_type"":""AUTHORITY_VALIDATION"",""status"":""INCONCLUSIVE"",""findings_json"":""{\""representative_named\"":true,\""account_enquiries\"":true,\""service_ordering\"":false,\""contract_signing\"":false,\""scope\"":\""AMBIGUOUS\""}"",""reason_codes"":""AUTHORITY_SCOPE_AMBIGUOUS"",""evidence_references"":""documents/AUTH-003/AUTH-003_AUTHORITY_LETTER.pdf"",""confidence"":""0.94"",""human_review_required"":false,""recommended_next_step"":""Route to Authority Review"",""rule_ids"":""AUTH-004"",""rule_status_used"":""CONFIRMED_POC"",""created_at"":""2026-09-29T08:14:46.985Z"",""superseded"":false,""id"":11,""createdAt"":""2026-09-29T08:14:47.006Z"",""updatedAt"":""2026-09-29T08:14:47.006Z""}",1610
EVT-AUTH-003-FILE-EVIDENCE-1790669761777,AUTH-003,1,2026-09-29T08:16:01.779Z,CUSTOMER_SYNTHETIC,ADDITIONAL_EVIDENCE_RECEIVED,EVIDENCE_COLLECTION,WAITING_FOR_EVIDENCE,EVIDENCE_RECEIVED,,CUSTOMER_FILE_EVIDENCE_RECEIVED,EVIDENCE-AUTH-003-1790669761616,"{""evidence_id"":""EVIDENCE-AUTH-003-1790669761616"",""evidence_request_id"":""EVID-AUTH-003-V1-1790669715152"",""case_run_id"":""AUTH-003"",""submission_version"":1,""evidence_type"":""OTHER"",""evidence_source"":""FILE_UPLOAD"",""file_name"":""AUTH-003_AUTHORITY_LETTER.pdf"",""mime_type"":""application/pdf"",""storage_url"":"""",""evidence_text"":""ANZ B2B AGENT PROTOTYPE - SYNTHETIC DOCUMENT Pack v1.0\nSYNTHETIC POC DATA - NOT A REAL DOCUMENT\nNo legal validity. No real person, business, identifier, address, or government record is represented. Page 1\nAuthorised Representative Letter\nSYNTHETIC POC DATA ONLY - NOT A REAL CUSTOMER, BUSINESS, IDENTITY, GOVERNMENT RECORD,\nCREDIT RESULT, OR LEGAL DOCUMENT.\nCompany \nBluegum Vector Demo Pty Ltd\nSynthetic business identifier \nAU-DEMO-BIZ-1002\nIssue date \n2026-08-15\nSubmission version \n1\nRepresentative \nLiam Chen\nRepresentative role \nOffice Manager\nTo: B2B Telecommunications Operations - Prototype\nLiam Chen is authorised to manage day-to-day telecommunications enquiries, communicate with the service provider,\nand coordinate account administration.\nPrototype note: The letter does not explicitly mention ordering services or signing/approving commitments.\nSigned for and on behalf of the company:\nOlivia Martin - Demo Director\nSynthetic signature reference: SIGN-DEMO-001"",""structured_data_json"":""{\""evidence_notes\"":\""\"",\""extracted_character_count\"":976}"",""validation_status"":""RECEIVED"",""confidence"":0,""provided_at"":""2026-09-29T08:16:01.617Z"",""superseded"":false}",1612
EVT-AUTH-003-EVIDENCE-RESOLUTION-1790669783898,AUTH-003,1,2026-09-29T08:16:23.901Z,SBO.02,ADDITIONAL_EVIDENCE_REQUIRED,EVIDENCE_RESOLUTION,RECEIVED,INSUFFICIENT,EVID-002,ADDITIONAL_EVIDENCE_INSUFFICIENT,EVIDENCE-AUTH-003-1790669761616,"{""result_id"":""RES-AUTH-003-V1-AUTHORITY_VALIDATION"",""case_run_id"":""AUTH-003"",""submission_version"":1,""sequence"":4,""agent_id"":""SBO.02"",""utility_name"":""Evidence Resolution Utility"",""check_type"":""AUTHORITY_VALIDATION"",""status"":""INCONCLUSIVE"",""findings"":{""evidence_resolution"":true,""evidence_request_id"":""EVID-AUTH-003-V1-1790669715152"",""resolution_status"":""PARTIAL"",""resolved"":false,""supported_facts"":[""The submitted letter explicitly authorises Liam Chen to manage day-to-day telecommunications enquiries."",""The submitted letter explicitly authorises Liam Chen to communicate with the service provider."",""The submitted letter explicitly authorises Liam Chen to coordinate account administration."",""The submitted letter is signed for and on behalf of the company by 'Olivia Martin - Demo Director' (signature block present in the document).""],""remaining_gaps"":[""No explicit authority clause granting Liam Chen permission to order services on behalf of Bluegum Vector Demo Pty Ltd."",""No explicit authority clause granting Liam Chen permission to approve plan changes."",""No explicit authority clause granting Liam Chen permission to sign or approve telecom commercial commitments (orders, contracts, or financial commitments)."",""The evidence does not contain an exact/revised authority clause that explicitly enumerates the requested ordering/approval/signing permissions.""],""evidence_count"":1},""reason_codes"":[""ADDITIONAL_EVIDENCE_INSUFFICIENT"",""AUTHORITY_SCOPE_AMBIGUOUS"",""MISSING_AUTHORITY_CLAUSE""],""evidence_references"":[""EVIDENCE-AUTH-003-1790669761616""],""confidence"":0.8,""human_review_required"":false,""recommended_next_step"":""Request a revised authority document or exact authority clause that explicitly grants Liam Chen the following permissions: order services, approve plan changes, and sign/approve telecom commitments. The document should be signed by an authorised company signatory (e.g., director or company officer) and clearly list the requested permissions."",""rule_ids"":[""EVID-002""],""rule_status_used"":""CONFIRMED_POC"",""is_terminal"":true,""terminal_outcome"":""NEED_MORE_INFORMATION"",""evidence_request_id"":""EVID-AUTH-003-V1-1790669715152"",""resolution_status"":""PARTIAL"",""current_attempt_count"":1,""max_attempts"":3,""retry_allowed"":true,""escalation_required"":false,""evidence_request_status"":""INSUFFICIENT""}",1613
EVT-AUTH-003-FILE-EVIDENCE-1790669812390,AUTH-003,1,2026-09-29T08:16:52.392Z,CUSTOMER_SYNTHETIC,ADDITIONAL_EVIDENCE_RECEIVED,EVIDENCE_COLLECTION,WAITING_FOR_EVIDENCE,EVIDENCE_RECEIVED,,CUSTOMER_FILE_EVIDENCE_RECEIVED,EVIDENCE-AUTH-003-1790669812222,"{""evidence_id"":""EVIDENCE-AUTH-003-1790669812222"",""evidence_request_id"":""EVID-AUTH-003-V1-1790669715152"",""case_run_id"":""AUTH-003"",""submission_version"":1,""evidence_type"":""OTHER"",""evidence_source"":""FILE_UPLOAD"",""file_name"":""AUTH-003_REVISED_AUTHORITY_LETTER_APPROVAL_PATH.pdf"",""mime_type"":""application/pdf"",""storage_url"":"""",""evidence_text"":""ANZ B2B AGENT PROTOTYPE - SYNTHETIC DOCUMENT\nRevised Authorised Representative Letter\nSYNTHETIC POC DATA ONLY - NOT A REAL CUSTOMER, BUSINESS, IDENTITY, GOVERNMENT RECORD, CREDIT RESULT,\nOR LEGAL DOCUMENT.\nCompany Bluegum Vector Demo Pty Ltd\nSynthetic business identifier AU-DEMO-BIZ-1002\nCase reference AUTH-003\nSubmission version 1\nIssue date 2026-09-29\nValid until 2027-09-28\nAuthorised representative Liam Chen\nRepresentative role Office Manager\nTo: B2B Telecommunications Operations - Prototype\nBluegum Vector Demo Pty Ltd hereby appoints and expressly authorises Liam Chen to act on behalf of the company for\nthe telecommunications permissions stated below.\nExplicit authority scope\n1. Order new telecommunications services, including new service connections, product orders, and associated service\nrequests.\n2. Approve commercial commitments associated with those services, including quoted charges, service terms, and\napproved commercial conditions.\n3. Request and approve service or plan changes, including additions, removals, migrations, upgrades, downgrades,\nand other authorised service changes.\n4. Execute and sign telecommunications service agreements and related service-order documentation on behalf of\nBluegum Vector Demo Pty Ltd.\nAuthority confirmation\nThis authority applies specifically to authorised-representative case AUTH-003. The permissions above are intentional,\ncurrent, and are not limited to general enquiries or account administration.\nFor this synthetic POC, this revised letter supersedes the earlier synthetic authority letter that allowed day-to-day\nenquiries and account administration but did not explicitly grant service-ordering or agreement-signing authority.\nCompany declaration\nThe undersigned synthetic company officer confirms that Liam Chen is authorised to exercise all permissions listed above\nduring the validity period of this document.\nSigned for and on behalf of the company Olivia Martin - Demo Director\nSynthetic signature reference SIGN-DEMO-003-REV1\nSynthetic approval reference AUTH-003-APPROVAL-PATH-001\nPrototype note: Intentionally drafted to resolve AUTHORITY_SCOPE_AMBIGUOUS in the AUTH-003 synthetic test case. Not a real legal instrument."",""structured_data_json"":""{\""evidence_notes\"":\""\"",\""extracted_character_count\"":2202}"",""validation_status"":""RECEIVED"",""confidence"":0,""provided_at"":""2026-09-29T08:16:52.222Z"",""superseded"":false}",1614
EVT-AUTH-003-EVIDENCE-RESOLUTION-1790669836546,AUTH-003,1,2026-09-29T08:17:16.549Z,SBO.02,ADDITIONAL_EVIDENCE_REQUIRED,EVIDENCE_RESOLUTION,RECEIVED,ACCEPTED,EVID-001,ADDITIONAL_EVIDENCE_ACCEPTED,EVIDENCE-AUTH-003-1790669761616; EVIDENCE-AUTH-003-1790669812222,"{""result_id"":""RES-AUTH-003-V1-AUTHORITY_VALIDATION"",""case_run_id"":""AUTH-003"",""submission_version"":1,""sequence"":4,""agent_id"":""SBO.02"",""utility_name"":""Evidence Resolution Utility"",""check_type"":""AUTHORITY_VALIDATION"",""status"":""PASS"",""findings"":{""evidence_resolution"":true,""evidence_request_id"":""EVID-AUTH-003-V1-1790669715152"",""resolution_status"":""RESOLVED"",""resolved"":true,""supported_facts"":[""A revised Authorised Representative Letter was submitted with issue date 2026-09-29 and validity until 2027-09-28."",""The revised letter names Liam Chen as the authorised representative and lists his role as Office Manager."",""The revised letter contains explicit authority clauses granting Liam Chen the following permissions: (1) order new telecommunications services, (2) approve commercial commitments including quoted charges and service terms, (3) request and approve service or plan changes (additions, removals, migrations, upgrades, downgrades), and (4) execute and sign telecommunications service agreements and related service-order documentation."",""The revised letter states the authority applies specifically to authorised-representative case AUTH-003 and that it supersedes the earlier letter that only covered day-to-day enquiries and account administration."",""The revised letter is signed for and on behalf of the company by Olivia Martin - Demo Director and includes a synthetic approval reference AUTH-003-APPROVAL-PATH-001.""],""remaining_gaps"":[],""evidence_count"":2},""reason_codes"":[""ADDITIONAL_EVIDENCE_ACCEPTED"",""REVISED_AUTHORITY_LETTER_PRESENT"",""EXPLICIT_AUTHORITY_CLAUSES"",""AUTHORITY_SCOPE_AMBIGUOUS_RESOLVED""],""evidence_references"":[""EVIDENCE-AUTH-003-1790669761616"",""EVIDENCE-AUTH-003-1790669812222""],""confidence"":0.9,""human_review_required"":false,""recommended_next_step"":""Accept the revised authority letter as satisfying the requested 'Exact authority clause or revised authority document' for case AUTH-003. Proceed to grant Liam Chen the explicitly listed permissions (ordering services; approving commercial commitments; requesting/approving plan changes; executing/signing agreements) for the document's validity period and retain the revised letter in the case file."",""rule_ids"":[""EVID-001""],""rule_status_used"":""CONFIRMED_POC"",""is_terminal"":false,""terminal_outcome"":"""",""evidence_request_id"":""EVID-AUTH-003-V1-1790669715152"",""resolution_status"":""RESOLVED"",""current_attempt_count"":2,""max_attempts"":3,""retry_allowed"":false,""escalation_required"":false,""evidence_request_status"":""ACCEPTED""}",1615
EVT-AUTH-003-5-1790669844798,AUTH-003,1,2026-09-25T20:08:50.000Z,SBO.12,UTILITY_CHECK_COMPLETED,SYSTEM_DATA_CHECK,,NOT_RUN,,,,"{""result_id"":""RES-AUTH-003-V1-SYSTEM_DATA_CHECK"",""case_run_id"":""AUTH-003"",""submission_version"":1,""sequence"":""5"",""agent_id"":""SBO.12"",""utility_name"":""System Data Check Agent"",""check_type"":""SYSTEM_DATA_CHECK"",""status"":""NOT_RUN"",""findings_json"":""{\""reason\"":\""Authority scope unresolved\""}"",""reason_codes"":"""",""evidence_references"":"""",""confidence"":""0"",""human_review_required"":false,""recommended_next_step"":""Await Authority Review"",""rule_ids"":"""",""rule_status_used"":""N/A"",""created_at"":""2026-09-29T08:17:24.718Z"",""superseded"":false,""id"":12,""createdAt"":""2026-09-29T08:17:24.744Z"",""updatedAt"":""2026-09-29T08:17:24.744Z""}",1616
EVT-AUTH-003-5-1790669850660,AUTH-003,1,2026-09-25T20:08:50.000Z,SBO.12,UTILITY_CHECK_COMPLETED,SYSTEM_DATA_CHECK,,NOT_RUN,,,,"{""result_id"":""RES-AUTH-003-V1-SYSTEM_DATA_CHECK"",""case_run_id"":""AUTH-003"",""submission_version"":1,""sequence"":""5"",""agent_id"":""SBO.12"",""utility_name"":""System Data Check Agent"",""check_type"":""SYSTEM_DATA_CHECK"",""status"":""NOT_RUN"",""findings_json"":""{\""reason\"":\""Authority scope unresolved\""}"",""reason_codes"":"""",""evidence_references"":"""",""confidence"":""0"",""human_review_required"":false,""recommended_next_step"":""Await Authority Review"",""rule_ids"":"""",""rule_status_used"":""N/A"",""created_at"":""2026-09-29T08:17:30.574Z"",""superseded"":false,""id"":12,""createdAt"":""2026-09-29T08:17:24.744Z"",""updatedAt"":""2026-09-29T08:17:30.592Z""}",1617
EVT-AUTH-003-5-1790669858108,AUTH-003,1,2026-09-25T20:08:50.000Z,SBO.12,UTILITY_CHECK_COMPLETED,SYSTEM_DATA_CHECK,,NOT_RUN,,,,"{""result_id"":""RES-AUTH-003-V1-SYSTEM_DATA_CHECK"",""case_run_id"":""AUTH-003"",""submission_version"":1,""sequence"":""5"",""agent_id"":""SBO.12"",""utility_name"":""System Data Check Agent"",""check_type"":""SYSTEM_DATA_CHECK"",""status"":""NOT_RUN"",""findings_json"":""{\""reason\"":\""Authority scope unresolved\""}"",""reason_codes"":"""",""evidence_references"":"""",""confidence"":""0"",""human_review_required"":false,""recommended_next_step"":""Await Authority Review"",""rule_ids"":"""",""rule_status_used"":""N/A"",""created_at"":""2026-09-29T08:17:38.024Z"",""superseded"":false,""id"":12,""createdAt"":""2026-09-29T08:17:24.744Z"",""updatedAt"":""2026-09-29T08:17:38.048Z""}",1618